Product ID,sku,Product name,Total click count
8.83E+12,PBEL6000,Platform Bed / Bed Frame - Queen,37
8.83E+12,PBEL7800,Platform Bed / Bed Frame - King,33
9.13E+12,AJCQ14DWJ,"GE AJCQ14DWJ 26"" Built-In Thru the Wall Smart Air Conditioner with 3-Speed Fan,Electronic Cap Touch Controls, Large LCD Auto-Dimming Display,and Cooling BTU of 14,000 BTU,R32,9.3 EER, 230/208v/1ph",26
9.13E+12,AJCQ10AWJ,"GE AJCQ10AWJ 26"" Built-In Thru the Wall Smart Air Conditioner with 3-Speed Fan, Electronic Touch Controls, and  Cooling Capacity of  10,000 BTU, 10.6 EER, R32, 115v/1ph",26
9.13E+12,AJCQ12DWJ,"GE AJCQ12DWJ 26"" Built-In Thru the Wall Smart Air Conditioner with 3-Speed Fan, Large LCD Auto-Dimming Display, Electronic Cap Touch Controls, and Cooling Capacity of 12,000 BTU, R32, 10.5 EER, 230/208v/1ph",23
9.13E+12,AKCQ12ACJ,"GE AKCQ12ACJ 24"" Built-In Thru-the-Wall Air Conditioner with 3-Speed Fan, Large LCD Display, Cooling Capacity of 12,000 BTU, 10.5 EER, R32, 115v",21
9.13E+12,AKEQ14DCJ,"GE AKEQ14DCJ 24"" Built-In Thru the Wall Air Conditioner with 3-Speed Fan, 6-Way Directional Airflow, and Cooling Capacity of 14,000 BTU, 9.3 EER, R32, 230/208v",20
9.13E+12,AKCQ14DCJ,"GE AKCQ14DCJ 24"" Built-In Thru-the-Wall Air Conditioner with 3-speed Fan, Large LCD Display, and Infrared Remote Control, Cooling Capacity of 14,000 BTU, 9.3 EER, R32, 230/208v",18
8.98E+12,SGCO-1,"Serv-Ware SGCO-1 38.11” Stainless Steel Single-Deck Convection Oven, Gas, 54,000 BTU/H",18
8.82E+12,EFT-32,"Winco EFT-32 Electric Twin Well Fryer, 32 Lbs Capacity, 120V",18
8.82E+12,XDBCBP-6,"Hospitality 1 Source XDBCBP-6 Transporter Bellman's Cart — Brass- 6"" pneumatic wheels",17
9.13E+12,AJCQ10DWJ,"GE AJCQ10DWJ 26"" Thru the Wall Smart Air Conditioner with 3-Speed Fan, Electronic Cap Touch Controls, Large LCD Auto-Dimming Display, and Cooling Capacity of 10,000 BTU, 10.6 EER, R32, 230/208v/1ph",16
8.98E+12,SGR-6B,"Serv-Ware SGR-6B 36"" Stainless Steel 6 Burner Range with 2 Ovens, Natural Gas, 31,000 BTU",16
9.13E+12,AKCQ08ACJ,"GE AKCQ08ACJ 24"" Built-In Thru the Wall Air Conditioner with 3-Speed Fan, Large LCD Display, and Cooling Capacity of : 8,000 BTU, 10.6 EER, R32, 115v/1ph",15
9.13E+12,AJEM12DWJ,"GE AJEM12DWJ 26"" Thru the Wall Smart Air Conditioner with 3-Speed Fan, Electronic Touch Controls, and Cooling Capacity of 12,000 BTU, R32,10.5 EER,230/208v/1ph",15
8.81E+12,ICEU226A,"Ice-O-Matic ICEU226A ICE Series™ 24.54"" Full Cube Undercounter Ice Machine With 100 lbs Bin, 241 lbs/day, 208/230v",15
9.13E+12,AJCQ12AWJ,"GE AJCQ12AWJ 26"" Built-In Thru the Wall Smart Air Conditioner with 3-Speed Fan,Electronic Touch Controls, Auto-Dimming Display, and Cooling Capacity of 12,000 BTU, R32,  10.5 EER, 115v/1ph",14
9.13E+12,AJCQ08AWJ,"GE AJCQ08AWJ 26"" Thru the Wall Smart Air Conditioner with 3-Speed Fan, Electronic Touch Controls, Auto-Dimming Display, and Cooling Capacity of 8,200 BTU, 10.6 EER, R32, 115v/1ph",14
9.05E+12,XAFT-03HS-GD,Cadco Bakerlux Station XAFT-03HS-GD 3-Shelf Half Size Heavy-Duty Digital Countertop Convection Oven with GO Control Panel - 120V,14
9.13E+12,AJEQ14DWJ,"GE AJEQ14DWJ 26"" Built-In Thru-the-Wall Smart Air Conditioner with  3-Speed Fan, Electronic Cap Touch Controls, and 13,800 BTU Cooling Capacity, R-32, 230/208v/1ph",13
9.13E+12,AKCQ12DCJ,"GE AKCQ12DCJ 24"" Built-In Thru-the-Wall Air Conditioner with 3-Speed Fan, Large LCD Display, Infrared Remote Control, and Cooling Capacity of 12,000 BTU, 10.5 EER, R32, 230/208v/1ph",12
8.98E+12,SMGS-36,"Serv-Ware SMGS-36  35.98"" Stainless Steel Manual Griddle with 3 Burners. Natural Gas,30,000 BTU/H",12
8.96E+12,MK-48RF-2Section,"2 Section Solid Door Commercial Refrigerator and Freezer Combo, 48"", 36 Cu.ft",12
8.96E+12,IM90B,"Commercial Undercounter Ice Machine with Bin, 20'', 100 lb.",12
8.83E+12,PBEL5400,Platform Bed / Bed Frame - Full XL,12
8.81E+12,951,"Wundermaxx Rechargeable Cordless Round Table Lamp Gold, 9 X 21 cm",12
9.13E+12,AJEQ08AWJ,"GE AJEQ08AWJ 26"" Thru the Wall Smart Air Conditioner with 1.4 kW Electric Heat Kit and Cooling Capacity of 8,000 BTU, 10.8 EER,R32, 115v/1ph",11
8.99E+12,5458,"Taylor 5458 Mercury Filled Min / Max Thermometer, -40 to 120F",11
8.96E+12,IM180,"Commercial Undercounter Air Cooled Ice Machine With Bin, 26'', 110 V, 200 lb.",11
8.94E+12,BMSDDP1,"BakeMax BMSDDP1 2 Section Reach-In Proofing Cabinet For BMS Series Ovens, 150 Lb.",11
8.93E+12,CSTEA-3,"Atosa CSTEA-3 1500W/120V Electric Steam Table, 3 Open Wells",11
8.93E+12,ATFS-40-LP,"Atosa ATFS-40-LP 40 lb, CookRite Fryer Liquid Propane Gas Floor Model",11
8.81E+12,GDM-33-HC-LD,"True GDM-33-HC-LD 40"" GDM Series Powder Coated Steel 2 Section Glass Door Merchandiser, 2 Sliding Doors, Black, 115v/1ph",11
8.81E+12,MAPPI19SEM01ND0001,Nuova Simonelli Appia Life 1GR Semi-Automatic Espresso Machine - 110V,11
9.16E+12,ICE400-BD,"USR Brands ICE400-BD 22"" Ice Dispensing Ice Machine with 150 lb Ice Bin Dispenser 400 lbs and Digital Temperature Controls, Stainless Steel, R290, 115v/1ph",10
9.13E+12,AJCM10AWJ,"GE AJCM10AWJ 26"" Built-In Thru the Wall Smart Air Conditioner with 3-Speed Fan, Electronic Cap Touch Controls, and Cooling Capacity of 10,000 BTU, 10.6 EER, R32,115v/1ph",10
9.02E+12,DHP093A35AA,"Amana DHP093A35AA Distinctions 42"" Packaged Terminal Air Conditioner Unit with 3.5 kW Heat Strip and Cooling Capacity of 9,000 BTU, R410A, 11.4 EER, Quiet White,208/230v",10
8.98E+12,RF2-HC ,"Serv-Ware RF2-HC 53.9” Stainless Steel Two Door Reach-In Freezer, 49 cu.ft",10
8.95E+12,1005143,Demeyere 1005143 Atlantis 5.5-qt Stainless Steel Steamer Insert with Silicone Gasket,10
8.93E+12,ATFS-50-NG,Atosa ATFS-50-NG 50 lb CookRite Fryer Natural Gas Floor Model,10
9.13E+12,AKCQ10DCJ,"GE AKCQ10DCJ 24"" Thru the Wall Air Conditioner with 3-Speed Fan, Large LCD Display, Infrared Remote Control,  and Cooling Capacity of 10,000 BTU, 10.6 EER, R32, 230/208v",9
9.13E+12,AJCM12DWJ,"GE AJCM12DWJ 26"" Built-In High Mount Thru the Wall Smart Air Conditioner with 10.5 kW Electric Heat Kit and Cooling Capacity of 12,000 BTU, R32,10.5 EER,230/208v/1ph",9
9.02E+12,WS900QW,"Amana WS900QW 42"" Galvanized Insulated Steel PTAC Wall Sleeve, Quiet White Color",9
8.98E+12,SGF-40N,"Serv-Ware SGF-40N 15.5” Stainless Steel 3 Tube Fryer, Natural Gas, 30,000 BTU/H",9
8.95E+12,1006610,"Ballarini 1006610 Professionale - Series 3000 11"" Carbon Steel Fry Pan",9
8.94E+12,BMCB001,"BakeMax BMCB001 18.75"" Electric Conveyor Oven, Countertop, 180 Pieces/Hour",9
8.93E+12,CTCO-100,"Atosa CTCO-100 26"" x 17"" 7/10  Countertop Convection Oven Full Size 208V 5450W",9
8.93E+12,ATSP-18-1L,"Atosa ATSP-18-1L 18"" Stock Pot Stove with 2 Burners",9
8.93E+12,ATFS-50-LP,"Atosa ATFS-50-LP 50 lb, CookRite Fryer Liquid Propane Gas Floor Model",9
8.92E+12,C-SP72-18-HC,Migali C-SP72-18-HC Eighteen Pans 72” Wide Standard Top Sandwich Prep Table Refrigerator,9
8.81E+12,MMUSICAVOL01ND0001,Nuova Simonelli Musica Pour Over Espresso Machine - 110 V,9
8.81E+12,ICEU220HA,"Ice-O-Matic ICEU220A 24.5"" Undercounter Cube Ice Machine With 70 lbs Bin, 251 lb Production, 115v",9
9.13E+12,AJCM12DCH,"GE AJCM12DCH 26"" Slide-In Smart Air Conditioner with Smart Fan Switch, Electronic Controls, and Cooling Capacity of 12,000 BTU, 10.5 EER, R410A,230/208v/1ph",8
9.02E+12,DHP153A35AA,"Amana DHP153A35AA Distinctions 42"" Packaged Terminal Air Conditioner Unit with 3.5 kW Heat Strip and Cooling Capacity of 14,700 BTU, R410A, 10.6 EER, Quiet White,208/230v",8
8.98E+12,SGF-70N,"Serv-Ware SGF-70N 21"" Stainless Steel 5 tube Fryer, Natural Gas, 30,000 BTU/H",8
8.93E+12,MCF8703ES,"Atosa MCF8703ES 54.4"" Bottom Mount Freezer, 2 Two Glass Door 44.8 Cu.Ft",8
8.83E+12,201182,Stage Steps L 100 x W 54 x H 40 cm,8
8.82E+12,RBM-35K-R,"Winco RBM-35K-R Black Beveled Edges Rubber Floor Mat, 3' x 5' x 1/2""",8
8.82E+12,71000,"Winco 71000 Benchmark Snow Bank Snow Cone Machine, 120 V",8
8.81E+12,D400- CAP 365 lbs,Manitowoc D400 Storage Bin For Ice 365 lb.,8
8.81E+12,UCG130GA,"Ice-O-Matic UCG130GA 18 1/4"" Air Cooled Undercounter Gourmet Grande Cube Ice Machine With 121 lbs Bin, 1 Phase, 115V",8
8.81E+12,ICEU150HA,"Ice-O-Matic ICEU150A 24.6"" Undercounter Cube Ice Machine With 70 lbs Bin, 238 lb Production,  115v",8
9.13E+12,AKEQ12DCJ,"GE AKEQ12DCJ 24"" Built-In Thru the Wall Air Conditioner with  3-Speed Fan, Large LCD Display, 6-Way Directional Airflow,and Cooling Capacity of 12,000 BTU, 9.5 EER, R32, 230/208v",7
9.13E+12,AKCQ10ACJ,"GE AKCQ10ACJ 24"" Built-In Thru-the-Wall Air Conditioner with 3-speed Fan, Large LCD Display, Infrared Remote Control, and Cooling Capacity of 10,000 BTU, 10.6 EER, R32, 115v/1ph",7
9.13E+12,AJEQ12DWJ,"GE AJEQ12DWJ 26"" Built-In Thru Wall Smart Air Conditioner with 3-Speed Fan, Electronic Cap Touch Controls, and Cooling Capacity of 12,000 BTU, 9.5 EER, R32,230/208v/1ph",7
9.13E+12,AJCQ06LWJ,"GE AJCQ06LWJ 26""  Thru the Wall Smart Air Conditioner with 3-Speed Fan, Electronic Cap Touch Controls,and Cooling Capacity of 6,300 BTU, 11.1 EER, R32, 115v/1ph",7
9.05E+12,MM-10,"Yanco MM-10 Miami 6.38"" Grapefruit Round Bowl, White Porcelain, 11.5oz - Pack of 36",7
9.02E+12,DCP153A35AA,"Amana DCP153A35AA Distinctions 42"" Packaged Terminal Air Conditioner Unit with 5kW Heat Strip and Cooling Capacity of 14,700 BTU, R410A, 10.6 EER, Quiet White,208/230v",7
8.96E+12,MK-48RF-3Section,"3 Section Solid Door Reach-in Commercial Refrigerator and Freezer Combo, 72"", Stainless Steel, - 54 Cu.ft",7
8.94E+12,BMPME20,"BakeMax BMPME20 21.25"" Countertop Planetary Mixer, 20 Qt",7
8.92E+12,C-1RB-HC,Migali C-1RB-HC Bottom Mount Reach-In Double Door 35 cu/ft Refrigerator,7
8.92E+12,C-2F-HC,Migali C-2F-HC Top Mount Reach-In Double Door 49 cu/ft Freezer,7
8.83E+12,GDM-05-S-HC-TSL01,"True GDM-05-S-HC-TSL01 24"" Stainless Steel Countertop Display Refrigerator with Hydrocarbon Refrigerant 115v/1ph",7
8.82E+12,SPJH-6HL,"Stainless Steel Anti-Jam Half Long Steam Pan, 22 Gauge",7
8.82E+12,FW-S500,"Winco FW-S500 Electric Food Warmer, 20"" x 12"" Opening, 1200W, 120V",7
8.82E+12,51096,"Winco 51096 Benchmark Stainless Steel Food Warmer 12"" x 20"", 120v",7
8.82E+12,FW-L600,"Winco FW-L600 Electric Food Warmer with 27"" x 12"" Opening, 1500W, 120V, 4/3 Size",7
8.82E+12,ESG-1,"Winco ESG-1 Sandwich Grill with Single 14"" Flat Plate, 120V",7
8.82E+12,EMP-10,Winco EMP-10 Commercial Planetary Mixer 10 Liters,7
8.82E+12,11147,"Winco 11147 Benchmark Silver Screen Popcorn Machine with 14 oz Kettle, 120v",7
8.82E+12,2934VCP35,Libbey 2934VCP35 12 oz. Flashback Rocks / Double Old Fashioned Glass - Case of 12 Pcs,7
8.82E+12,PLFB001,"Thunder Group PLFB001 21-3/4"" x 17"" x 5"" Polypropylene Square Colander",7
8.81E+12,T-49-HC,"True T-49-HC 54 1/8"" Solid Door with 2 Sections Reach-In Refrigerator, Silver, 115v/1ph",7
8.81E+12,UYF0140A-161B,"Manitowoc UYF-0140A NEO 26"" Air Cooled Undercounter Half Dice Cube Ice Machine with 90 lb. Bin, 115V, 137 lb.",7
8.81E+12,IDT0300W-161,"Manitowoc IDT0300W-161 Indigo NXT 30"" Water Cooled Full Dice Cube Ice Machine Without Storage Bin, 115V, 305 lbs/day",7
8.81E+12,37540,Hamilton Beach 37540 Proctor Silex Commercial 40-Cup Electric Rice Cooker/Warmer,7
8.80E+12,026-0090.0000,American Dish AF-3D-S Upright 2-Door Low Temp Dish Machine with Single Rack,7
9.13E+12,XS500YX,"Coldline XS500YX 58"" Curved Glass Top Display Ice Cream Freezer, 17.7 cu. Ft., 115v/1ph",6
9.13E+12,AJEM12DCH,"GE AJEM12DCH 26"" Built-in Thru-the-Wall Wall-mount Air Conditioners with 3-Speed Fan, 6-Way Directional Airflow, Premium Guard Seacoast Protection, and 12,000 BTU Cooling Capacity,R410A, 9.7,230/208v/1ph",6
9.07E+12,1025F0A,"Midea 1025F0A 20.13""  Commercial Microwave Oven with Manual Controls, Stainless Steel, 120v/1ph, 1000W, 0.9cu. ft.",6
9.05E+12,JP-3001,"Yanco JP-3001 Japanese 4.13"" Hexagonal Dish in Sand Melamine, 8oz - Pack of 48",6
9.05E+12,MM-9,"Yanco MM-9 Miami 9.75"" Round Plate, White Porcelain - Pack of 24",6
9.05E+12,XAFT-04HS-TD,Cadco Bakerlux Station XAFT-04HS-TD 4-Shelf Half Size Heavy-Duty Digital Countertop Convection Oven with Touch Control Panel - 208-240V,6
9.02E+12,DHP123A35AA,"Amana DHP123A35AA Distinctions 42"" Packaged Terminal Air Conditioner Unit with 3.5kW Heat Strip and Cooling Capacity of 12,000 BTU, R410A, 10.5 EER, Quiet White,208/230v",6
9.02E+12,DHP093A25AA,"Amana DHP093A25AA Distinctions 42"" Packaged Terminal Air Conditioner Unit with 2.5 kW Heat Strip and Cooling Capacity of 9,000 BTU, R410A, 11.4 EER,Quiet White,208/230v",6
8.98E+12,RR1-HC,"Serv-Ware RR1-HC 26.8' Stainless Steel 1 Solid Door Reach-In Refrigerator, 115v/1ph, 23 cu.ft",6
8.98E+12,RUTM1-4,Roomwell UK Thermo Minibar 1.4 Cu Ft Energy Efficient Absorption Refrigerator with Cyclopentane Insulation,6
8.93E+12,HD350-AP-161,"Atosa  HD350-AP-161 23"" Hotel Ice Dispenser Head 350 LB / 24 HR with Storage Bin 160 Lbs",6
8.93E+12,MSF8305GR,"Atosa MSF8305GR 27.5"" Mega Top Sandwich Prep Table, 12 Pans 7.2 Cu.Ft",6
8.93E+12,MSF8301GR,"Atosa MSF8301GR 27.5"" Sandwich Prep Table, 8 Pans 7.2 Cu.Ft",6
8.83E+12,BTCR10896K,Top Sheets Crinkle Wave 108 x 96 - King,6
8.82E+12,FW-S600,"Winco FW-S600 Electric Food Warmer/Cooker with 20"" x 12"" Opening, 1500W, 120V",6
8.82E+12,POP-8B,"Winco POP-8B Show Time Black Electric Countertop Popcorn Machine 120V, 1130W",6
8.82E+12,ECT-300,"Winco ECT-300 Spectrum Electric Conveyor Toaster, 120V, 300 Slices per Hour",6
8.82E+12,11065,"Winco 11065 Benchmark Metropolitan Popcorn Machine with 6 Oz Kettle, 120 V",6
8.82E+12,PLDB182603PP,"Thunder Group PLDB182603PP 18"" x 26"" x 3"" Polypropylene Pizza Dough Box White",6
8.81E+12,GDM-69FC-HC-LD,"True GDM-69FC-HC-LD 78 1/8"" GDM Series 3 Section Floral Cooler with Sliding Door, White, 115v/1ph",6
8.81E+12,UYP0140A-251Z,"Manitowoc UYP0140A-251Z Neo 26"" Air Cooled Undercounter Ice Machine With 90 lbs Bin, Half Dice Cube, Air Cooled, 230/50/1",6
8.81E+12,UDF0140A-161B,"Manitowoc UDF0140A NEO 26"" Air Cooled Undercounter Full Dice Ice Machine with 90 lb. Bin, 115V, 135 lb.",6
8.81E+12,UDE0065A-251Z,"Manitowoc UDE0065A-251Z NEO 20"" Air Cooled Undercounter Ice Machine with 57 lbs Bin",6
8.81E+12,UDE0065A-161B,"Manitowoc UDE0065A NEO Air Cooled Undercounter Dice Cube Ice Machine with 31 lbs Bin, 115V, 57 lb.",6
8.81E+12,MAURE18SEM03ND0001,Nuova Simonelli Aurelia Wave Semi-Automatic 3GR Espresso Machine - 220V,6
8.81E+12,MPROTFTCAP21000003 + NUOVART117,Nuova Simonelli Prontobar Touch Espresso Coffee Machine with Grinder - 220 V,6
8.81E+12,BDC-HC-8,"Beverage-Air BDC-HC-8 Hydrocarbon Series 50"" Ice Cream Dipping Cabinet",6
8.81E+12,BDC-HC-12,"Beverage-Air BDC-HC-12 Hydrocarbon Series 68"" Ice Cream Dipping Cabinet",6
8.81E+12,ACP4SQ,"Arctic Air ACP4SQ 15"" 4 Pan Countertop Compact Prep Unit",6
8.81E+12,ACP55,"Arctic Air ACP55 55"" Ten Pan Stainless Steel Counter Top Prep Unit",6
9.16E+12,HD350-AP-161,"Atosa HD350-AP-161 23"" Ice Machine with 160 lb Ice Bin, Stainless Steel, 350 lbs, R290, 115v/1ph",5
9.05E+12,JP-3545,"Yanco JP-3545 Japanese 5"" Round Sauce Bowl with Handle in Sand Melamine, 10oz - Pack of 48",5
9.05E+12,JP-3005,"Yanco JP-3005 Japanese 4.75"" Round Jingdu Bowl in Sand Melamine, 10oz - Pack of 48",5
9.05E+12,JP-3003,"Yanco JP-3003 Japanese 5.5"" Round Soup Bowl in Sand Melamine, 12oz - Pack of 48",5
9.05E+12,JP-1312,"Yanco JP-1312 Japanese 12"" Round Plate in Sand Melamine - Pack of 12",5
9.05E+12,LY-2112,"Yanco LY-2112 Lyon 12 X 8 1/4"" X 1 1/4"" Coupe Platter, Porcelain, Reactive Glaze, Pack of 12",5
9.02E+12,SGK01**,"Amana SGK01** 2"" Aluminum Single pack stamped Exterior Grille, Quite White and Stonewood Beige",5
8.98E+12,SMGS-48,"Serv-Ware SMGS-48 47.99"" Stainless Steel Manual Griddle with 4 Burners, Gas, 30,000 BTU/H",5
8.95E+12,1006609,"Ballarini 1006609 9 1/2"" Professionale Series 3000 Fry Pan, Carbon Steel",5
8.94E+12,JBT-72-N,"Turbo Air JBT-72-N 70-7/8"" 3 Section J Series Refrigerated Buffet Table, 18 cu. Ft., 115/60/1",5
8.94E+12,BMMSM08,"BakeMax BMMSM08 23.5"" Meat Slicer Manual Gravity Feed, 12"" Blade, 120/60/1",5
8.93E+12,MSF3610GR,"Atosa MSF3610GR 36.32"" Refrigerated Standard Top Sandwich Prep Table 8.7 Cu. Ft",5
8.93E+12,SSTW-3036,"Atosa SSTW-3036 36"" 18 Gauge Stainless Steel Work Table with Undershelf",5
8.93E+12,YR140-AP-161,"Atosa YR140-AP-161 23.7"" Ice Machine with Built-In Ice Bin, 142 lbs/day",5
8.93E+12,MGF8454GR,"Atosa MGF8454GR 76"" Four Drawer Refrigerated Chef Base, Extended Top 12.1 Cu.Ft",5
8.93E+12,MWF9007,"Atosa MWF9007 38"" Solid Top Chest Freezer, 7 cu.ft",5
8.93E+12,MWF9016GR,"Atosa MWF9016GR 60 1/4"" Solid Top Chest Freezer, 16 cu.ft",5
8.92E+12,C-3FB-HC,Migali C-3FB-HC Bottom Mount Reach-In Triple Door 72 cu/ft Freezer,5
8.91E+12,PTC173J35AXXX,"Amana PTC173J35AXXX 16,700 BTU Packaged Terminal Air Conditioner with Electric Heater, 20 AMP, and NEMA 6-20 LCDI Cord",5
8.86E+12,BGCB-2212,"Winco BGCB-2212 Premium X-Large Insulated Catering Bag, 22"" x 22"" x 12""",5
8.83E+12,REFNFR2601,Roomwell UK 2.6 Cu.Ft Mini Fridge Without Freezer,5
8.83E+12,201116,"Duke Relax Aluminium Banquet Chair with Upright Flex Back, Lightweight, Webbed Seat With Lumbar Support, Stackable",5
8.83E+12,RFB7538,Metal Rollaway Bed with Mattress,5
8.82E+12,SLSSD003,"Thunder Group SLSSD003 3-1/2 oz, 3-3/4"" Diameter x 1-1/2"" Height, Sherbet Dish, Footed, Stainless Steel, Mirror Finished",5
8.82E+12,GTP-25,"Winco GTP-25 Teapot, 25 oz. Glass Liner with Removable Stainless Steel Strainer, PP Exterior, Black",5
8.82E+12,KBG-8,"Winco KBG-8 Knife Roll, 8 Slots",5
8.82E+12,SVM-3,"Winco SVM-3 Stainless Steel Food Mill with 3 Graters, 8""",5
8.82E+12,C-2080B,"Winco C-2080B Stainless Steel Get-A-Grip Chafing Dish, 8 Qt",5
8.82E+12,201,"Winco 201 Malibu Gold Accent Stainless Steel Chafer, 8 Qt",5
8.82E+12,RC-P301,"Winco RC-P301 30 Cups Electric Rice Cooker, 120V",5
8.82E+12,RC-S301,"Winco RC-S301 30 Cups Electric Rice Cooker/Warmer, 120V",5
8.82E+12,ECO-250,"Winco ECO-250 Quarter-Size Countertop Convection Oven, 0.8 Cubic Feet, 120V, 1440W",5
8.82E+12,ECT-700,"Winco ECT-700 Spectrum Electric Conveyor Toaster, 700 Slices per Hour",5
8.82E+12,PLBT505WPF,"Thunder Group PLBT505WPF 20-1/2"" x 15-1/2"" x 5? Polypropylene Perforated Bus Box White",5
8.82E+12,PLBT005W,"Thunder Group PLBT005W 20-1/2"" x 15-1/2"" x 5"" Polyethylene Bus Box White",5
8.81E+12,TCGG-72-HC-LD,"True TCGG-72-HC-LD 72 1/4""  White Powder-coated Steel Curved Refrigerated Deli Case with Hydrocarbon Refrigerant and LED Lighting,White, 115v/1ph",5
8.81E+12,T-49F-HC,"True T-49F-HC 54 1/8"" Aluminum Two Section Solid Door Reach-In Freezer, 115v/1ph",5
8.81E+12,T-35-HC,"True T-35-HC 39 1/2"" Aluminum 2 Section Reach In Refrigerator with 2 Left/Right Hinge Solid Doors, 115v/1ph",5
8.81E+12,D970 - CAP 882 lbs,Manitowoc D970 Storage Bin For Ice 882 lb.,5
8.81E+12,CL50 NODISC,"Robot Coupe CL50 Food Processor without Discs, 120 V, 1 1/2 hp",5
8.81E+12,MOSCAIITEM01ND0002,Nuova Simonelli Oscar II Direct Professional Espresso Coffee Machine - 110 V,5
8.81E+12,MAPPC19VOL02ND0003,Nuova Simonelli Appia Life Compact Vol 2GR Espresso Machine with Autosteam - 220V,5
8.81E+12,UCG100A,"Ice-O-Matic UCG100A 18"" Air Cooled Undercounter Gourmet Cube Ice Machine With 114 lbs Bin, 1 Phase, 115V",5
8.81E+12,45060R,"Hamilton Beach 45060R Proctor Silex 60-Cup Coffee Urn/Percolator, 1090W",5
8.81E+12,SB14R,"Southbend SB14R 15.6"" Stainless Steel Fryer, Natural Gas, 122,000 BTU",5
8.81E+12,65300K,"Arctic Air 65300K 56"" - 61"" ((Side - Side) Tempered Glass Top Cover for ACP55",5
9.14E+12,55UN560H0UARBX,"LG 55UN560H0UA 55"" 4K UHD Hospitality TV with Pro: Centric with Integrated Pro: Idiom, 2-channel Speaker System, Remote Diagnostics, Hybrid Log-Gamma (HLG), HDR 10 Pro, 4K Active HDR, and Security Lock Slot",4
9.13E+12,SD54,"Coldline SD54 54"" Flat Glass Top Ice Cream Freezer with Sliding Doors, 13 cu. Ft., 115v/1ph",4
9.13E+12,AKEQ10DCJ,"GE AKEQ10DCJ 24"" Thru the Wall Air Conditioner with 3-Speed Fan, Large LCD Display,  6-Way Directional Airflow, Remote Control, and Cooling Capacity of 10,000 BTU, 9.6 EER, R32, 230/208v",4
9.13E+12,AJHQ12DWH,"GE AJHQ12DWH 26"" Built-In Heat Pump Room Air Conditioners with 6-Way Directional Airflow, Smart Fan Switch, and Cooling Capacity of 11,800 BTU, 9.6 EER, R410A 230/208v/1ph",4
9.05E+12,MS-005BU,"Yanco MS-005BU Milestone 5.5"" Round Plate with Blue Melamine & Wide Rim - Pack of 48",4
9.05E+12,MM-15,"Yanco MM-15 Miami 6"" Nappie Bowl, White Porcelain, 12.5oz - Pack of 36",4
9.05E+12,MM-11,"Yanco MM-11 Miami 5.25"" Fruit Round Bowl, White Porcelain, 5.5oz - Pack of 36",4
9.05E+12,LY-2110,"Yanco LY-2110 Lyon 10 X 7"" X 1"" Coupe Platter, Porcelain, Reactive Glaze, Pack of 24",4
9.05E+12,BP-2212,"Yanco BP-2212 Black pearl-1 5.5"" Black Melamine Rectangular Plate with Matting Finish, Pack of 24",4
9.05E+12,BM-110,"Yanco BM-110 Birmingham 10 1/4"" Melamine Round Plate, Pack of 24",4
9.05E+12,NA-414BK,"Yanco NA-414BK Nature Art 3 1/2"" Black Melamine Rectangular Long Tray, Pack of 36",4
9.05E+12,WTBS-12P,Cadco WTBS-12P Electric Buffet Server with Clear Lid - 120V,4
9.05E+12,WTBS-3RT,Cadco WTBS-3RT 3-Compartment Third Size Electric Buffet Server with Roll Top Lid - 120V,4
9.02E+12,DCP123A35AA,"Amana DCP123A35AA Distinctions 42"" Packaged Terminal Air Conditioner Unit Air Conditioner with 3.5 kW Heat Strip and Cooling Capacity of 12,000 BTU, R-410A, 10.7 EER, Quiet White, 208/230v",4
9.02E+12,WS900QW-SC,"Amana WS900QW-SC 42"" Insulated Galvanized Steel Wall Sleeve with Sea Coast Protection, Quiet White Color",4
9.02E+12,WS900QW-GS,"Amana WS900QW 42"" Galvanized Insulated Steel PTAC Wall Sleeve with Sound Attenuating Insulation, Quiet White Color",4
8.96E+12,BBC-215BH,"Back Bar Cooler Beverage Refrigerator With 2 Glass Doors, 7.4 Cu.Ft",4
8.95E+12,ETF3,"Everest Refrigeration ETF3 71 1/8"" Side Mount Solid Door Undercounter Freezer, 115 V, 1 Phase, 60 Hz",4
8.95E+12,1001163,"Ballarini 1001163 Nero Spatula, Small",4
8.95E+12,1003242,"Staub 1003242 10"" Domed Glass Lid for Cast Iron Cookware",4
8.95E+12,1004713,"Staub 1004713 Cast Iron 0.25-qt Round Cast Iron Cocotte, Burnt Orange",4
8.94E+12,TFS-11F-N,"Turbo Air TFS-11F-N 40"" Horizontal Top Open Display Freezer, 13.77 cu. Ft., 115/60/1",4
8.94E+12,BMCBS01,"BakeMax BMCBS01 18.9"" Titan Series Electric Bone Saw, Countertop, 120v/60/1",4
8.94E+12,BMTSC14,"BakeMax BMTSC14 14"" Titan Series Heated Warmer/Display Case, Countertop, 800 watts",4
8.94E+12,BMPM020,"BakeMax BMPM020 20"" Countertop Planetary Mixer, 20 Qt",4
8.94E+12,BMSM120,"BakeMax BMSM120 Spiral Dough Mixer, 265 Lb, 190 Qt Bowl",4
8.93E+12,CHDS-71,"Atosa CHDS-71 35.38"" Countertop Heated Square Display Case 7.1  Cu. Ft",4
8.93E+12,ATFS-75-NG,Atosa ATFS-75-NG 75 lb CookRite Fryer Natural Gas Floor Model,4
8.93E+12,ACHP-6,"Atosa ACHP-6 36"" Heavy Duty Countertop Range, Hot Plate with 6 Burners 192,000 BTU",4
8.93E+12,CTD-3,"Atosa CTD-3 18.13"" Countertop Display Refrigerator 2.4  Cu.Ft",4
8.93E+12,CRDC-46,"Atosa CRDC-46 35.4"" Curved Glass Countertop Refrigerated Display Case  4.6 Cu.Ft",4
8.93E+12,MPF8202GR,"Atosa MPF8202GR 67"" Pizza Prep Table, 9 Pans 18.5 Cu.Ft",4
8.93E+12,MBF8505GR,"Atosa MBF8505GR 27"" Reach-In Bottom Mount Refrigerator, 1 One Door, 19 Cu.Ft",4
8.92E+12,5635,"Forbes Industries 5635 18.75"" Hardwood Flambe Cart Electronic Ignition",4
8.92E+12,4873-8,"Forbes Industries 4873-8 96"" Mobile Bar With Two Stainless Steel Sinks Rounded Front Laminated Cabinet",4
8.92E+12,C-72RM-HC,Migali C-72RM-HC Triple Glass Door Merchandiser 72 cu/ft Refrigerator,4
8.92E+12,C-1FB-HC,Migali C-1FB-HC Bottom Mount Reach-In Single Door 23 cu/ft Freezer,4
8.90E+12,BCF107TG,"Bellman's Cart W/ 8"" Non-Marking Wheels Titanium Gold",4
8.83E+12,62124,"Wok Station L 45 x W 80 cm, High Temperature Resistant, Scratch Resistant. Safety Borderline, Non Slip. Retractable Wire",4
8.83E+12,PSN-2,"Winco PSN-2 Syrup Pitchers, 24pcs/pk, Plastic, 2oz",4
8.83E+12,51000,"Winco 51000 Benchmark 100 Quart Food Warmer with Three Signs, 120v",4
8.83E+12,BTCA-1222R,"CAC China BTCA-1222R BagTec Dlv. Bag Catering Red 22x22x12"" Case of 6 Pcs",4
8.83E+12,BMSC-0812,"CAC China BMSC-0812 Baking Mat Silicone 11-3/4x8-1/4"" /Each",4
8.83E+12,CES-3,"CAC China CES-3 Rim Soup Plate N.R. #7 10 Oz 9"" Case of 24 Pcs",4
8.82E+12,SCRP-12,"Winco SCRP-12 Grill Scraper, Aluminium",4
8.82E+12,WOK-34,"Winco WOK-34 14"" Carbon Steel Wok, Integrated Handle, Black",4
8.82E+12,SBS-21,"Winco SBS-21 Silicone Baking Mat, Two Third-size 14-7/16"" x 20-1/2""",4
8.82E+12,RBMI-33K,"Winco RBMI-33K Black Interlocking Rubber Floor Mat, 3' x 3'",4
8.82E+12,72701,Winco 72701 Benchmark Snow Cone Paper Cup Dispenser,4
8.82E+12,RBM-35K,"Winco RBM-35K Black Beveled Edges Rubber Floor Mat, 3' x 5' x 1/2""",4
8.82E+12,KBP-S,Winco KBP-S Backpack with Inner Knife Case Set,4
8.82E+12,RW-S451,"Winco RW-S451 Electric Rice Warmer, 100 Cups, 120V",4
8.82E+12,EFS-16,"Winco EFS-16 Electric Countertop Single Well Fryer 16 Lbs Capacity, 120V",4
8.82E+12,VEXS-1848,"Winco VEXS-1848 4-Tier Epoxy Coated Wire Shelving Set, 18"" x 48"" x 72""",4
8.82E+12,603,"Winco 603 Madison Stainless Steel Oval Roll-top Chafer, 8 Qt",4
8.82E+12,EPG-2,"Winco EPG-2 Double Panini Grill with 9"" Ribbed Plates, 120V",4
8.82E+12,EGD-36M,"Winco EGD-36M 36"" Spectrum Electric Countertop Griddle, 240 V",4
8.82E+12,EMW-1800AT,"Winco EMW-1800AT Silver Commercial-Grade Microwave Oven, 1.2 Cubic Feet, 1800W",4
8.82E+12,EMP-20,"Winco EMP-20 Commercial-Grade Planetary Mixer with Hub, 20 Liters",4
8.82E+12,5724,"Libbey 5724 10 oz. Round Glass Coffee Mug , Case of 36 Pcs",4
8.82E+12,5352,"Libbey 5352 14 oz. Square Tempo Customizable Warm Beverage Mug , Case of 12 Pcs",4
8.82E+12,15232,Libbey 15232 10 oz. Gibraltar Rocks / Old Fashioned Glass - Case of 36 Pcs,4
8.82E+12,SLWT42436F,"Thunder Group SLWT42436F 36"" Stainless Steel Flat Top Worktable with Rounded Edges",4
8.82E+12,SLRCF001F,"Thunder Group SLRCF001F 23-3/5"" x 13-4/5"" Stainless Steel Full Size Folding Stand Chafer Set",4
8.82E+12,SLCF001,"Thunder Group SLCF001 4.5"" Stainless Steel Cylinder Coffee Dripper Set, Silver",4
8.82E+12,SEJ50000T,"Thunder Group SEJ50000T 12-3/5"" Dia 30 Cups Electric Rice Cooker, Teflon Coating,1780W",4
8.82E+12,SEJ50000,"Thunder Group SEJ50000 17"" Aluminum 30 Cups Electric Rice Cooker/Warmer, 1780W",4
8.82E+12,PLTHTB020B,Thunder Group PLTHTB020B 20 oz Traditional Blue Tumbler Pack of 12,4
8.82E+12,PLPA7160CS,Thunder Group PLPA7160CS Polycarbonate Clear Slotted Cover For Sixth Size Food Pan,4
8.82E+12,PLFB004,"Thunder Group PLFB004 15-1/4"" x 12-1/4"" x 3-3/4"" Polypropylene Square Colander",4
8.82E+12,PLFB003,"Thunder Group PLFB003 18"" x 13-3/4"" x 4-1/2"" Polypropylene Square Colander",4
8.82E+12,ALSP1826,"Thunder Group ALSP1826 Aluminum 18"" x 26"" Full Size Sheet Pan",4
8.82E+12,ALDN2036,"Thunder Group ALDN2036 36"" Aluminum Heavy-Duty Dunnage Rack, Silver",4
8.81E+12,TSSU-60-16-HC,"True TSSU-60-16-HC 60"" TSSU Series 2 Door Refrigerated Sandwich Sandwich/Salad Prep Table with Refrigerated Base, 115v/1ph",4
8.81E+12,TS-72F-HC,"True TS-72F-HC 78.13"" Stainless Steel Three Section Reach In Freezer, 3 Solid Doors, 115v/1ph",4
8.81E+12,GDM-72-HC-TSL01,"True GDM-72-HC-TSL01 78 1/8"" GDM Series (3) Left/Right Hinge Doors Merchandiser with LED Lighting, White, 115v/1ph",4
8.81E+12,GDM-69-HC-LD,"True GDM-69-HC-LD 78.13"" GDM Series 3 Section Glass Door Merchandiser, (3) Sliding Doors, White & Black, 115v/1ph",4
8.81E+12,USE0050A-161,"Manitowoc USE0050A-161 CrystalCraft 15"" Air Cooled Undercounter Square Cube Ice Machine with 25 lb. Bin, 115V, 45 lbs/day",4
8.81E+12,UNK0200AZ-251,"Manitowoc UNK0200AZ 19.69"" Air Cooled Nugget Ice Machine with 30 lb Bin, 145 lbs/day, 230V",4
8.81E+12,UDP0140A-251Z,"Manitowoc UDP0140A-251Z NEO 26"" Air Cooled Undercounter Ice Machine with 90 lbs Bin",4
8.81E+12,R199  (Robot Cart),Robot Coupe R199 Robo-Cart,4
8.81E+12,BLIXER4,"Robot Coupe BLIXER4 Stainless Steel 4.5 L Batch Bowl Food Processor, 120 V, 1 1/2 hp",4
8.81E+12,MOSCAIITEM01ND0001,Nuova Simonelli Oscar II Pour Over Professional Espresso Coffee Machine - 110 V,4
8.81E+12,MAURE18VT302ND0001,Nuova Simonelli Aurelia Wave T3 2GR Espresso Coffee Machine - 220 V,4
8.81E+12,B40PS,"Ice-O-Matic B40PS 30"" Ice Bin With Top-Hinged Slope Front Door 344 lbs",4
8.81E+12,WF60B-01,"Hoshizaki WF60B-01 60"" Steelheart Stainless Steel Freezer with 2 Sections & 2 Doors, 115v",4
8.81E+12,KM-901MAJ,"Hoshizaki KM-901MAJ 30"" Crescent Cube Ice Machine Head Without Storage Bin, 905 lb/24 hr, Air Cooled, 208/230v/1ph",4
8.81E+12,KM-231BAJ,"Hoshizaki KM-231BAJ 24"" Air Cooled Undercounter Crescent Cube Ice Machine with Bin, 213 lb.",4
8.81E+12,F-330BAJ,"Hoshizaki F-330BAJ 24"" F Series  Air Cooled Flake Ice Machine with Bin 80 lb Storage, 115v",4
8.81E+12,F-1002MRJZ-C,"Hoshizaki F-1002MRJZ-C 22"" Remote-cooled Cubelet Icemaker Head Without Storage Bin",4
8.81E+12,AM-50BAJ,"Hoshizaki AM-50BAJ 14 7/8"" Top Hat Undercounter Ice Machine - 51 lbs/day, Air Cooled, Gravity Drain, 115v",4
8.81E+12,HCU100S,"Hamilton Beach HCU100S Double Wall Stainless Steel 100 Cups Coffee Urn , 1440W",4
8.81E+12,45040R,"Hamilton Beach 45040R Proctor Silex 40-Cup Coffee Urn/Percolator, 1090W",4
8.81E+12,951,"Wundermaxx Rechargeable Cordless Traditional Table Lamp Black, 10 X 28 cm",4
8.81E+12,ADD60R-2,"Arctic Air ADD60R-2 60"" Kegerator, Direct Draw Double Door Beer Refrigerator",4
8.80E+12,016-0090.0000,American Dish AFB_ Bakery Rack Single Rack Upright Dish Machine,4
9.14E+12,55UN560H0UA,"LG 55UN560H0UA 55"" 4K UHD Hospitality TV with Pro: Centric with Integrated Pro: Idiom, Remote Diagnostics, EzManager, Hybrid Log-Gamma (HLG), HDR 10 Pro, 4K Active HDR, and Multi IR function",3
9.13E+12,AJEQ10DWJ,"GE AJEQ10DWJ 26"" Built-In Thru-the-Wall Smart Air Conditioner with  3-Speed Fan, Electronic Cap Touch Controls, and  Cooling Capacity of 10,000 BTU, 9.6 EER, R32, 230v/208/1ph",3
9.13E+12,AJCQ12ACH,"GE AJCQ12ACH 26"" Thru-the-Wall Smart Air Conditioner with Smart Fan Switch, Electronic Capture Controls, Auto-Dimming Display, and 12,000 BTU, 10.5 EER, R410A, 115v/1ph",3
9.13E+12,AJCQ08AWH,"GE AJCQ08AWH 26"" Thru-the-Wall Smart Air Conditioner with WiFi powered by SmartHQ, Smart Fan Switch, Touch Controls, and Cooling Capacity of 8,300 BTU, 10.6 EER, R410A, 115v/1ph",3
9.13E+12,AJCM10DWJ,"GE AJCM10DWJ 26"" Built-In High Mount Thru the Wall Smart Air Conditioner with  3-Speed Fan, Electronic Cap Touch Controls, and Cooling Capacity of 10,000 BTU, 10.6 EER. R32, 230/208v/1ph",3
9.13E+12,PZE07K3SB,"ZoneAire Select PZE07K3SB 42"" PTAC Unit with 3.6 kW Electric Heat Kit and Cooling Capacity of 7,000 BTU, 12.0 EER, 208/230v/1ph",3
9.07E+12,MIC3400F,"Midea MIC3400F 14.2""  Single Hob Countertop Induction Cooktop with Thermostatic Contols, Stainless Steel, 240v/1ph, 3400W",3
9.07E+12,1034N1A,"Midea 1034N1A 21.75""  Commercial Microwave Oven with Push Button Control, Stainless Steel, 120v/1ph, 1000W, 1.2 cu. ft.",3
9.06E+12,ICEU150FA,"Ice-O-Matic ICEU150FA 24.6"" Undercounter Full Cube Ice Machine With 70 lbs Bin, 238 lb Production,  115v",3
9.05E+12,JP-3009,"Yanco JP-3009 Japanese 3.74"" Round Small Bowl in Sand Melamine, 5oz - Pack of 48",3
9.05E+12,GN-611,"Yanco GN-611 10.43"" Rectangular GN Pan 1/4, Melamine, White, 1.5L - Pack of 6",3
9.05E+12,MO-209BK,"Yanco MO-209BK Moderne 9"" Triangular Soup Plate, Black Melamine - Pack of 24",3
9.05E+12,MM-6,"Yanco MM-6 Miami 6.25"" Round Plate, White Porcelain - Pack of 36",3
9.05E+12,MM-4,"Yanco MM-4 Miami 3.5"" Round Bouillon Cup, White Porcelain, 7.5oz - Pack of 36",3
9.05E+12,MM-32,"Yanco MM-32 Miami 4.75"" Fruit Round Bowl, White Porcelain, 3.5oz - Pack of 36",3
9.05E+12,BP-2010,"Yanco BP-2010 Black pearl-1 7"" Black Melamine Rectangular Plate with Matting Finish, Pack of 48",3
9.05E+12,LY-001TQ,"Yanco LY-001TQ Lyon 7 Oz Reactive Glaze Turquoise Coffee/Tea Cup, Pack of 36",3
9.05E+12,CA-207,"Yanco CA-207 7.25"" White Round Cambria Dinner Plate with Upright Rim, Pack of 36",3
9.05E+12,YO-5006,"Yanco YO-5006 Yoto 11 Oz Green Melamine Ramen Bowl with Matte Finish, Pack of 48",3
9.05E+12,SM-16-MG,"Yanco SM-16-MG 16 Oz Clear Plastic Stemware Margarita Glass, Pack of 24",3
9.05E+12,RO-2703,"Yanco RO-2703 10 Oz Porcelain Two-Tone Onion Soup Crock, 4 1/2"" X 2 1/2"", Pack of 36",3
9.05E+12,BLS-4FLD-1,Cadco Bakerlux Station BLS-4FLD-1 4-Shelf Full Size Heavy-Duty Digital Countertop Convection Oven with LED Control Panel and Stand - 208-240V,3
9.05E+12,XAF-133,Cadco Arianna XAF-133 4-Shelf Half Size Heavy-Duty Manual Countertop Convection Oven - 208-240V,3
9.05E+12,XAFT-04HS-LD,Cadco Bakerlux Station XAFT-04HS-LD 4-Shelf Half Size Heavy-Duty Digital Countertop Convection Oven with LED Control Panel - 208-240V,3
9.05E+12,XAFT-03HS-LD,Cadco Bakerlux Station XAFT-03HS-LD 3-Shelf Half Size Heavy-Duty Digital Countertop Convection Oven with LED Control Panel - 208-240V,3
9.05E+12,KR-1,"Cadco KR-1 Single Burner Black Portable Electric Hot Plate with 7 1/8"" Cast Iron Element - 1,500W, 120V",3
9.05E+12,CDR-2C,"Cadco CDR-2C Double Burner Stainless Steel Portable Electric Side-by-Side Hot Plate with 7 1/2"" Cast Iron Elements - 1,800W, 120V",3
9.05E+12,CSR-3T,"Cadco CSR-3T Single Burner Stainless Steel Portable Electric Hot Plate with 8"" Tubular Element - 1,500W, 120V",3
9.02E+12,DHP123A25AA,"Amana DHP123A25AA Distinctions 42"" Packaged Terminal Air Conditioner Unit with 2.5kW Heat Strip and Cooling Capacity of 9,000 BTU, R410A, 10.5 EER, Quiet White,208/230v",3
9.02E+12,DCP153A50AA,"Amana DCP153A50AA Distinctions 42"" Packaged Terminal Air Conditioner Unit with 5 kW Heat Strip and Cooling Capacity of 14,700 BTU, R410A, 10.6 EER, Quiet White,208/230v",3
9.02E+12,DCP123A50AA,"Amana DCP123A50AA Distinctions 42"" Packaged Terminal Air Conditioner PTAC Unit with 5kW Electric Heat Strip and Cooling Capacity of 12,000 BTU, R410A, 10.7 EER, Quiet White,208/230v",3
9.02E+12,SGK01B,"Amana SGK01B 2"" Standard Stamped Aluminum Exterior Grille, Mill Finish",3
8.99E+12,TS50,Taylor TS50 50 lb. Mechanical Portion Control Scale with Rotating Dial,3
8.98E+12,SGF-50N,"Serv-Ware SGF-50N 16"" Stainless Steel 4 Tube Fryer, Natural Gas,120,000 BTU/H",3
8.96E+12,KR-49,"Solid Door Reach-in Refrigerator,  Stainless Steel, 49 Cu.Ft Capacity",3
8.96E+12,BBC-215SH,"Counter Height Glass Door Back Bar Beverage Refrigerator, Stainless Steel, 110V, 7.4 Cu.Ft.",3
8.96E+12,IM450,"Commercial Air Cooled Ice Maker Machine With Bin, 22'', 110V, 450 lb.",3
8.95E+12,ETBF1-LAB,"Everest Refrigeration ETBF1-LAB 27 3/4"" Back Mount Undercounter Laboratory Freezer, 115 V, 1 Phase, 60 Hz",3
8.95E+12,EPR3,"Everest Refrigeration EPR3 71 1/8"" Side Mount Sandwich Prep. Table Refrigerator, 115 V, 1 Phase, 60 Hz",3
8.95E+12,EPBR3,"Everest Refrigeration EPBR3 71 1/8"" Back Mount Mega-Top Sandwich Prep. Table Refrigerator, 115 V, 1 Phase, 60 Hz",3
8.95E+12,ETGSR2,"Everest Refrigeration ETGSR2 47 1/2"" Side Mount Glass Door Undercounter Refrigerator, 115 V, 1 Phase, 60 Hz",3
8.95E+12,ESRF2A,"Everest Refrigeration ESRF2A 49 5/8"" Top Mount Solid Door Dual Temperature Reach-In Freezer/Refrigerator, 115 V, 1 Phase, 60 Hz",3
8.95E+12,ESGRH4,"Everest Refrigeration ESGRH4 49 5/8"" Top Mount Glass Door Reach-In Refrigerator, 115 V, 1 Phase, 60 Hz",3
8.95E+12,1003241,"Staub 1003241 9.5"" Domed Glass Lid for Cast Iron",3
8.95E+12,1003240,"Staub 1003240 8"" Domed Glass Lid for Cast Iron",3
8.95E+12,1005394,"Demeyere 1005394 9.4"" Atlantis Proline Stainless Steel Fry Pan",3
8.95E+12,1027926,Zwilling 1027926 Stainless Steel 6-Piece Kabob Set,3
8.95E+12,1015778,Demeyere 1015778 Atlantis 3.5-qt Stainless Steel Saucier with Solid Metal Handle,3
8.94E+12,TOM-72L-UF-W(B)-3S-N,"Turbo Air TOM-72L-UF-W(B)-3S-N 70-3/4"" Horizontal Open Display Merchandiser, 23.4 cu. Ft., 220/60/1",3
8.94E+12,BMMSM10,"BakeMax BMMSM10 20"" Meat Slicer Manual, Gravity Feed, 10"" Blade, 120/60/1",3
8.94E+12,BMRCD02,"BakeMax BMRCD02 16.75"" Titan Series Refrigerated Display Case, Countertop, 110v/60/1",3
8.94E+12,BMTSC48,"BakeMax BMTSC48 48"" Titan Series Heated Warmer/Display Case, Countertop, 120v/60/1",3
8.94E+12,BMHGG01,"BakeMax BMHGG01 31-1/2"" Titan Series Heated Display Case, Countertop, 1160 watts",3
8.94E+12,BMDD003,"BakeMax BMDD003 34"" Automatic Dough Divider/Rounder, 44 Liter Dough Hopper, 115/60/1",3
8.94E+12,BMFRS01,"BakeMax BMFRS01 36"" Reversible Dough Sheeter, Floor Model, 208/60/1",3
8.94E+12,BMPM030,"BakeMax BMPM030 22"" Countertop Planetary Mixer, 30 Qt",3
8.94E+12,BMPM007,"BakeMax BMPM007 18.1"" Countertop Planetary Mixer, 7 Qt",3
8.94E+12,BMSDDS1,BakeMax BMSDDS1 Storage Cabinet For BMS Series Oven,3
8.93E+12,AGR-8B-NG,"Atosa AGR-8B-NG 48"" CookRite Range Natural Gas, 8 Burners",3
8.93E+12,MBF8520GR,"Atosa MBF8520GR 24.25"" Bottom Mount Reach-In Freezer, 1 One Door, 8.3 Cu.Ft",3
8.93E+12,CSTEA-4,"Atosa CSTEA-4 2000W/120V Electric Steam Table, 4 Open Wells",3
8.93E+12,ATMG-24,"Atosa ATMG-24 24"" Heavy Duty Gas Griddle with Manual Control 60,000 BTU",3
8.93E+12,ACHP-2,"Atosa ACHP-2 12"" Heavy Duty Countertop Range, Hot Plate with 2 Burners 64,000 BTU",3
8.93E+12,MCF8725GR,"Atosa MCF8725GR 24.2"" Glass Merchandiser, 1 Section, Black Exterior 11.1 Cu.Ft",3
8.93E+12,MCF8722GR,"Atosa MCF8722GR 31.5"" Glass Merchandiser, 1 Section, Black Exterior 19.4 Cu.Ft",3
8.93E+12,MGF8453GR,"Atosa MGF8453GR 72.4"" Four Drawer Refrigerated Chef Base 12.1 Cu.Ft",3
8.93E+12,MPF8201GR,"Atosa MPF8201GR 44"" Pizza Prep Table, 6 Pans 9.7 Cu.Ft",3
8.93E+12,MSF8308GR,"Atosa MSF8308GR 72.69"" Mega Top Sandwich Prep Table, 30 Pans 21.1 Cu.Ft",3
8.93E+12,MSF8302GR,"Atosa MSF8302GR 48.2"" Sandwich Prep Table, 12 Pans 13.4 Cu.Ft",3
8.93E+12,MGF8406GR,"Atosa MGF8406GR 48"" Undercounter Freezer 13.4 Cu.Ft",3
8.93E+12,MBF8504GR,"Atosa MBF8504GR 82"" Reach-In Bottom Mount Freezer, 3 Three Door, 68 Cu.Ft",3
8.93E+12,MBF8508GR,"Atosa MBF8508GR 82"" Reach-In Bottom Mount Refrigerator, 3 Three Door, 67 Cu.Ft",3
8.93E+12,MMF9113,"Atosa MMF9113 50.13"" Angle Curved Top Chest Freezer 12 cu.ft",3
8.93E+12,MMF9110,"Atosa MMF9110 40.75"" Angle Curved Top Chest Freezer, 9  cu.ft",3
8.92E+12,4832,"Forbes Industries 4832 36"" Wine Cart High Pressure Laminate Oval Cabinet Avonite Top",3
8.92E+12,C-CM-36-LP,"Migali C-CM-36-LP Liquid Propane 36"" Cheese Melter Manual Control",3
8.92E+12,C-2FB-HC,Migali 4C-2FB-HC Bottom Mount Reach-In Double Door 9 cu/ft Freezer,3
8.92E+12,C-2R-HC,Migali C-2R-HC Top Mount Reach-In Double Door 49 cu/ft Refrigerator,3
8.91E+12,5533,"Dexter Russell 5533 Sani-Safe 10"" Cimeter Steak Knife S132-10PCP",3
8.91E+12,SSG1-M-PCP,Dexter Russell SSG1-M-PCP Cut resistant Fillet Glove Medium - 82013,3
8.91E+12,10281,"Dexter Russell 10281 Green River Traditional 4"" Fishing Knife - 2022",3
8.91E+12,DS01G,Amana DS01G DigiStat Remote RF Wireless Wall Mounted Thermostat with Motion PIR,3
8.91E+12,DSA01NM,Amana-Goodman DSA01NM 5.0 inches Wireless PTAC Thermostat with Electric Heat or Heat Pump,3
8.90E+12,BCF107SS,"Bellman's Cart W/ 8"" Non-Marking Wheels Stainless Steel",3
8.86E+12,AICD-12,Winco AICD-12 Self-Defrosting Aluminum Ice Cream Dipper Ice Cream Dipper,3
8.86E+12,BGDV-22,"Winco BGDV-22 Red Pizza Delivery bag, 22"" x 22"" x 12""",3
8.83E+12,REFNFR3301,Roomwell UK 3.3 Cu.Ft Mini Fridge Without Freezer,3
8.83E+12,HKTVM9545,Wheelmate Luxor Housekeeping Cart,3
8.83E+12,71050,"Winco 71050 Benchmark Snow Blitz Portable Snow Cone Machine, 120V",3
8.83E+12,PMAT-103BY,CAC China PMAT-103BY Carpet Floor Mat Vinyl Back Burgundy 10x3'  /Each,3
8.83E+12,SWCS-8,CAC China SWCS-8 Wine Cooler SS Double-Wall Straight Case of 6 Pcs,3
8.83E+12,STPN-S25-4,"CAC China STPN-S25-4 Steam Pan SS 1/9 25Ga. Std. 4"" Case of 12 Pcs",3
8.83E+12,SQBT-W-32Y,CAC China SQBT-W-32Y Squeeze Bottle Wide-Mouth YL 32oz PKT of 6 Pcs,3
8.83E+12,SFNW-6,"CAC China SFNW-6 Funnel SS 5-3/4""Dia 16 Oz /Each",3
8.83E+12,SCSK-16,CAC China SCSK-16 Shaker SS Cobbler 3-PC 16 Oz /Each,3
8.83E+12,RMAT-35BK,CAC China RMAT-35BK Floor Mat Rubber Straight Edge Black 5x3'  /Each,3
8.83E+12,PCSL-SC,CAC China PCSL-SC Cover PC Food Pan Notched 1/6 Size /Each,3
8.83E+12,JGS1-1125,CAC China JGS1-1125 Jigger SS Japanese 1oz/1.25oz /Each,3
8.83E+12,IBSC-20LD,CAC China IBSC-20LD Lid for IBSC-20 Case of 12 Pcs,3
8.83E+12,ELFW-1500,"CAC China ELFW-1500 14-5/8"" Electric Food Warmer With Vented Side, 1200W, Set",3
8.83E+12,CKPR-10K,"CAC China CKPR-10K Guest Check Presenter W/ Pen Loop 10x5-1/2"" /Each",3
8.83E+12,BVCM-40,"CAC China BVCM-40 Electric Urn Coffee Maker 40Cups, 6 Liters, 950W, Each",3
8.83E+12,B7DT-24,CAC China B7DT-24 Decorating Tip Set SS 24PC Set,3
8.83E+12,2003-01,"CAC China 2003-01 Elizabeth Teaspoon Frost 18/0 HW 6 3/8"" Case of 12 Pcs",3
8.83E+12,JB-95,"CAC China JB-95 Jung Bowl AW 9.5oz 4 3/8"" Case of 36 Pcs",3
8.83E+12,GW-32,"CAC China GW-32 Fruit Dish R.E. 3.5oz 4 1/2"" Case of 36 Pcs",3
8.83E+12,GDM-49F-LTF-HC-TSL01,"True GDM-49F-HC-TSL01 54 1/8"" Two Section Display Freezer with Swing Doors Bottom Mount Compressor, 115v",3
8.83E+12,T-23F-HC,"True T-23F-HC 27"" One Section Solid Door Reach In Freezer, 115v/1ph",3
8.83E+12,T-23-HC,"True T-23-HC 27"" Stainless Steel and Aluminum One Section Solid Door Reach In Refrigerator, 115v/1ph",3
8.82E+12,IRJWC301,"Thunder Group IRJWC301 Steel 14"" x 4-3/8"" Japanese Jin-Ping Wok",3
8.82E+12,9860477,"Libbey 9860477 14"" Glass Hurricane Shade - Case of 4 Pcs",3
8.82E+12,8429,Libbey 8429 9 oz. Citation Gourmet Margarita Glass - Case of 12 Pcs,3
8.82E+12,502008,Libbey 502008 20.75 oz. 1924 Customizable Gin and Tonic Glass - Case of 12 Pcs,3
8.82E+12,109151,Libbey 109151 32 oz. Customizable Drinking Jar with Lid - Case of 12 Pcs,3
8.82E+12,PR1HC-1AHS,"Beverage-Air PHI2-1AHS 68 7/8"" Solid Two Door Roll In Warming Cabinet",3
8.82E+12,KGD-102,"Winco KGD-102 Knife Blade Guard, 10 x 2""",3
8.82E+12,SPS2,"Winco SPS2 Straight-sided Steam Pan, 1/6 Size, 2-1/2"", 25 Ga Stainless Steel",3
8.82E+12,BS-310,"Winco BS-310 10 Oz Classic Bar Shaker, 3-Pc Set, SS",3
8.82E+12,GLP-L,"Winco GLP-L Disposable Gloves, PE Textured, LRG, 500pcs/box",3
8.82E+12,SPM-41O,"Winco SPM-41O Pastry Mold, Oval, 4 x 1.38""",3
8.82E+12,KWP-121Y,"Winco KWP-121Y 12"" Wavy Edge Slicer, Yellow PP Handle, Straight",3
8.82E+12,GLN-LB,"Winco GLN-LB Disposable Gloves, Nitrile, L, Powder-Free, Black,3Mil,FDA Compliant,100pcs/box",3
8.82E+12,BADP-2846,"Winco BADP-2846 Disposable Plastic Apron, 28"" x46"", 100pcs/box",3
8.82E+12,WC-4A,"Winco WC-4A Wine Cooler, Clear, Acrylic",3
8.82E+12,PMSB-10,"Winco PMSB-10 10oz Molcajete Salsa Bowls, 4pcs/pk",3
8.82E+12,SPCF,"Winco SPCF Stainless Steel Steam Pan Cover, Full-size, Slotted",3
8.82E+12,HSP-123,"Winco HSP-123 12""Dia x 2-3/4""H Springform Cake Pan, Aluminium Steel",3
8.82E+12,SSFP-8,"Winco SSFP-8 8"" Stainless Steel Fry Pan",3
8.82E+12,SBS-24PP,"Winco SBS-24PP Purple Silicone Baking Mat, Full-size, 16-3/8"" x 24-1/2"", Allergen Free",3
8.82E+12,RD-5,"Winco RD-5 Dough Roller Docker, 5"" Head, Stainless Steel Handle",3
8.82E+12,BGPZ-24,"Winco BGPZ-24 Pizza Delivery Bag, 24"" x 24"" x 5""",3
8.82E+12,WPP-2042,"Winco WPP-2042 42"" Wood Pizza Peel, 20""x20"" Blade",3
8.82E+12,RBMI-33R,"Winco RBMI-33R Interlocking Red Rubber Floor Mat, 3"" x 3""",3
8.82E+12,WCB-1218,"Winco WCB-1218 Wooden Cutting Board, 12"" x 18""",3
8.82E+12,CBXH-1824,"Winco CBXH-1824 White Cutting Board, 18"" x 24"" x 1""",3
8.82E+12,PTCS-23G,"Winco PTCS-23G 23 Gallon Gray Square Trash Can, 15-5/8"" x 30-3/4""",3
8.82E+12,40008,"Winco 40008 Benchmark Popcorn Portion Packs for 8 oz Popcorn Machines, 24 Packs/case",3
8.82E+12,PFSF-6,"Winco PFSF-6 Polycarbonate Clear Food Storage Box, 18"" x 26"" x 6""",3
8.82E+12,ASFP-11NS,"Winco ASFP-11NS Aluminium Non-stick Stir Fry Pan, 11""",3
8.82E+12,ASSP-20,"Winco ASSP-20 Elemental Aluminium Sauce Pot, 20 Qt, 4mm",3
8.82E+12,CSPP-23,"Winco CSPP-23 Polished Carbon Steel Paella Pan, 23-5/8""",3
8.82E+12,203,"Winco 203 Gold Accent Stainless Steel Round Chafer, 4 Qt",3
8.82E+12,MDL-15,Winco MDL-15 Stainless Steel Mandoline 5 Blades Slicer Set with Handguard,3
8.82E+12,202,"Winco 202 Malibu Gold Accent Stainless Steel Oval Chafer, 6 Qt",3
8.82E+12,MDL-18,Winco MDL-18 Stainless Steel Mandoline Slicer Set with Built-in Blades,3
8.82E+12,UC-2415K,"Winco UC-2415K Black 3 Tier Plastic Utility Cart, 32"" x 16-1/8"" x 36-3/4""",3
8.82E+12,EHL-2C,"Winco EHL-2C Stainless Steel Aluminium Electric Heat Lamp with Two 250 W Bulbs, 120 V",3
8.82E+12,EWB-100A-I,"Winco EWB-100A-I Commercial Stainless Steel Water Boiler, 220-240V, 2250W",3
8.82E+12,FW-11R250,"Winco FW-11R250 11 Qt Round Food Warmer, 120V, 750W",3
8.82E+12,C-5080,Winco C-5080 Dallas 8 Qt Stainless Steel Chafer with Roll Top Cover,3
8.82E+12,ALST-100,"Winco ALST-100 Elemental Aluminium Stock Pot, 100 Qt, 4mm",3
8.82E+12,601,Winco 601 Madison 8qt Stainless Steel Full-size Chafer with Roll-top,3
8.82E+12,EPO-1,Winco EPO-1 Electric Pizza Oven with 600 deg F with Bell Timer and Stay On Function,3
8.82E+12,FVS-1,Winco FVS-1 Kattex Adjustable Fruit and Vegetable Quick Slicer,3
8.82E+12,VCS-2436,"Winco VCS-2436 4-Tier Chrome Plated Wire Shelving Set, 24"" x 36"" x 72""",3
8.82E+12,ALRK-30BK,"Winco ALRK-30BK 30-Tier Aluminium Sheet Pan Rack, 2"" Spacing",3
8.82E+12,30070,Winco 30070 Benchmark Cart/Trolley for Snow Cone Machines,3
8.82E+12,IFT-1,Winco IFT-1 Front Loading Insulated Food Pan Carrier with Single Compartment,3
8.82E+12,30090,Winco 30090 Benchmark Cart/Trolley for Cotton Candy Machine,3
8.82E+12,NGSP-1,Winco NGSP-1 Spectrum Gas Stock Pot Stove with 1 Grate and Three-Ring Burners,3
8.82E+12,NGHP-6,"Winco NGHP-6 36"" 6-Burner Natural Gas Countertop Hot Plate",3
8.82E+12,NGGD-36M,"Winco NGGD-36M 36"" Countertop Natural Gas Griddle with Manual Control",3
8.82E+12,51026,"Winco 51026 26 Gallon Benchmark Tortilla Chip Warmer, 120v",3
8.82E+12,EMP-30,Winco EMP-30 30L Commercial Planetary Mixer With Hub,3
8.82E+12,4998050,"Libbey 4998050 Beer Classics Series 14.25 oz Pilsner Glass Lead-Free Crystal, Break-Resistant, and Stemless Glass, Case of 12 Pcs",3
8.82E+12,4518012,"Lbbey 4518012 Vino Grande Series 13.75 oz. Spiegelau Round Longdrink/Collins Glass with Crystal and Break-resistant, Case of 12 Pcs",3
8.82E+12,4518001,"ibbey 4518001 Vino Grande Series 14.25 oz Round Red Wine Glass/Water Goblet with Stemmed Base and Break-resistant Glass, Case of 12 Pcs",3
8.82E+12,5362,"Libbey 5362 10 oz. Round Beer Mug , Case of 12 Pcs",3
8.82E+12,5295,"Libbey 5295 Classics 8.5 oz. Round Irish Glass Coffee Mug , Case of 24 Pcs",3
8.82E+12,5293,"Libbey 5293 Catalina 8.5 oz. Round Customizable Irish Glass Coffee Mug , Case of 24 Pcs",3
8.82E+12,5120,"Libbey 5120 1.5 oz. Round Shot Glass , Case of 72 Pcs",3
8.82E+12,15642,Libbey 15642 16 oz. Rim Tempered Paneled Cooler Glass - Case of 36 Pcs,3
8.82E+12,15385,Libbey 15385 16 oz. Restaurant Basics Customizable Rim Tempered Tall Mixing Glass / Pint Glass - Case of 24 Pcs,3
8.82E+12,WSPB001,"Thunder Group WSPB001 8-1/2"" x 4-3/4"" x 1-1/4"" Sushi Plate",3
8.82E+12,SLTWMH006,"Thunder Group SLTWMH006 6"" Overall Height, 2-1/2"" Diameter base with 2-1/2"" Clip Height, Menu Holder, Stainless Steel",3
8.82E+12,SLCS001,"Thunder Group SLCS001 13-1/4"" x 6"" Stainless Steel Cake Stand",3
8.82E+12,SLCF002,"Thunder Group SLCF002 2-4/7"" Stainless Steel Coffee Dripper Lid, Silver",3
8.82E+12,PLSP1813C,"Thunder Group PLSP1813C 18"" x 13"" Polypropylene Half Size Sheet Pan Cover Clear",3
8.82E+12,PLSFT022TL,Thunder Group PLSFT022TL Polypropylene 22 Qt Square Food Storage Container Translucent,3
8.82E+12,PLSFT004PC,Thunder Group PLSFT004PC 4 Qt Polycarbonate Square Food Storage Container Clear,3
8.82E+12,PLRFT308PC,Thunder Group PLRFT308PC Polycarbonate 8 Qt Round Clear Food Storage Container,3
8.82E+12,PLPB024,"Thunder Group PLPB024 24"" x 24"" Leatheroid's PVC Insulated Pizza Bag",3
8.82E+12,PLPA7160C,Thunder Group PLPA7160C Polycarbonate Clear Solid Cover For Sixth Size Food Pan,3
8.82E+12,PLFP001,"Thunder Group PLFP001 18-1/2"" Polyethylene Round Perforated Colander",3
8.82E+12,IRBR001N,"Thunder Group IRBR001N 20 Copper Nozzles Jet Burner for Chinese ranges, Natural Gas, Black, 100,000 BTU",3
8.82E+12,H-205,"Thunder Group H-205 12.5"" 5B-Automatic Fast Stove with manual controls, LPG, 64,800 BTU",3
8.82E+12,GN001,"Thunder Group GN001 Stainless Steel 8"" x 8"" x 5-1/2"" Manual Noodle Machine",3
8.82E+12,ALSPR020,"Thunder Group ALSPR020 20-1/4""  Aluminum Tier Sheet Pan Rack with 4 Casters Set",3
8.82E+12,ALSP1013,"Thunder Group ALSP1013 Aluminum 9-1/2"" x 13"" Quarter Size Sheet Pan",3
8.82E+12,ALSKSS008,"Thunder Group ALSKSS008 10 Qt Aluminum 12-3/4"" x 5-3/4"" Sauce Pan",3
8.82E+12,ALSKSP610,"Thunder Group ALSKSP610 8 Qt Aluminum 19-1/4"" x 17"" Stock Pot",3
8.82E+12,ALSKSP007,"Thunder Group ALSKSP007 40 Qt Aluminum 14 7/8"" x 4mm Thick Stock Pot",3
8.82E+12,ALSKBK012,"Thunder Group ALSKBK012 Aluminum 100 qt 18-1/4"" x 15-3/8"" Steamer Basket",3
8.82E+12,7003J,"Thunder Group 7003J 3/4 oz Melamine Wonton Soup Spoon, Pack of 12",3
8.82E+12,1609BB,"Thunder Group 1609BB Blue Bamboo 8-1/2"" x 5-1/2"" Wavy Shape Barbecue Plate, Pack of 12",3
8.82E+12,CP-7000-S,Bar Maid CP-7000-S Automatic Feeding Polisher For Cutlery or Casino Chips,3
8.81E+12,G4SM-23FC-HC-TSL01,"True G4SM-23FC-HC-TSL01 27 1/2""  Black-Coated Steel 1 Section and 4 Sided Floral Cooler with Swinging Door, Copper, 115v/1ph",3
8.81E+12,TPP-AT-119-HC,"True TPP-AT-119-HC 119 1/4"" TPP Series Stainless Steel and Aluminum 4 Door Pizza Prep Table with Refrigerated Base,Silver,115v/1ph",3
8.81E+12,T-50-GC-HC,"True T-50-GC-HC 49.63"" True TD/GC Series Galvanized Steel 2 Section Glass Chiller with 250 Mug Capacity, 115v/1ph",3
8.81E+12,T-49F-4-HC,"True T-49F-4-HC 54 1/8"" Stainless Steel and Aluminum Two Section Reach In Freezer, (4) Solid Door, Silver, 115v/1ph",3
8.81E+12,UDP0240A-251Z,"Manitowoc UDP0240A-251Z NEO 26"" Air Cooled Undercounter Ice Machine With 90 lbs Bin, 215 lbs/day",3
8.81E+12,UDE0080A-161B,"Manitowoc UDE0080A NEO Air Cooled Undercounter Dice Cube Ice Machine with 31 lbs Bin, 115V, 102 lb.",3
8.81E+12,SPA162-161,"Manitowoc SPA162-161 22"" Touchless Hotel Ice Dispenser 120 lb, 115V",3
8.81E+12,RFK0620AZ-251,"Manitowoc RFK0620AZ 22"" Air Cooled Flake Ice Machine Head Without Storage Bin, 700-900 lbs/day, 230V",3
8.81E+12,IDT1900A-263E,"Manitowoc IDT1900A-263E Indigo NXT 48"" Air Cooled Dice Ice Machine Head Without Storage Bin, 1,965 lbs/day",3
8.81E+12,IDT1500A-263E,"Manitowoc IDT1500A-263E Indigo NXT 48"" Air Cooled Dice Cube Ice Machine Head Without Storage Bin, 1,688 lbs/day",3
8.81E+12,CL50EUREST,"Robot Coupe CL50EUREST 1 1/2 hp Food Processor with 9 Discs, Dice Cleaning & Wall Holder Kits, 120 V",3
8.81E+12,CL50UPIZZA,"Robot Coupe CL50UPIZZA 1 1/2 hp Food Processor with 5 Discs, Dice Cleaning & Wall Holder Kits, 120 V",3
8.81E+12,CL50EULTRA,"Robot Coupe CL50EULTRA Feed Food Processor with 2 Discs - 120 V, 1 1/2 hp",3
8.81E+12,CL50GOURMET,"Robot Coupe CL50 Gourmet Food Processor with 2 Discs - 120 V, 1 -1/2 HP",3
8.81E+12,MMUSICAVOL01ND0002,Nuova Simonelli Musica Espresso Machine - 110 V,3
8.81E+12,MAPPI19VOL01ND0001,Nuova Simonelli Appia Life 1GR Volumetric Espresso Machine - 110V,3
8.81E+12,UCG060A,"Ice-O-Matic UCG060A 15"" Air Cooled Undercounter Gourmet Cube Ice Machine With 17.5 lbs Bin, 1 Phase, 115V",3
8.81E+12,WF60B,"Hoshizaki WF60B 60"" Steelheart Stainless Steel Worktop Freezer with 2 Sections & 2 Doors, 115v",3
8.81E+12,EF1A-FS,"Hoshizaki EF1A-FS 27"" One Section Reach-In Freezer, 1 Solid Door, 115v",3
8.81E+12,SD-271,"Hoshizaki SD-271 16 1/2"" Stationary Equipment Stand for DCM-271BAH & DCM-271BAH-OS, Cabinet Base",3
8.81E+12,KM-301BWJ,"Hoshizaki KM-301BWJ 30"" KM Series 285 lb Crescent Cube Ice Machine with Bin - 100 lb Storage, Water Cooled, 115v",3
8.81E+12,KM-161BAJ,"Hoshizaki KM-161BAJ 23-3/4"" KM Series Air Cooled Undercounter Crescent Cube Ice Machine With Built-In Storage Bin, 115v",3
8.81E+12,IM-200BAC,"Hoshizaki IM-200BAC 39.5"" IM Series Full Cube Air Cooled Ice Machine With Built-In Storage, 188 lbs/day",3
8.81E+12,CDR4HC-1-B,"Beverage-Air CDR4HC-1-B 49"" Curved Glass Black Refrigerated Bakery / Deli Display Case",3
8.81E+12,SPE72HC-30M-STL,"Beverage-Air SPE72HC-30M-STL Elite Series 72"" 3 Door Mega Top Glass Lid Refrigerated Sandwich Prep Table",3
8.81E+12,MMR27HC-1-B-WINE,"Beverage-Air MMR27HC-1-B-WINE MarketMax 30"" Glass Door Wine Refrigerator Black",3
8.81E+12,78-12,"Hamilton Beach 78-12 Green #12 Thumb Press Scoop, 2.78 oz.",3
8.81E+12,45100R,"Hamilton Beach 45100R Proctor Silex 100-Cup Coffee Urn/Percolator, 1090W",3
8.81E+12,55000,"Hamilton Beach 55000 Proctor Silex Commercial Blender with 2.375 hp Motor, 64 oz.",3
8.81E+12,OFS20,"Omega OFS20 Double 3-Gallon Bowl Commercial Granita Machine, 710W",3
8.81E+12,M1000,Omega M1000 Single Spindle Commercial Milk Shake Maker 1/3 Horsepower Black,3
8.81E+12,920,"Wundermaxx Stainless Steel Triple Cereal Dispenser, 3 x 5 Liters",3
8.81E+12,951,"Wundermaxx Rechargeable Cordless Traditional Table Lamp Gold, 10 X 38 cm",3
8.81E+12,M3000,Omega Juicers M3000 Black Triple Spindle Milkshake Mixer - 120 V,3
8.81E+12,70119LK,"Arctic Air 70119lk Left Shelf Kit with Four Mounting Clips For AGR49,AGDF49",3
8.81E+12,AR49,"Arctic Air AR49 54"" Stainless Steel Two-Door Reach-In Refrigerator",3
8.80E+12,021-1172.0000,American Dish ASQ II Glasswasher Dish Machine with Manual Carousel,3
9.14E+12,HG50BU800NFXZA,"Samsung HG50BU800NFXZA 50"" 4K UHD Hospitality TV with Ultra-slim Design, Crystal Display Pro:idiom, and 2-channel Speaker",2
9.14E+12,77AM960H0UD,"LG 77AM960H0UD 77"" 4K UHD  Hospitality TV with webOS Platform, HDR10, HDR 10 Pro, Remote control, AI Picture Pro,Enhanced Audio Return Channel (eARC), and Audio Return Channel (ARC)",2
9.14E+12,55UM670H0UA,"LG 55UM670H0UA 55"" 4K UHD with Pro: Centric and Integrated Pro: Idiom, webOS, Bluetooth Audio Streaming, Voice Recognition, and AI Sound Pro",2
9.14E+12,55UN343H0UA,"LG 55UN343H0UA 55"" 4K UHD  Hospitality TV with Pro: Centric, Hybrid Log-Gamma (HLG), Active HDR, HDR 10 Pro, and Kensington Security Slot",2
9.14E+12,50UN560H0UARBX,"LG 50UN560H0UA 50"" 4K UHD Hospitality TV with Pro: Centric and Integrated Pro: Idiom, EzManager, Hybrid Log-Gamma (HLG), HDR 10 Pro, 4K Active HDR, Multi IR Function, and Kensington Security Slot",2
9.13E+12,AKCQ14DCH,"GE AKCQ14DCH 24"" Thru-the-Wall Air Conditioner with 6-Way AirFlow, Intuitive Controls, Remote Control, and Cooling Capacity of 14,000 BTU,  9.3 EER, R410A, 230/208v",2
9.13E+12,AKCQ12DCH,"GE AKCQ12DCH 24"" Thru-the-Wall Air Conditioner with Sleep Mode, 6-Way AirFlow, Infrared Remote Control, and Cooling Capacity of 12,000 BTU, 10.5 EER, R410A, 230/208v/1ph",2
9.13E+12,AKCQ10ACH,"GE AKCQ10ACH 24"" Slide-In Air Conditioner with Intuitive Controls, 6-Way AirFlow, and Remote Control, and Cooling Capacity of 10,000 BTU, 10.6 EER, R410A, 115v",2
9.13E+12,AJCQ10DCH,"GE AJCQ10DCH 26"" Commercial Grade Built-in Cool-only Room Air Conditioner with Electronic Cap Touch Controls, and Cooling Capacity of 10,000 BTU, 10.6 EER, R410A, 230/208v/1ph",2
9.13E+12,AJCM08AWJ,"GE AJCM08AWJ 26"" Built-In Thru the Wall Smart Air Conditioner with Electronic Cap Touch Controls, and Cooling Capacity of 8,400 BTU, 10.6 EER, R32,115v/1ph",2
9.13E+12,PBH113G35CC,"Amana PBH113G35CC 26"" Thru-the-Wall Air Conditioner with Cooling Capacity of 11,700 BTU, 9.6 EER, R-410A, 230/208v",2
9.13E+12,PBC123G00CC,"Amana PBC123G00CC 26"" Thru-the-Wall Air Conditioner with Cooling Capacity of  12,000 BTU, 9.8 EER, R-410A, 230/208v",2
9.13E+12,PZE12K3SB,"ZoneAire Select PZE12K3SB 42"" PTAC Unit with 3.6 kW Electric Heat Kit and Cooling Capacity of 12,000 BTU, 11.4 EER, R-410A, 230/208v",2
9.13E+12,PDE09K3SG,"ZoneAire Premier PDE09K3SG 42"" PTAC Unit with 3.5 kW Electric Heat Kit and Cooling Capacity of 9,000 BTU,13.0 EER, R-32, 208/230v",2
9.07E+12,MIC3400WK,"Midea MIC3400WK 14.8""  Single Hob Countertop Induction Cooktop with Thermostatic Controls, Stainless Steel, 240v/1ph, 3400W",2
9.07E+12,1834G1A,"Midea 1834G1A 22.63""  Commercial Microwave Oven with Touch Control Pad, Stainless Steel, 208v/1ph, 1800W, 1.2 cu. ft.",2
9.07E+12,1034N0A,"Midea 1034N0A 21.75""  Commercial Microwave Oven with Dial Control, Stainless Steel, 120v/1ph, 1000W, 1.2 cu. ft.",2
9.07E+12,1025F1A,"Midea 1025F1A 20-1/8""  Commercial Microwave Oven with Touch Control Pad, Stainless Steel, 120v/1ph, 1000W, 0.9 cu. ft.",2
9.06E+12,ICEU220FA,"Ice-O-Matic ICEU220FA 24.5"" Undercounter Full Cube Ice Machine With 70 lbs Bin, 251 lb Production, 115v",2
9.05E+12,JP-2012,"Yanco JP-2012 Japanese 12"" Oval Plate in Sand Melamine - Pack of 12",2
9.05E+12,JP-1513,"Yanco JP-1513 Japanese 6.75"" Rectangular Sushi Plate in Sand Melamine - Pack of 24",2
9.05E+12,JP-0002,"Yanco JP-0002 Japanese 4.13"" Rectangular Sauce Dish, in Sand Melamine, 3oz - Pack of 72",2
9.05E+12,GG-707,"Yanco GG-707 Green Gem 7.5"" Round Sheer Bowl in Green Porcelain, 16oz - Pack of 12",2
9.05E+12,GB-11,"Yanco GB-11 Green Band 4.75"" Fruit Bowl in White Ceramic, 5oz - Pack of 36",2
9.05E+12,GB-105,"Yanco GB-105 Green Band 10.5"" Pasta Bowl in White Ceramic, 16oz - Pack of 12",2
9.05E+12,MM-8,"Yanco MM-8 Miami 9.13"" Round Plate, White Porcelain, Pack of 24",2
9.05E+12,MM-55,"Yanco MM-55 Miami 4.88"" A.D. Saucer, White Porcelain - Pack of 36",2
9.05E+12,MM-14,"Yanco MM-14 Miami 14"" Oval Platter, White Porcelain - Pack of 12",2
9.05E+12,MM-115,"Yanco MM-115 Miami 11.5"" Pasta Round Bowl, White Porcelain, 22oz - Pack of 12",2
9.05E+12,MM-10-RT,"Yanco MM-10-RT Miami 10"" Rectangular Plate, White Porcelain, Pack of 24",2
9.05E+12,CR-610,"Yanco CR-610 Sushi 10.25"" Compartment/Bento Box in Black-Red Melamine - Pack of 6",2
9.05E+12,PK-512,"Yanco PK-512 Rectangular 12"" Sushi Plate, Gray Porcelain, Pack of 12",2
9.05E+12,OC-212,"Yanco OC-212 Ocean 12"" X 1 1/8"" Coupe Shape Oval Plate, Porcelain, Pack of 12",2
9.05E+12,NS-110T,"Yanco NS-110T Nessico Round Dinner Plate, 10.25"" Diameter, Melamine, Tan Color, Pack of 24",2
9.05E+12,LY-2114,"Yanco LY-2114 Lyon 14"" X 10"" X 1 1/4"" Coupe Platter, Porcelain, Reactive Glaze, Pack of 12",2
9.05E+12,LY-1107,"Yanco LY-1107 Lyon 7 1/4"" X 3/4"" Coupe Plate, Porcelain, Reactive Glaze, Pack of 36",2
9.05E+12,CAT-2016,"Yanco CAT-2016 12"" White Melamine Oval Catering Plate, Pack of 6",2
9.05E+12,BP-2208,"Yanco BP-2208 Black pearl-1 5.5"" Black Melamine Rectangular Bowl with Matting Finish, Pack of 48",2
9.05E+12,BP-1009,"Yanco BP-1009 Black pearl-1 9"" Black Melamine Round Plate with Matting Finish, Pack of 24",2
9.05E+12,BM-107,"Yanco BM-107 Birmingham 7 1/2"" Melamine Round Plate, Pack of 48",2
9.05E+12,BK-006,"Yanco BK-006 10 Oz White Oval Baking Dish, China, Pack of 36",2
9.05E+12,BA-3109,"Yanco BA-3109 Bamboo Style 6"" Melamine Divided Display Plate, Pack of 48",2
9.05E+12,AC-56,"Yanco AC-56 ABCO 14 Oz  White Porcelain Cappuccino Cup, Pack of 36",2
9.05E+12,AC-3-P,"Yanco AC-3-P ABCO 2.5 Oz White Porcelain Espresso Cup, Pack of 36",2
9.05E+12,AC-16,"Yanco AC-16 ABCO 10.5"" White Porcelain Dinner Plate, Pack of 12",2
9.05E+12,LY-2112BU,"Yanco LY-2112BU Lyon 8 1/4? Reactive Glaze Blue Coupe Dinner Plate, Pack of 12",2
9.05E+12,LY-1110TQ,"Yanco LY-1110TQ Lyon 10 1/4"" Reactive Glaze Turquoise Coupe Dinner Plate, Pack of 12",2
9.05E+12,LY-503TQ,"Yanco LY-503TQ Lyon 10 Oz Reactive Glaze Turquoise Coffe Mug, Pack of 36",2
9.05E+12,LY-409TQ,"Yanco LY-409TQ Lyon 20 Oz Reactive Glaze Turquoise Oval Salad Bowl, Pack of 12",2
9.05E+12,LY-2114CR,"Yanco LY-2114CR Lyon 10"" Reactive Glaze Oval Coupe Coral Dinner Plate, Pack of 12",2
9.05E+12,LY-2112CR,"Yanco LY-2112CR Lyon 8 1/4"" Reactive Glaze Oval Coupe Coral Dinner Plate, Pack of 12",2
9.05E+12,LY-407CR,"Yanco LY-407CR Lyon 10 Oz Reactive Glaze Oval Coral Pasta Bowl, Pack of 24",2
9.05E+12,LY-309CR,"Yanco LY-309CR Lyon 20 Oz Reactive Glaze Coral Soup / Salad Plate, Pack of 24",2
9.05E+12,GO-508,"Yanco GO-508 Golden Coast 36 Oz Porcelain Bowl, Pack of 12",2
9.05E+12,GO-312,"Yanco GO-312 Golden Coast 7 1/2"" Oval Porcelain Dinner Plate, Pack of 12",2
9.05E+12,GO-310,"Yanco GO-310 Golden Coast 6 1/4"" Oval Porcelain Dinner Plate, Pack of 24",2
9.05E+12,GO-107,"Yanco GO-107 Golden Coast 7.25"" Porcelain Round Plate with Upright Rim, Pack of 36",2
9.05E+12,CA-408,Yanco CA-408 42 Oz White Porcelain Cambria Bowl  Pack of 12,2
9.05E+12,CA-406,"Yanco CA-406 18 Oz White Porcelain Cambria Cereal Bowl, Pack of 36",2
9.05E+12,CA-405,"Yanco CA-405 10 Oz White Porcelain Rice Bowl, Pack of 36",2
9.05E+12,CA-4032,"Yanco CA-4032 4 Oz White Cambria Double Rectangular Sauce Dish, Pack of 36",2
9.05E+12,CA-314,"Yanco CA-314 9 1/8"" White Cambria Oval Platter, Pack of 12",2
9.05E+12,CA-310,"Yanco CA-310 6 3/4"" White Cambria Round Plate with Upright Rim, Pack of 24",2
9.05E+12,CA-210,"Yanco CA-210 10"" White Cambria Round Plate with Upright Rim, Pack of 12",2
9.05E+12,CA-208,"Yanco CA-208 8"" White Cambria Round Plate with Upright Rim, Pack of 24",2
9.05E+12,CA-112,"Yanco CA-112 12"" White Round Cambria Dinner Plate, Pack of 12",2
9.05E+12,CA-107,"Yanco CA-107 7 1/2"" White Cambria Round Dinner Plate, Pack of 36",2
9.05E+12,NA-411BK,"Yanco NA-411BK Nature Art 4 7/8? Black Melamine Rectangular Sushi Plate, Pack of 36",2
9.05E+12,NA-210BK,"Yanco NA-210BK Nature Art 6"" Black Melamine Oval Dinner Plate, Pack of 36",2
9.05E+12,WL-104,"Yanco WL-104 4 3/4"" Melamine Round Wood-Grain Dinner Plate, Pack of 48",2
9.05E+12,WD-2612,"Yanco WD-2612 3 1/2"" Golden Oak Melamine Rectangular Wooden Sushi Tray, Pack of 36",2
9.05E+12,SM-12-G,"Yanco SM-12-G 12 Oz Clear Plastic Stemware Goblet Glass, Pack of 24",2
9.05E+12,RO-2912,"Yanco RO-2912 Rockeye-2 28 Oz Porcelain Two-Tone Oval Plate, 12"" X 9"" X 1 3/4"", Pack of 12",2
9.05E+12,RO-2806,"Yanco RO-2806 30 Oz Porcelain Two-Tone Fusion Noodle Bowl, Pack of 12",2
9.05E+12,RO-2406,"Yanco RO-2406 Rockeye-2 14 Oz Porcelain Two-Tone Nappie Bowl, 5 1/2"" X 2 1/4"", Pack of 36",2
9.05E+12,RO-2207,"Yanco RO-2207 7.25"" Porcelain Two-Tone Round Plate, Pack of 36",2
9.05E+12,RM-312,"Yanco RM-312 3 3/4? White Melamine Rome Boat Plate, Pack of 48",2
9.05E+12,PS-2205,"Yanco PS-2205 16 Oz White Porcelain Pasta Bowl, Pack of 36",2
9.05E+12,PS-2006,"Yanco PS-2006 18 Oz White Porcelain Sheer Bowl, Pack of 24",2
9.05E+12,PS-12-C,"Yanco PS-12-C 12"" White Porcelain Round Coupe Dinner Plate, Pack of 12",2
9.05E+12,SPL-2P,Cadco SPL-2P Half Size Steam Pan with Lid for Electric Buffet Servers,2
9.05E+12,XAF-193,Cadco Rossella XAF-193 4-Shelf Full Size Heavy-Duty Manual Countertop Convection Oven - 208-240V,2
9.05E+12,CSR-3T(220),"Cadco CSR-3T(220) Single Burner Stainless Steel Portable Electric Hot Plate with 8"" Tubular Element - 1,500W, 220V",2
9.05E+12,LKR-220,"Cadco LKR-220 Single Burner Stainless Steel Portable Electric Hot Plate with 9"" Cast Iron Element - 2,000W, 220V",2
9.05E+12,KR-S2,"Cadco KR-S2 Single Burner Stainless Steel Portable Electric Hot Plate with 7 1/8"" Cast Iron Element - 1,500W, 120V",2
9.05E+12,VK-120-SS,"Cadco VariKwik VK-120-SS Stainless Steel Countertop High-Speed Oven with Touchscreen - 1,650W, 120V",2
9.05E+12,OV-013SS,Cadco Lisa OV-013SS 3-Shelf Half Size Medium-Duty Manual Countertop Catering Convection Oven with Stainless Steel Door - 120V,2
9.02E+12,DHP094A35AA,"Amana DHP094A35AA Distinctions 42"" Packaged Terminal Air Conditioner Unit with 3.5kW Heat Pump, R410A, 9000 BTU,11.3 EER, 265v",2
9.02E+12,DHP093A50AA,"Amana DHP093A50AA Distinctions 42"" Packaged Terminal Air Conditioner Unit with 5kW Heat Strip and Cooling Capacity of 9,000 BTU, R410A, 11.4 EER, Quiet White,208/230v",2
9.02E+12,DCP123A25AA,"Amana DCP123A25AA Distinctions 42"" Packaged Terminal Air Conditioner Unit Air Conditioner with 2.5 kW Heat Strip and Cooling Capacity of 12,000 BTU, R-410A, 10.7 EER, Quiet White, 208/230v",2
9.02E+12,DCP073A35AA,"Amana DCP073A35AA Distinctions 42"" Packaged Terminal Air Conditioner Unit Air Conditioner with 3.5 kW Electric Heater and Cooling Capacity of 7,200 BTU, R-410A, 13.1 EER, Quiet White, 208/230v",2
9.02E+12,DCP073A25AA,"Amana DCP073A25AA Distinctions 42"" Packaged Terminal Air Conditioner Unit with 2.5 kW Electric Heat Kit and Cooling Capacity of 7,200 BTU, R410A, 13.1 EER, Quiet White,208/230v",2
9.02E+12,PGK01**,"Amana PGK01** 42"" PTAC Exterior Grilles Polymer Blend Grille With Chemical and UV Protective Coating",2
9.02E+12,AGK01CB,"Amana AGK01CB 42"" Extruded Aluminum Architectural Grille",2
9.01E+12,refnfr4400,"Roomwell REFNFR4400 Counter Top Mini Fridge With a Solid Door, 115V",2
8.99E+12,TS32,Taylor TS32 32 oz. Mechanical Portion Control Scale with Rotating Dial,2
8.99E+12,6714,"Taylor 6714 13.25"" Indoor Outdoor Dial Thermometer, -60 to 120 F",2
8.99E+12,5460,"Taylor 5460 10"" Indoor & Outdoor Min/Max Thermometer, -40 to 120 F",2
8.99E+12,5262798,"Taylor 5262798 Digital Refrigerator / Freezer Thermometer, -4 to 140 F",2
8.98E+12,SGF-50L,"Serv-Ware SGF-50L 16"", Stainless Steel 4 Tube Fryer, LPG Gas, 120,000 BTU/H",2
8.95E+12,EMGR33C,"Everest Refrigeration EMGR33C 39 3/8"" Bottom Mount Chromatography Sliding Door Refrigerators, 115 V, 1 Phase, 60 Hz",2
8.95E+12,ESC83R,"Everest Refrigeration ESC83R 82 5/8"" Right Mount Countertop Refrigerated Display Sushi Case, 115 V, 1 Phase, 60 Hz",2
8.95E+12,EPBNR3,"Everest Refrigeration EPBNR3 71 1/8"" Back Mount Sandwich Prep. Table Refrigerator, 115 V, 1 Phase, 60 Hz",2
8.95E+12,EOMV-36-W-28-T,"Everest Refrigeration EOMV-36-W-28-T 37 1/4"" Bottom Mount Open Air Vertical Refrigerated Merchandiser, 115 V, 1 Phase, 60 Hz",2
8.95E+12,EBWR1,"Everest Refrigeration EBWR1 29 1/4"" Bottom Mount Solid Door Reach-In Refrigerator, 115 V, 1 Phase, 60 Hz",2
8.95E+12,ESFH2,"Everest Refrigeration ESFH2 29 1/4"" Top Mount Solid Door Reach-In Freezer, 115 V, 1 Phase, 60 Hz",2
8.95E+12,ESGRH2,"Everest Refrigeration ESGRH2 29 1/4"" Top Mount Glass Door Reach-In Refrigerator, 115 V, 1 Phase, 60 Hz",2
8.95E+12,1022475,"Zwilling 1022475 Kramer Cumulus 7"" Santoku Knife",2
8.95E+12,1023679,"Staub 1023679 Cast Iron 11'' Traditional Deep Skillet, Lilac",2
8.95E+12,1004448,"Staub 1004448 Stoneware 4.75"" Small Universal Bowl, Dark Blue",2
8.95E+12,1003595,Staub 1003595 Silicone Serving Spoon with Wood Handle,2
8.95E+12,1003590,Staub 1003590 Staub Serving Turner,2
8.95E+12,1003431,"Staub 1003431 Cast Iron 0.25-qt Mini Round Cocotte, White Truffle",2
8.95E+12,1009557,"Staub 1009557 Stoneware 2-Piece Rectangular Baking Dish Set, Rustic Turquoise",2
8.95E+12,1001155,"Ballarini 1001155 Rosso Spatula, Large",2
8.95E+12,1001168,"Ballarini 1001168 Nero Spatula, Large",2
8.95E+12,1000648,Zwilling 1000648 4 Piece Stainless Steel Twin Kids Grimm's Fairytales Flatware Set,2
8.95E+12,1002511,"Zwilling 1002511 13 3/4"" Stainless Steel Frying Pan Turner",2
8.95E+12,1010587,"Zwilling 1010587 Enfinigy Glass Drip Coffee Maker, Silver",2
8.95E+12,1009638,"Zwilling 1009638 Enfinigy Electric Salt/Pepper Mill, White",2
8.95E+12,1014174,"Zwilling 1014174 Sorrento 27 Oz Double Wall French Press and 27 Oz Latte Glass, 3 Pcs",2
8.95E+12,1029475,"Staub 1029475 Cast Iron 8.5"" Traditional Deep Skillet, Black",2
8.95E+12,1004581,"Staub 1004581 Stoneware 4.75"" Small Universal Bowl, White",2
8.95E+12,1004102,"Staub 1004102 Cast Iron 5.75"" X 4 .5"" Mini Rectangular Baker, Black",2
8.95E+12,1004047,"Staub 1004047 Cast Iron 0.75-qt Round Dutch Oven, Graphite Grey",2
8.95E+12,1003715,"Staub 1003715 11"" Round Enameled Cast Iron Skillet with Handle, Grenadine",2
8.95E+12,1001985,Miyabi 1001985 Artisan 4 Piece Steak Knife Set with Brown Pakkawood Handle,2
8.95E+12,1029647,Henckels 1029647 Pizza Stone,2
8.95E+12,1019681,Miyabi 1019681 Evolution 7 Piece Knife Set with Wood Block,2
8.95E+12,1029646,Henckels 1029646 2pc Pizza Prep And Cut Set,2
8.95E+12,1019777,Miyabi 1019777 Black 10 Piece Knife Set with Magnetic Wood Easel,2
8.95E+12,1002528,Zwilling 1002528 Stainless Steel Garlic Press with Ergonomic Handle,2
8.95E+12,1023538,"Zwilling 1023538 Enfinigy Thermal Drip Coffee Maker, Black",2
8.95E+12,1013576,"Henckels 1013576 Stainless Steel Whisk, Large",2
8.95E+12,1018254,Ballarini 1018254 Parma 3-pc Aluminum Nonstick Fry Pan Set,2
8.95E+12,1006565,"Ballarini 1006565 3 Piece Cookin'Italy Crepe Pan Set, Aluminum",2
8.95E+12,1022709,"Zwilling 1022709 Vitale 10"" Aluminum Nonstick Fry Pan",2
8.95E+12,1016830,Zwilling 1016830 Commercial 9-qt Stainless Steel Sauce Pot Lid,2
8.95E+12,1023658,"Staub 1023658 Cast Iron 7-qt Round Dutch Oven, Lilac",2
8.95E+12,1018637,Zwilling 1018637 Four Star 6-Piece Piece Knife Set with Wood Block,2
8.95E+12,1018024,"Ballarini 1018024 Parma 8"" Aluminum Nonstick Fry Pan",2
8.95E+12,1004433,"Staub 1004433 Cast Iron 10"" Fry Pan, Dark Blue",2
8.95E+12,1004840,"Staub 1004840 Stoneware 4.3"" Utensil Crock, Cherry",2
8.95E+12,180 UC,"CMA Dishmachine 180 UC High Temperature Undercounter Dishwasher with Dispenser, 1 Phase, 220V, 60Hz, 1HP",2
8.94E+12,TIOM-48RSRB-N,"Turbo Air TIOM-48RSRB-N 48"" Open Island Display Case, 28.8 cu. Ft., 220/60/1, Black",2
8.94E+12,TOM-72UC-S-N,"Turbo Air TOM-72UC-S-N 72-1/4"" Drop-In Horizontal Open Display Case, 10.4 cu. Ft., 115/60/1",2
8.94E+12,TOM-48L-UF-W(B)-2SI-N,"Turbo Air TOM-48L-UF-W(B)-2SI-N 47-7/8"" Drop-In Horizontal Open Display Case, 10.2 cu. Ft., 115/60/1",2
8.94E+12,TOM-48L-UF-S-3S-N,"Turbo Air TOM-48L-UF-S-3S-N 46-3/4"" Low Profile Horizontal Open Display Merchandiser, 15.2 cu. ft., 115/60/1",2
8.94E+12,TOM-40SW(B)-N,"Turbo Air TOM-40SW(B)-N 39-1/8"" Horizontal Open Display Merchandiser, 6.7 cu. Ft., 115/60/1",2
8.94E+12,TFS-25F-N,"Turbo Air TFS-25F-N 69"" Top Open Island Freezer, 25.22 cu. Ft., 115/60/1",2
8.94E+12,MWR-24S-N6,"Turbo Air MWR-24S-N6 24"" 1 Section Super Deluxe Worktop Refrigerator, 2.86 cu. Ft., 115/60/1 - Shallow Depth",2
8.94E+12,JBT-36-N,"Turbo Air JBT-36-N 35-3/8"" 1 Section J Series Refrigerated Buffet Table, 7.5 cu. Ft., 115/60/1",2
8.94E+12,TST-60SD-08S-N-CL,"Turbo Air TST-60SD-08S-N-CL 60-3/8"" Super Deluxe Sandwich/Salad Mega Top Unit, 16 cu. Ft., 115/60/1",2
8.94E+12,TST-48SD-18-E-SVC-N,"Turbo Air TST-48SD-18-E-SVC-N 72-5/8"" Super Deluxe Sandwich/Salad Mega Top Unit, 15 cu. Ft., 115/60/1, 2 Section w/ Extended Countertop & Bin Space",2
8.94E+12,M3H24-1-G-TS,"Turbo Air M3H24-1-G-TS 28-3/4"" 1 Section Heated Cabinet, 22.7 cu. Ft., 115/60/1 - Universal Tray Slide",2
8.94E+12,M3H24-1,"Turbo Air M3H24-1 28-3/4"" 1 Section Heated Cabinet, 22.7 cu. Ft., 115/60/1",2
8.94E+12,PRO-77H-G,"Turbo Air PRO-77H-G 77.75"" 3 Section Heated Cabinet, 73.9 cu. Ft., 208-230v/115v/60/1",2
8.94E+12,BMMSM12,"BakeMax BMMSM12 23.5"" Meat Slicer Manual Gravity Feed, 12"" Blade, 120/60/1",2
8.94E+12,BMMGA01,"BakeMax BMMGA01 8"" Meat Grinder Attachment, Fits BMPM & BMPME Series Mixers",2
8.94E+12,BMMG002,"BakeMax BMMG002 20"" Electric Meat Grinder, Counter Top",2
8.94E+12,BMMG001,"BakeMax BMMG001 18"" Electric Meat Grinder, Counter Top, 485 lbs, 120v/60/1",2
8.94E+12,BMGG019,"BakeMax BMGG019 19"" Grab & Go Refrigerated Floor Display, 115v/60/1",2
8.94E+12,BMTSC36,"BakeMax BMTSC36 36"" Titan Series Heated Warmer/Display Case, Countertop, 120v/60/1",2
8.94E+12,BMPM120,"BakeMax BMPM120 28"" Planetary Mixer, 120 Qt., Floor Model",2
8.94E+12,BMPM20A,"BakeMax BMPM20A 21.4"" Countertop Planetary Mixer, 20 Qt",2
8.94E+12,BMPME30,"BakeMax BMPME30 21.7"" Countertop Planetary Mixer, 30 Qt",2
8.94E+12,BMSM080,"BakeMax BMSM080 28"" Spiral Dough Mixer, 175 Lb, 127 Qt Bowl",2
8.94E+12,BAS60O,"BakeMax BAS60O 60"" Restaurant Series Commercial Gas Range w/ 10 burners, 325,000 BTU",2
8.94E+12,BAS24O,"BakeMax BAS24O 24"" Restaurant Series Commercial Gas Range 4 burners with Standard Oven, 150,000 BTU",2
8.94E+12,BAKEL40,"BakeMax BAKEL40 15-1/2"" Liquid Propane Gas Fryer, Floor Model, 40 lb., 90,000 BTU",2
8.94E+12,BATG24,"BakeMax BATG24 24"" Countertop Themostatic Gas Griddle w/ Manual Controls, 60,000 BTU",2
8.93E+12,CTCO-50,"Atosa CTCO-50 23"" Countertop Convection Oven, Half Size, 120V, 1550W",2
8.93E+12,CTCO-25,"Atosa CTCO-25 18.75"" Countertop Convection Oven, Quarter Size, 120V, 1440W",2
8.93E+12,ATSE-3024,"Atosa ATSE-3024 24"" Stainless Steel Equipment Stand",2
8.93E+12,AGR-8B-LP,"Atosa AGR-8B-LP 48"" CookRite Range Liquid Propane Gas, 8 Burners",2
8.93E+12,MSF3615GR,"Atosa MSF3615GR 36.31"" Mega Top Sandwich Prep Table 8.7 Cu. Ft",2
8.93E+12,AGR-36G-LP,"Atosa AGR-36G-LP 36"" CookRite Range Liquid Propane Gas",2
8.93E+12,AGR-6B-NG,"Atosa AGR-6B-NG 36"" CookRite Range Natural Gas, 6 Burners",2
8.93E+12,AGR-4B-NG,"Atosa AGR-4B-NG 24"" CookRite Range Natural Gas, 4 Burners with Standard Oven",2
8.93E+12,AGR-4B-LP,"Atosa AGR-4B-LP 24 "" CookRite Range Liquid Propane Gas, 4 Burners",2
8.93E+12,CSTEB-5C,"Atosa CSTEB-5C 72.5"" 3750W/240V  Electric Steam Table, 5 Open Wells",2
8.93E+12,ATCB-36,"Atosa ATCB-36 36"" Heavy Duty Countertop Charbroiler 105,000 BTU",2
8.93E+12,ATCB-24,"Atosa ATCB-24 24"" Heavy Duty Countertop Charbroiler 70,000 BTU",2
8.93E+12,CTD-3S,"Atosa  CTD-3S 18.13"" Countertop Display Refrigerator 2.4 Cu.Ft",2
8.93E+12,CRDC-35,"Atosa CRDC-35 27.6"" Curved Glass Countertop Refrigerated Display Case 3.5 Cu.Ft",2
8.93E+12,ATSB-36,"Atosa ATSB-36 36"" Infrared Salamander Broiler",2
8.93E+12,MGF8409GR,"Atosa MGF8409GR 48.3"" Worktop Refrigerator with Backsplash 13.4 Cu.Ft",2
8.93E+12,MGF8410GR,"Atosa MGF8410GR 60.2"" Worktop Refrigerator with Backsplash 17.2 Cu.Ft",2
8.93E+12,MKC23GR,"Atosa MKC23GR 1 Double Tap Kegerator Beer Dispenser - Stainless Steel, 1 1/2 Keg Capacity 7.1 Cu.Ft",2
8.93E+12,MGF8451GR,"Atosa MGF8451GR 52.06"" Two Drawer Refrigerated Chef Base  8.4  Cu.Ft",2
8.93E+12,MPF8203GR,"Atosa MPF8203GR 93"" Pizza Prep Table, 12 Pans 68 Cu.Ft",2
8.93E+12,MSF8306GR,"Atosa MSF8306GR 48.2"" Mega Top Sandwich Prep Table, 18 Pans 7.2 Cu.Ft",2
8.93E+12,MSF8304GR,"Atosa MSF8304GR 72.7"" Sandwich Prep Table, 18 Pans 21.1 Cu.Ft",2
8.93E+12,MSF8303GR,"Atosa MSF8303GR 60.2"" Sandwich Prep Table, 16 Pans 17.2 Cu.Ft",2
8.93E+12,MGF8402GR,"Atosa MGF8402GR  48.25"" Undercounter Refrigerator 13.4 Cu.Ft",2
8.93E+12,MBF8507GR,"Atosa MBF8507GR 55"" Reach-In Bottom Mount Refrigerator, 2 Two Door, 46.8 Cu.Ft",2
8.93E+12,MBF8001GR,"Atosa MBF8001GR 29"" Reach-In Top Mount Freezer, 1 Door, 21.4 Cu.Ft",2
8.93E+12,MBF8004GR,"Atosa MBF8004GR 29"" Reach-In Top Mount Refrigerator, 1 One Door, 22 Cu.Ft",2
8.93E+12,MWF9010GR,"Atosa MWF9010GR 40 1/2"" Solid Top Chest Freezer,  10 cu. Ft",2
8.92E+12,RSHSD02,Roomwell UK Smart Scent Diffuser,2
8.92E+12,5765-8,"Forbes Industries 5765-8 28.5"" Modern 8ft. Bar Cart - Double Sink, Wood & Brass Accents",2
8.92E+12,5746,"Forbes Industries 5746 18"" Handwashing Cart - Black Laminate Cabinet",2
8.92E+12,4757,"Forbes Industries 4757 38"" Bussing Station High Pressure Laminate Cabinet Vinyl T-molding",2
8.92E+12,C-G48,"Migali C-G48 Counter-top  48"" Wide Manual Griddle W/Manual Controls",2
8.92E+12,C-CB52-60-HC,"Migali C-CB52-60-HC 52"" Wide Chef Base Refrigerator",2
8.92E+12,C-2FB-35-HC,Migali C-2FB-35-HC Bottom Mount Reach-In Slim Double Door 35 cu/ft Freezer,2
8.91E+12,S196Y,"Dexter Russell S196Y Sani-Safe 6"" X 3"" Dough Cutter/Scraper - 17303Y",2
8.91E+12,P47005,"Dexter Russell P47005 Basics 6 1/2"" Deba Knife - 31445",2
8.91E+12,30401,"Dexter Russell 30401 iCut-PRO 10"" Butcher Steel",2
8.91E+12,S2493�PCP,"Dexter Russell S2493 1/2 Traditional 3 1/2"" Sandwich Spreader - 18100",2
8.91E+12,9160,"Dexter Russell 9160 Traditional 6"" x 1"" Produce Industrial Shoe Knife - 166",2
8.91E+12,PTH153J50AXXX,"Amana PTH153J50AXXX 14,600 BTU Packaged Terminal Air Conditioner with 14,300 BTU Heat Pump, 5.0kW Electric Heater,  30 AMP, and NEMA 6-30 LCDI Cord",2
8.91E+12,PTC173J25AXXX,"Amana PTC173J25AXXX 16,700 BTU Packaged Terminal Air Conditioner with Electric Heater, 15 AMP, and NEMA 6-15 LCDI Cord",2
8.91E+12,PTC153J50AXXX,"Amana PTC153J50AXXX 14,800 BTU Packaged Terminal Air Conditioner with Electric Heat, 30 AMP, and NEMA 6-30 LCDI Cord",2
8.91E+12,PTC093J25AXXX,"Amana PTC093J25AXXX 9,200 BTU Packaged Terminal Air Conditioner with Electric Heat, 15 AMP, and NEMA 6-15 LCDI Cord",2
8.91E+12,PHWT-A200,Amana PHWT-A200 Programmable Thermostat with 2-Stage Heat / 2-Stage Cool or Heat Pump,2
8.91E+12,PHWT-A150H,Amana PHWT-A150H Non-Programmable Thermostat with 2-Stage Heat / 1-Stage Cool or Heat Pump,2
8.91E+12,PTC153K35AXXX,"Amana PTC153K35AXXX 14,800 BTU Packaged Terminal Air Conditioner with Electric Heater, 20 AMP, and NEMA 6-20 LCDI Cord",2
8.91E+12,PTC093K25AXXX,"Amana PTC093K25AXXX 9,200 BTU Packaged Terminal Air Conditioner with Electric Heater, 20 AMP, and NEMA 6-20 LCDI Cord",2
8.90E+12,BTLX275417,Luxeco Bath Towel 27 x 54 17 Lbs,2
8.90E+12,XDBCEC-6,"Chrome Bellman's Cart  - 6"" Fully Pneumatic Wheels",2
8.90E+12,KDV105,Duvet Inserts T-210 Comfort Lite 105 x 95 - King,2
8.86E+12,TN713,"Winco TN713 Sandwich Spreader with Wooden Handle, 3-3/4"" x 1-3/16""",2
8.86E+12,PBC-16,"Winco PBC-16 16"" Cotton Pastry Bag with Plastic Coating",2
8.86E+12,SP7600H,Winco SP7600H 1/6 Size Polycarbonate Hinged Food Pan Cover,2
8.86E+12,EPO-P7,Winco EPO-P7 Replacement Knob For EPO-1 Pizza Oven,2
8.86E+12,AICD-16,Winco AICD-16 Aluminum Ice Cream Dipper 2.5 Oz,2
8.86E+12,PWR-28BE,"Winco PWR-28BE 28 Qt Beige Rectangular Wastebasket, 14-5/8"" x 10-1/4"" x 15""",2
8.86E+12,CHPB-3BX,"Winco CHPB-3BX 3.5"" Black Ventilated Pillbox Hat, X-Large",2
8.86E+12,BAMN-1.5,Winco BAMN-1.5 Prime 1-1/2Qt Stainless Steel Bain Marie,2
8.86E+12,MPS-42W,Winco MPS-42W Marble Mortar and Pestle Set,2
8.86E+12,PLP-5W,Winco PLP-5W White Perforated Bus Box,2
8.86E+12,MPD-60,"Winco MPD-60 60"" Stainless Steel Mixing Paddle",2
8.86E+12,BADN-3430,"Winco BADN-3430 Village Denim Bib Apron, 34.5"" x 30.25""",2
8.84E+12,REFNFR1700,Roomwell UK 1.7 Cu.Ft Mini Fridge Without Freezer,2
8.83E+12,411,Alpine Baby Changing Station,2
8.83E+12,R1000-Walnut,"Hapco Elmar 3qt Round Ice Bucket Walnut (7"" x 8"")",2
8.83E+12,7990-White,Hapco Elmar Tissue Box Cover White,2
8.83E+12,62121,"Ice Bin Station L 45 x W 80 cm, High Temperature Resistant, Scratch Resistant.",2
8.83E+12,62123,"Omelet Station L 45 x W 80 cm, High Temperature Resistant, Scratch Resistant. Safety Borderline, Non Slip. Retractable Wire",2
8.83E+12,62136,"Wooden Middle Shelf L 60 x W 75 cm, Removable, High Temperature Resistant, Scratch Resistant",2
8.83E+12,MVDG70B,Roomwell UK 0.7 Cuft Microwave in black color,2
8.83E+12,BMC15201,Wheelmate Deluxe Bellman Cart,2
8.83E+12,SBC17157,Roomwell UK Titan Safe Box Compact with ADA illuminated Keypad,2
8.83E+12,CO-201,"Winco CO-201 Can Tapper/Bottle Opener, 4"", Nickel Plated",2
8.83E+12,CHK-1K,Winco CHK-1K Check Holder,2
8.83E+12,LC-85,"Winco LC-85 6"" Lobster Cracker w/Retail Card Pkg, Zinc Alloy",2
8.83E+12,CCK-5YL,"Winco CCK-5YL Coat Check Tickets, Yellow, 500pcs/box",2
8.83E+12,PWBK-9V,"Winco PWBK-9V Poly Woven Baskets, Oval, 9"" x 7"" x 2-3/4"", Black/Gold",2
8.83E+12,PMAT-64CH,CAC China PMAT-64CH Carpet Floor Mat Vinyl Back Charcoal 6x4'  /Each,2
8.83E+12,WPFR-10S,"CAC China WPFR-10S Whip SS French 10"" Case of 12 Pcs",2
8.83E+12,TTSD-35,CAC China TTSD-35 Sherbet Dish SS 3.5oz Case of 12 Pcs,2
8.83E+12,TNRW-SC53,"CAC China TNRW-SC53 Scraper Grill SS Wood Hdl Small 4-1/2""  Case of 12 Pcs",2
8.83E+12,TNRW-PF83,"CAC China TNRW-PF83 Turner Perforated SS Wood Hdl 8-1/4""  Case of 12 Pcs",2
8.83E+12,TMLH-9,CAC China TMLH-9 Tumbler Plastic Tropical 9oz Case of 72 Pcs,2
8.83E+12,SWBT-5,CAC China SWBT-5 Wine Bucket SS W/ Hanging Hdl Case of 6 Pcs,2
8.83E+12,STPH-S25-4,"CAC China STPH-S25-4 Steam Pan SS 1/2 25Ga. Std. 4"" Case of 6 Pcs",2
8.83E+12,STKP-83,CAC China STKP-83 Stock Pot SS W/ Lid 83QT Set,2
8.83E+12,STKP-12,CAC China STKP-12 Stock Pot SS W/ Lid 12QT Set,2
8.83E+12,STCH-10YL,"CAC China STCH-10YL Tong SS W/ Yellow Hdl 10"" Case of 12 Pcs",2
8.83E+12,SSTR-11S,"CAC China SSTR-11S Strainer Mesh SS Single W/ Wood Hdl 11""Dia Case of 12 Pcs",2
8.83E+12,SSLD-40GY,CAC China SSLD-40GY Ladle SS One-Piece W/ Gray Hdl 4oz /Each,2
8.83E+12,SSKM-60,"CAC China SSKM-60 Skimmer SS 6""Dia /Each",2
8.83E+12,SSBZ-8,CAC China SSBZ-8 Brazier SS W/ Lid 8QT Set,2
8.83E+12,SRHF-2520,"CAC China SRHF-2520 16"" Stainless Steel Hood Filter, Each",2
8.83E+12,SQBT-W-12C,CAC China SQBT-W-12C Squeeze Bottle Wide-Mouth Clear 12 Oz PKT of 12 Pcs,2
8.83E+12,SPSW-4,"CAC China SPSW-4 Spreader SS Serrated Wood Hdl 3-3/4"" /Each",2
8.83E+12,SPFB-6,"CAC China SPFB-6 9-1/2"" Nickel-Plated Fry Basket With Black Handle, Case of 6 Pcs",2
8.83E+12,SPDB-16,"CAC China SPDB-16 11"" X 10-3/8"" Stainless Steel Pasta Cooker With Lid 16QT Set",2
8.83E+12,SPCO-1021,"CAC China SPCO-1021 Plate Cover SS 12 5/8"" Case of 12 Pcs",2
8.83E+12,SCSK-28,CAC China SCSK-28 Shaker SS Cobbler 3-PC 28oz /Each,2
8.83E+12,S3AP-2,CAC China S3AP-2 Saucepan SS W/ Lid 2QT /Each,2
8.83E+12,RMAT-33BK,CAC China RMAT-33BK Floor Mat Rubber Interlocking Black 3x3' /Each,2
8.83E+12,OVCT-Q1,"CAC China OVCT-Q1 19.75"" Countertop Convection Oven 0.9cu.ft, 1440W",2
8.83E+12,OVCT-H2,"CAC China OVCT-H2 22.88"" Countertop Half Size Convection Oven, 1.6cu.ft, 1600W",2
8.83E+12,OMS1-17,"CAC China OMS1-17 Oven Mitt Cotton Silicone-Coated 17"" /Each",2
8.83E+12,MCBK-400,CAC China MCBK-400 Measuring Cup PC 4QT/400-4000ML /Each,2
8.83E+12,KUSF-R-16,"CAC China KUSF-R-16 Scraper Rubber Blade Flat 16-1/4""  /Each",2
8.83E+12,KUNL-SO01,CAC China KUNL-SO01 Spoon Nylon Black Solid /Each,2
8.83E+12,ICTP-4,"CAC China ICTP-4 Table Pan Carrier Insulated 1/1 Size 26-3/8x18-1/2x24-1/4""H Gray Set",2
8.83E+12,IBSC-32LD,CAC China IBSC-32LD Lid for IBSC-32 Case of 12 Pcs,2
8.83E+12,IBSC-20SD,CAC China IBSC-20SD Lid Sliding for IBSC-20 Case of 6 Pcs,2
8.83E+12,IBSC-10SD,CAC China IBSC-10SD Lid Sliding for IBSC-10 Case of 6 Pcs,2
8.83E+12,IBIN-6LD,CAC China IBIN-6LD Lid for IBIN-6 Case of 4 Pcs,2
8.83E+12,IBIN-6,CAC China IBIN-6 Ingredient Bin Shelf 100Cup/6.3Gal Set,2
8.83E+12,IBIN-21,CAC China IBIN-21 Ingredient Bin Mobile 21 Gal Set,2
8.83E+12,HDRS-11N,"CAC China HDRS-11N 23"" 11-Roller Non-Stick Coating Hot Dog Roller Grill Set with Sneeze Guard, 30 Hot Dog Capacity",2
8.83E+12,GLTP-25,CAC China GLTP-25 Teapot W/ 304SS Infuser 25oz /Each,2
8.83E+12,GLLX-2YS,CAC China GLLX-2YS Glove Latex Yellow Small /Each,2
8.83E+12,FS2P-8T,CAC China FS2P-8T Food Storage CTR. Round PP Trans. 8QT Case of 12 Pcs,2
8.83E+12,FPDC-250S,"CAC China FPDC-250S 1/4"" Small Vegetable Dicer, Set",2
8.83E+12,DBBK-3H,"CAC China DBBK-3H Dough Box Plastic 25-5/8x18x3-1/4"" Case of 6 Pcs",2
8.83E+12,CAFR-201,CAC China CAFR-201 Luminous Chafer Full Size 8QT Set,2
8.83E+12,BVCM-30,"CAC China BVCM-30 Electric Urn Coffee Maker 30Cups, 4.5 Liters, 950W, Each",2
8.83E+12,BTST-SK,"CAC China BTST-SK Single Brass Burner Butane Stove, 95,000 BTU, Each",2
8.83E+12,BTPZ-0520R,"CAC China BTPZ-0520R BagTec Dlv. Bag Pizza Red 20x20x5"" Case of 6 Pcs",2
8.83E+12,BRMT-18BK,"CAC China BRMT-18BK Bar Mat Plastic Service Black 18x12"" Case of 12 Pcs",2
8.83E+12,BMSC-1421,"CAC China BMSC-1421 Baking Mat Silicone 20-1/2x14-3/8"" Case Pack of 10 Pcs",2
8.83E+12,BMSC-1217,"CAC China BMSC-1217 Baking Mat Silicone 16-1/2x11-5/8"" Case Pack of 10 Pcs",2
8.83E+12,ASHP-1013,"CAC China ASHP-1013 Sheet Pan AL 1/4 Size 13x10"" 20Ga. /Each",2
8.83E+12,APZS-20S,"CAC China APZS-20S Pizza Screen AL 20"" /Each",2
8.83E+12,APHT-2BL,"CAC China APHT-2BL Chef's Pride Hat Floppy Toque 13""H Blue /Each",2
8.83E+12,APBB-3W,CAC China APBB-3W Chef's Pride Apron Bib Mid-Length Adj 3-Pkt White /Each,2
8.83E+12,APBB-1K,CAC China APBB-1K Chef's Pride Apron Bib Full Length w/o Pocket Black /Each,2
8.83E+12,ALDR-1424E,"CAC China ALDR-1424E 14"" Aluminium Dunnage Rack, Case of 8 Pcs",2
8.83E+12,ADRE-10H,CAC China ADRE-10H Dredge AL W/ Handle 10 Oz Case of 12 Pcs,2
8.83E+12,3033-11,"CAC China 3033-11 Tulip Table Fork 18/0 Xtra. HW 8-1/4"" Case of 12 Pcs",2
8.83E+12,3011-06,"CAC China 3011-06 Jasmine Salad Fork 18/0 HW 6-3/4"" Case of 12 Pcs",2
8.83E+12,TG-1-G,"CAC China TG-1-G Cup Tall Green 7.5oz 3 1/2"" Case of 36 Pcs",2
8.83E+12,R-11-Y,"CAC China R-11-Y Fruit Dish Yellow 4.75oz 4 3/4"" Case of 36 Pcs",2
8.83E+12,PMS-SQ21-G,"CAC China PMS-SQ21-G Square Plate Light Green 12"" Case of 12 Pcs",2
8.83E+12,NRC-27,"CAC China NRC-27 Deep Oval Platter N.R. 13 1/2"" Case of 12 Pcs",2
8.83E+12,NGA-B4,"CAC China NGA-B4 Square Bowl 7oz 4 1/2"" Case of 48 Pcs",2
8.83E+12,NGA-2,"CAC China NGA-2 Square Saucer For NGA-1 5 3/4"" Case of 36 Pcs",2
8.83E+12,MDN-2,"CAC China MDN-2 Saucer For MDN-1 5 3/4"" Case of 36 Pcs",2
8.83E+12,KSE-55,"CAC China KSE-55 Square Saucer For KSE-54 4 1/2"" Case of 36 Pcs",2
8.83E+12,KC-B8-PCK,"CAC China KC-B8-PCK Square Bowl Peacock 42oz 8"" Case of 24 Pcs",2
8.83E+12,GW-36,"CAC China GW-36 Saucer For GW-35, GW-CLB35, etc. 4 1/2"" Case of 36 Pcs",2
8.83E+12,GW-35,"CAC China GW-35 Cup C.D. 3.5oz 2 1/2"" Case of 36 Pcs",2
8.83E+12,GW-11,"CAC China GW-11 Fruit Dish R.E. 5oz 4 7/8"" Case of 36 Pcs",2
8.83E+12,GS-7,"CAC China GS-7 Plate R.E. #5 7 1/8"" Case of 36 Pcs",2
8.83E+12,GS-6,"CAC China GS-6 Plate R.E. #4 1/2 6 5/8"" Case of 36 Pcs",2
8.83E+12,GDC-22,"CAC China GDC-22 Plate 8 1/4"" Case of 36 Pcs",2
8.83E+12,GDC-20,"CAC China GDC-20 Plate 11 1/4"" Case of 12 Pcs",2
8.83E+12,GDC-2,"CAC China GDC-2 Saucer for GDC-1, GDC-37, etc. 5 1/2"" Case of 36 Pcs",2
8.83E+12,GAD-AT,"CAC China GAD-AT Ashtray 4 1/2"" Case of 72 Pcs",2
8.83E+12,GAD-80,"CAC China GAD-80 Nappie 25oz 7"" Case of 24 Pcs",2
8.83E+12,E-75,"CAC China E-75 Cup & Saucer Set White 7.5oz [Cup I Saucer] 3 5/8 I 5 7/8"" Set",2
8.83E+12,E-11-CBU,"CAC China E-11-CBU Cup & Saucer Set Cobalt Blue 11 Oz [Cup I Saucer] 4 1/2 I 6 1/2"" Set",2
8.83E+12,E-11,"CAC China E-11 Cup & Saucer Set White 11 Oz [Cup I Saucer] 4 1/2 I 6 1/2"" Set",2
8.83E+12,CTY-23,"CAC China CTY-23 Contemporary Tray W/ Bamboo Rim 12"" Case of 12 Pcs",2
8.83E+12,AST-4,"CAC China AST-4 Ashtray PW 4 1/2"" Case of 48 Pcs",2
8.83E+12,103-1-S,"CAC China 103-1-S Stacking Cup, 8oz 3 1/2"" Case of 36 Pcs",2
8.83E+12,101-SB,"CAC China 101-SB Soy Sauce Bottle 6oz 4 1/2"" Case of 24 Pcs",2
8.82E+12,SLSPS4100,"Thunder Group SLSPS4100 100 qt, 20-1/2"" Diameter x 19-5/8"" Height, 2-3/8"" Welded Handle, Stock Pot with 20-3/8"" Diameter x 5/8"" Thickness Lid",2
8.82E+12,SLSPS4008C,"Thunder Group SLSPS4008C 10"" Diameter x 1/2"" Thickness, Lid fits SLSPS008, SLSAP4030, SLSSP060 & SLSSP076",2
8.82E+12,96457,Libbey 96457 Wood Bourbon Taster Flight Paddle - Case of 12 Pcs,2
8.82E+12,96379,Libbey 96379 Replacement Growler Cap - Case of 72 Pcs,2
8.82E+12,92142,Libbey 92142 16 oz. Tiki Glass - Case of 12 Pcs,2
8.82E+12,92129,Libbey 92129 33.5 oz. Glass Milk Bottle - Case of 24 Pcs,2
8.82E+12,3620JS,Libbey 3620JS 16 oz. Cactus Margarita Glass - Case of 12 Pcs,2
8.82E+12,13150034,Libbey 13150034 34 oz. Water Bottle with Clear Wire Bail Lid - Case of 6 Pcs,2
8.82E+12,6126-HBB908,"Hamilton Beach 6126-HBB908 Commercial Clear Container Kit for Blenders, 44 oz.",2
8.82E+12,6126-510S-CE,Hamilton Beach 6126-455 Rio Tango EXPEDITOR Blender 48oz Container,2
8.82E+12,NC-SL2,"Winco NC-SL2 Slotted Spoon, Nylon, Heat Resistant",2
8.82E+12,NC-PS1,"Winco NC-PS1 Pasta Fork, Nylon, Heat Resistant",2
8.82E+12,TBN-25,"Winco TBN-25 Table Numbers, 1-25, 4"" x 3-3/4"", Plastic",2
8.82E+12,PMCP-50,"Winco PMCP-50 1pt Measuring Cup, PC, Color Graduations",2
8.82E+12,TMT-P3,"Winco TMT-P3 Pocket Test Thermometer, 50 to 550F Range",2
8.82E+12,GOB-16,"Winco GOB-16 Oil/Vinegar Cruet w/Pourer, 16oz",2
8.82E+12,SP7906,"Winco SP7906 PC Food Pan, 1/9 Size, 6""",2
8.82E+12,PTSC-2,"Winco PTSC-2 2qt Square Storage Container, Translucent, PP",2
8.82E+12,0081-01,"Winco 0081-01 Dominion Teaspoon, 2doz/pk, 18/0 Medium Weight",2
8.82E+12,SPM-31R,"Winco SPM-31R Pastry Mold, Round, 3 x 1.75""",2
8.82E+12,UTPH-12B,"Winco UTPH-12B 12"" Stainless Steel Utility Tong, PP Handle, Blue",2
8.82E+12,PCSC-2C,"Winco PCSC-2C 2qt Square Storage Container, Clear, PC",2
8.82E+12,PTSC-4,"Winco PTSC-4 4qt Square Storage Container, Translucent, PP",2
8.82E+12,NH-5,"Winco NH-5 Stainless Steel Napkin Dispenser, 3-1/2"" x 4-1/2""",2
8.82E+12,PKT-1,"Winco PKT-1 Pump Dispenser w/3 Capacity Restrictors for 1-Gal Jug, 17""L O.A, 1-1/2"" Dia Cap",2
8.82E+12,LMTD-57BK,"Winco LMTD-57BK Two View Table Tent For 5 X 7"" Inserts, Black",2
8.82E+12,SWA-2,"Winco SWA-2 Steak Weight, 4-1/4"" x 8-1/4"", Cast Iron",2
8.82E+12,PCSC-4C,"Winco PCSC-4C 4qt Square Storage Container, Clear, PC",2
8.82E+12,SBS-16,"Winco SBS-16 Silicone Baking Mat, Half-size, 11-5/8"" x 16-1/2""",2
8.82E+12,KWP-80,"Winco KWP-80 8"" Cook's Knife, White PP Handle",2
8.82E+12,SPJP-202,"Winco SPJP-202 Anti-jam Steam Pan, Half-size, 2-1/2"", 23 Ga Stainless Steel",2
8.82E+12,MXHV-800,"Winco MXHV-800 8qt Mixing Bowl, Shallow, Heavy-duty Stainless Steel,0.65mm",2
8.82E+12,KSTK-92,"Winco KSTK-92 SofTek, 9"" Offset Utility/Bread Knife, Soft Grip Handle",2
8.82E+12,KSP-2,Winco KSP-2 Dual Stage Knife Sharpener,2
8.82E+12,CMM-20H,"Winco CMM-20H 20 oz. Moscow Mule Mug, Hammered, Copper-Plated, Brass Handle",2
8.82E+12,CKS-13,"Winco CKS-13 Cake Stand, 13""",2
8.82E+12,WPP-1424,"Winco WPP-1424 24"" Wood Pizza Peel, 14""x15"" Blade",2
8.82E+12,HRCP-1309,"Winco HRCP-1309 Rectangular Cake Pan, 13"" x 9"" x 2-1/4"", Aluminium Steel",2
8.82E+12,ACS-4,"Winco ACS-4 Cheese Slicer, Cast Aluminium",2
8.82E+12,CSPP-14,"Winco CSPP-14 14-1/8"" Paella Pan, Polished Carbon Steel (Spain)",2
8.82E+12,DCWA-205C,"Winco DCWA-205C Mini Sauce Pan, 4-3/8""Dia x 2-3/8""H, Copper Plated",2
8.82E+12,SPTT4,"Winco SPTT4 Straight-sided Steam Pan, 2/3 Size, 4"", 25 Ga Stainless Steel",2
8.82E+12,WOK-36,"Winco WOK-36 16"" Carbon Steel Wok, Integrated Handle, Black",2
8.82E+12,PTSC-18,"Winco PTSC-18 18qt Square Storage Container, Translucent, PP",2
8.82E+12,SBS-24,"Winco SBS-24 Silicone Baking Mat, Full-size, 16-3/8"" x 24-1/2""",2
8.82E+12,CMT-1912,"Winco CMT-1912 Serving Tray w/Handles, Oblong, 19"" x 12"", Chrome Plated",2
8.82E+12,CBXH-1218,"Winco CBXH-1218 Cutting Board, 12"" x 18"" x 1"", White",2
8.82E+12,VSW-64K,"Winco VSW-64K 64oz Insulated Beverage Server, Push Button, Black Swirl",2
8.82E+12,WPP-1842,"Winco WPP-1842 42"" Wood Pizza Peel, 18""x19"" Blade",2
8.82E+12,CDT-26,"Winco CDT-26 Cake Decorating Set, 26 Tips, Stainless Steel",2
8.82E+12,SPTT6,"Winco SPTT6 2/3 Size 6"" Deep Stainless Steel Steam Table Pan - 25 Gauge",2
8.82E+12,SPJP-104,"Winco SPJP-104 Anti-jam Steam Pan, Full-size, 4"", 23 Ga Stainless Steel",2
8.82E+12,PL-3N,"Winco PL-3N Dough Box, 25-5/8"" x 18"" x 3-1/4"", PP",2
8.82E+12,40004,"Winco 40004 Benchmark Popcorn Portion Packs for 4 oz Popcorn Machines, 24packs/case",2
8.82E+12,PBB-18,"Winco PBB-18 Polycarbonate Pebbled Bowl, 18-3/4""",2
8.82E+12,FWS-6BC,"Winco FWS-6BC Apple Core Blade with Screws in Blister package, 6 slices",2
8.82E+12,SPJH-104,"Winco SPJH-104 Stainless Steel Full-Size Anti-Jamming Steam Pan, 4""",2
8.82E+12,PCRC-18,"Winco PCRC-18 Round Polycarbonate Storage Container, 18 Qt.",2
8.82E+12,SPBR-604,"Winco SPBR-604 Stainless Steel Butter Roller, 7"" x 6-3/8""",2
8.82E+12,SBF-5K,"Winco SBF-5K 5-Roll Silicone Bread Form, 18"" x 13""",2
8.82E+12,ABPN-5H,"Winco ABPN-5H Aluminum 5 Slot Sub Sandwich Roll Pan - 13"" x 18""",2
8.82E+12,BGPZ-1909,"Winco BGPZ-1909 Premium Pizza Bag, 19"" x 19"" x 9""",2
8.82E+12,KBG-11,Winco KBG-11 Black Polyester 11 Compartment Knife Bag,2
8.82E+12,BASS-16AC,"Winco BASS-16AC Stainless Steel Shaker Set with Antique Copper Finish, 16 oz, 3-Piece",2
8.82E+12,PTCR-22G,"Winco PTCR-22G 22 Gallon Gray Round Trash Can, 16"" x 30-1/2""",2
8.82E+12,BGPZ-2109,"Winco BGPZ-2109 Premium Pizza Bag, 21.5"" x 21.5"" x 9""H",2
8.82E+12,WOK-16N,"Winco WOK-16N Stainless Steel Wok with Nailed Joint, 16""",2
8.82E+12,40012,"Winco 40012 Benchmark Popcorn Canola Oil, 1 Gallon",2
8.82E+12,ASFP-11,"Winco ASFP-11 Aluminium Stir Fry Pan, 11""",2
8.82E+12,SSFP-12,"Winco SSFP-12 Stainless Steel Fry Pan with Helper Handle, 12""",2
8.82E+12,PFFW-12,"Winco PFFW-12 White Polypropylene Food Storage Box, 18"" x 26"" x 12""",2
8.82E+12,PFFW-15,"Winco PFFW-15 White Polypropylene Food Storage Box, 18"" x 26"" x 15""",2
8.82E+12,PTC-32G,"Winco PTC-32G Gray Round Trash Can, 32 Gallon",2
8.82E+12,CDIC-4,Winco CDIC-4 In-Counter Cup Dispenser,2
8.82E+12,C-WPP,"Winco C-WPP Stainless Steel Spillage Pan, 6""",2
8.82E+12,VEXB-24,"Winco VEXB-24 Epoxy Coated Wall Mount Shelving Brackets, 24""W, 1 Pair",2
8.82E+12,HCD-250BK,"Winco HCD-250BK 1/4"" Replacement Blade & Block for HCD-Series Quick Slice Chopper / Dicer",2
8.82E+12,ABPN-4,"Winco ABPN-4 4 Slot Aluminum Baguette Pan, 18"" x 26"" x 1""",2
8.82E+12,FMG-23K,"Winco FMG-23K Black Rubber Anti-Fatigue Floor Mat, 2' x 3'",2
8.82E+12,MDL-4P,Winco MDL-4P Mandoline Slice Set with Plastic Handle Guard & Built-in Blades,2
8.82E+12,C-4080,"Winco C-4080 Stainless Steel Full-size Folding Stand Chafer, 8 Qt",2
8.82E+12,CSPP-23E,"Winco CSPP-23E Enameled Carbon Steel Paella Pan, 23-5/8""",2
8.82E+12,WCB-1824,"Winco WCB-1824 Wooden Cutting Board, 18"" x 24""",2
8.82E+12,211,"Winco 211 Stainless Steel Soup Warmer, 11 Qt",2
8.82E+12,TGFP-12NS,"Winco TGFP-12NS Triply Stainless Steel Non-Stick Fry Pan, 12""",2
8.82E+12,ASDR-2036,"Winco ASDR-2036 Aluminium Dunnage Rack, 20"" x 36"" x 8""",2
8.82E+12,ECU-50A,"Winco ECU-50A Stainless Steel Commercial 50-Cup Coffee Urn, 110-120V, 950W",2
8.82E+12,MBBE-3,Winco MBBE-3 Wooden Display Easel with Mahogany Finish,2
8.82E+12,TGET-7,"Winco TGET-7 Triply Stainless Steel Saute Pan with Cover and Helper Handle, 7.5 Qt",2
8.82E+12,CSPP-35,"Winco CSPP-35 35-1/2"" Polished Carbon Steel Paella Pan",2
8.82E+12,64010,Winco 64010 Benchmark Plexiglass Sneeze Guard for 10 Dog Roller Grill,2
8.82E+12,SST-80,Winco SST-80 80qt Stainless Steel Stock Pot with Cover,2
8.82E+12,65030,Winco 65030 Benchmark Dry Hot Dog Bun Box for 30 Dog Roller Grill,2
8.82E+12,ALHP-160,"Winco ALHP-160 160 Qt Elemental Aluminium Stock Pot with 4 Handles, 6mm",2
8.82E+12,54012,"Winco 54012 Benchmark Multi-Function Oven 12""x 3"" Opening, 120V",2
8.82E+12,ALCR-3M,Winco ALCR-3M Mobile Under-Counter 3-Tier Can Storage Rack,2
8.82E+12,CCM-28,"Winco CCM-28 ShowTime Electric Cotton Candy Machine with 20.5"" Stainless Steel Bowl, 1080 W",2
8.82E+12,51072A,"Winco 51072A Benchmark Chili & Cheese Warmer with 2 Ladles and Lids, 120V",2
8.82E+12,51040,"Winco 51040 Benchmark 12"" Two Door Pass-Thru Warmer / Merchandiser, 120V",2
8.82E+12,54016,"Winco 54016 Benchmark Multi-Function Oven 16""x 3"" Opening, 120V",2
8.82E+12,62030,"Winco 62030 Benchmark 30 Hot Dog Roller Grill, 120 V",2
8.82E+12,81011A,"Winco 81011A Benchmark Zephyr Cotton Candy Machine, No Dome / 900W, 120V",2
8.82E+12,AWRK-20HBK,"Winco AWRK-20HBK Aluminium 20-Tier Sheet Pan Rack, 3"" Spacing",2
8.82E+12,ESG-2,"Winco ESG-2 Double Sandwich Grill with Dual 9"" Flat Plates, 120V",2
8.82E+12,ECO-500,"Winco ECO-500 1.5 Cubic Feet Half-Size Countertop Convection Oven, 120V, 1600W",2
8.82E+12,11087,"Winco 11087 Benchmark Silver Screen Popcorn Machine with 8 oz Kettle, 120v",2
8.82E+12,EMW-2100BT,"Winco EMW-2100BT Stackable Commercial Microwave with Touch Pad, 2100 W, 208-230v/1ph",2
8.82E+12,9329,Reserve by Libbey 9329 8 oz. Prism Customizable Coupe Glass - Case of 12 Pcs,2
8.82E+12,9233,Reserve by Libbey 9233 16 oz. Contour Customizable Wine Glass - Case of 12 Pcs,2
8.82E+12,9125,Reserve by Libbey 9125 26 oz. Renaissance 26 oz. Wine Glass - Case of 12 Pcs,2
8.82E+12,9015,"Reserve by Libbey 9015 16 oz. Stemless Wine Glass, Renaissance - Case of 12 Pcs",2
8.82E+12,9318,"Libbey 9318 Reserve Series 18 oz with Partially Tempered, High Definition, and High Durability Rim, Stemless Wine Glass, Case of 12 Pcs",2
8.82E+12,N98151,"Libbey N98151 Shu Fa Series 11.25 ozNachtmann Lead-Free Crystal Whiskey Glass, Case of 12 Pcs",2
8.82E+12,4728000,"Libbey 4728000 Spiegelau Salute 27.5 oz Stemmed Lead-Free Crystal Glass Burgundy Glass For Red Wine, Case of 12 Pcs",2
8.82E+12,4718025,"Libbey 4718025 Specialty Series 8-1/2 oz Spiegelau Lead-Free Crystal Stemmed Martini/Cocktail Glass, Case of 12 Pcs",2
8.82E+12,4518029,"Libbey 4518029 Vino Grande Series 8.75 oz Spiegelau Round Champagne Flute Glass with Stem and Sheer Rim, Case of 12 Pcs",2
8.82E+12,4518002,"Libbey 4518002 Vino Grande Series 11.5 oz Round Spiegelau White Wine Glass with Stemmed Base and Non-tempered Glass,Case of 12 Pcs",2
8.82E+12,4508006,"Libbey 4508006 Perfect Serve Series Spiegelau 5 Oz. Nick & Nora Glass, Case of 12 Pcs",2
8.82E+12,4078007,"Libbey 4078007 6.5 oz. Soiree Series Spiegelau Champagne Flute Glass with Tall and Narrow Body, Case of 12 Pcs",2
8.82E+12,97001,"Libbey 97001 MUlti Serve Style 17 oz. Glass Wine Decanter with Safedge Rim, Case of 12 Pcs",2
8.82E+12,926774,"Libbey 926774 Carats Series 14 oz. Beverage Glass with Retro-inspired Cut Glass Look, Case of 12 Pcs",2
8.82E+12,8572SR,"Libbey 8565SR Bristol Valley Series 8.5 oz Customizable Round Chalice Wine Glass with SheerRim Dura-Temp Edge and Stemmed Base, Case of 24 Pcs",2
8.82E+12,8495,"Libbey 8495 Citation Series 6.25 oz Customizable Champagne Flute Glass with Round Shape and Chip-resistant rim,Case of 12 Pcs",2
8.82E+12,8456,"Libbey 8456 Citation Series 10 oz Dishwasher-safe and Commercial-grade Rim Goblet Glass, Case of 24 Pcs",2
8.82E+12,817CD,"Libbey 817CD Heavy Base Series 15.75 oz Round Cooler Glass for Cocktails, Sodas, and Other Fizzy Drinks,Case of 36 Pcs",2
8.82E+12,8054,"Libbey 8054 Georgian Series 6 oz Round Lead Free Georgian Irish Coffee Glass with Footed Stem, Case of 36 Pcs",2
8.82E+12,7518,"Libbey 7518 Vina 10 oz. Round Customizable Martini Glass, Case of 12 Pcs",2
8.82E+12,6298,"Libbey 6298 Oracle 16 oz. Round Cooler Glass , Case of 12 Pcs",2
8.82E+12,5633,"Libbey 5633 Hobstar 16 oz. Round Cooler Glass , Case of 12 Pcs",2
8.82E+12,5304,"Libbey 5304 Classics 10.5 oz. Round Irish Glass Coffee Mug , Case of 12 Pcs",2
8.82E+12,5126/S0711,"Libbey 5126/S0711 2 oz. Round Fluted Shot Glass with .875 oz. Pour Line , Case of 48 Pcs",2
8.82E+12,5114,"Libbey 5114 1.75 oz. Round Shot Glass , Case of 72 Pcs",2
8.82E+12,48,"Libbey 48 2 oz. Round Shot Glass , Case of 72 Pcs",2
8.82E+12,3823/69292,Libbey 3823/69292 14.5 oz. Fizzazz Catalina Customizable Tall Footed Pilsner Glass - Case of 24 Pcs,2
8.82E+12,3711,Libbey 3711 11.5 oz. Embassy Goblet - Case of 24 Pcs,2
8.82E+12,29811HT,Libbey 29811HT 16 oz. Cascade Cooler Glass - Case of 24 Pcs,2
8.82E+12,2970VCP35,Libbey 2970VCP35 11.75 oz. The Gats Highball Glass - Case of 12 Pcs,2
8.82E+12,1637HT,Libbey 1637HT 20 oz. Restaurant Basics Customizable Rim Tempered Mixing Glass - Case of 24 Pcs,2
8.82E+12,1629,Libbey 1629 20 oz. Giant Pilsner Glass - Case of 12 Pcs,2
8.82E+12,1611,Libbey 1611 23 oz. Giant Pilsner Glass - Case of 12 Pcs,2
8.82E+12,15459,Libbey 15459 16 oz. Winchester Cooler Glass - Case of 36 Pcs,2
8.82E+12,15256,Libbey 15256 16 oz. Gibraltar Cooler Glass - Case of 24 Pcs,2
8.82E+12,13230520,Libbey 13230520 19.75 oz. Glass 3-Piece Cobbler Cocktail Shaker with Lid - Case of 12 Pcs,2
8.82E+12,12264,Libbey 12264 16 oz. Embassy Customizable Cooler Glass - Case of 36 Pcs,2
8.82E+12,1009,Libbey 1009 16.75 oz. Customizable Stackable Craft Beer Glass - Case of 12 Pcs,2
8.82E+12,WDTHMP048,"Thunder Group WDTHMP048 48"" Overall 7-1/8"" x 3-1/8"", Wooden Mixing Paddle with 40-7/8"" Handle",2
8.82E+12,WDPP1842,"Thunder Group WDPP1842 42"" Overall 19-7/8"" x 18"" Blade with 22-1/8"" Length x 1-5/8"" Diameter Handle, Wooden Pizza Peel",2
8.82E+12,WBSV018,"Thunder Group WBSV018 18"" Chrome Plated Finish Wall Bracket",2
8.82E+12,TF001,"Thunder Group TF001 12"" Diameter x 3"" Deep, Non-Stick Coating Wok, Carbon Steel with 7-1/4"" Wooden Handle, Made in Taiwan",2
8.82E+12,STPA4002,"Thunder Group STPA4002 Full Size, 2-1/2"" Deep, Anti-Jam",2
8.82E+12,SLWT43060F,"Thunder Group SLWT43060F 60"" Stainless Steel Flat Top Worktable with Rounded Edges",2
8.82E+12,SLWT43048F4,"Thunder Group SLWT43048F4 48"" Stainless Steel Flat Top Worktable with Flat Edges and 4"" Backsplash",2
8.82E+12,SLWT43036F,"Thunder Group SLWT43036F 36"" Stainless Steel Flat Top Worktable with Rounded Edges",2
8.82E+12,SLWT42472F,"Thunder Group SLWT42472F 72"" Stainless Steel Flat Top Worktable with Rounded Edges",2
8.82E+12,SLWD009,"Thunder Group SLWD009 Winsor Dinner Knife, Stainless Steel, 1.5mm Thickness, Dishwasher Safe",2
8.82E+12,SLTHDP120,"Thunder Group SLTHDP120 2 oz, 7-1/8"" x 1-5/8"" x 1-1/4"", Non-Stick Dipper, Brown Color",2
8.82E+12,SLSN006D,"Thunder Group SLSN006D 7-1/5"" x 5-5/8"" x 5/7"", 6 Holes Snail/Escargot Tray, Stainless Steel, Dishwasher Safe",2
8.82E+12,SLSKR65M,"Thunder Group SLSKR65M 6-1/2"" Diameter, Round Medium Mesh Skimmer, Stainless Steel",2
8.82E+12,SLSF120,"Thunder Group SLSF120 Sunflower Table Spoon, Stainless Steel, Bright Finish, Dishwasher Safe",2
8.82E+12,SLRCF0833GH,"Thunder Group SLRCF0833GH Stainless Steel 25"" x 13-7/8"" x 12-1/4"" Gold Accented Oblong Chafer Set",2
8.82E+12,SLPC250,"Thunder Group SLPC250 10"" x 2-3/8"" Stainless Steel Multi-fit Plate Cover",2
8.82E+12,SLMH018,"Thunder Group SLMH018 18"" Stainless Steel Table Card Stand Pack of 12",2
8.82E+12,SLMB030,Thunder Group SLMB030 30 Qt Stainless Steel Mixing Bowl,2
8.82E+12,SLHF1620,"Thunder Group SLHF1620 16""  Stainless Steel Hood Filter",2
8.82E+12,SLFM001,"Thunder Group SLFM001 7"" x 7-1/4"" Steel Chafing Wok Set Set",2
8.82E+12,SLFDS385,"Thunder Group SLFDS385 8-1/2"" x 8-1/2"" Stainless Steel 18-8 Square Floor Drain Strainer",2
8.82E+12,SLER0301R,"Thunder Group SLER0301R 3"" x 5-1/8"" Stainless Steel Round Egg Ring",2
8.82E+12,SLCN004,"Thunder Group SLCN004 12"" x 5-7/8"" Stainless Steel Body 4 Compartment Condiment Dispenser",2
8.82E+12,SLBK013,"Thunder Group SLBK013 8-1/2"" 13-1/8"" Stainless Steel Bread Knife Pack of 12",2
8.82E+12,SLAT216,Thunder Group SLAT216 Stainless Steel 18/10 Atlantic Steak Knife Pack of 12,2
8.82E+12,SEJ81000C,Thunder Group SEJ81000C Electric Food Warmer,2
8.82E+12,SEJ3201,"Thunder Group SEJ3201 Stainless Steel and Non-Stick Aluminum Inner Pot and 30 Cup Electric Rice Warmer, Silver, 1,460W",2
8.82E+12,SEJ20000,"Thunder Group SEJ20000 15-1/2"" dia. Stainless Steel 30 Cups Electric Rice Warmer, Silver, 100W",2
8.82E+12,SCSL104,"Thunder Group SCSL104 Stainless Steel Bowl Chinese Cattis Portion Scale, 22 LB.",2
8.82E+12,SCSL004,"Thunder Group SCSL004 Stainless Steel Flat Portion Scale, 22 LB.",2
8.82E+12,PLTHWG025RC,Thunder Group PLTHWG025RC 25 oz Polycarbonate Wine Glass Clear,2
8.82E+12,PLSP010SHR,"Thunder Group PLSP010SHR 10"" x 2-3/4"" x 1/2"" Silicone Spoon Shape Scraper",2
8.82E+12,PLSFT012PP,Thunder Group PLSFT012PP 12 Qt Polypropylene Square Food Storage Container White,2
8.82E+12,PLRCF001R,"Thunder Group PLRCF001R 21-1/9"" x 14-1/4"" Polycarbonate Roll Top Chafer Cover",2
8.82E+12,PLPCTB124BL,Thunder Group PLPCTB124BL 24 oz Polycarbonate Diamond Tumbler Glass Blue Pack of 12,2
8.82E+12,PLPB018,"Thunder Group PLPB018 18"" x 18"" Leatheroid's PVC Insulated Pizza Bag",2
8.82E+12,PLPA8144,"Thunder Group PLPA8144 Polycarbonate 2-1/2"" Black Quarter Size Food Pan",2
8.82E+12,PLFFT1014GR,"Thunder Group PLFFT1014GR 10-1/2"" x 13-5/8"" Polypropylene Rectangular Fast Food Tray Green",2
8.82E+12,PLFB002,"Thunder Group PLFB002 19-3/4"" x 15-1/2"" x 4-5/8"" Polypropylene Square Colander",2
8.82E+12,PLDB182606PP,"Thunder Group PLDB182606PP 18"" x 26"" x 6"" Polypropylene Pizza Dough Box White",2
8.82E+12,PLBT005B,"Thunder Group PLBT005B 20-1/2"" x 15-1/2"" x 5"" Polyethylene Bus Box Black",2
8.82E+12,PLBB900G,"Thunder Group PLBB900G 9-1/4"" x 7"" Plastic Oval Woven Bread Basket Black",2
8.82E+12,PLBB850G,"Thunder Group PLBB850G 8-1/4"" x 4-1/4"" Plastic Oblong Woven Bread Basket Black",2
8.82E+12,IRWC006,"Thunder Group IRWC006 Steel 14"" Wok",2
8.82E+12,IRSP1107,"Thunder Group IRSP1107 Stainless Steel 11"" x 7-1/5"" Rectangular Sizzling Platter",2
8.82E+12,IRSK795,"Thunder Group IRSK795 Cast Iron Stackable 7"" x 9-1/4"" Skillet",2
8.82E+12,IRJWC001,"Thunder Group IRJWC001 Steel 14"" Japanese Jin-Ping Wok",2
8.82E+12,IRBR002CN,"Thunder Group IRBR002CN 23 Nozzles Jet Burner or Duck Burners with Cast Iron Base, Natural Gas, 110,000 BTU",2
8.82E+12,IRBN001L,Thunder Group IRBN001L Copper Propane Jet Burner Nozzle,2
8.82E+12,IRBB002,"Thunder Group IRBB002 8-1/2"" x 5-7/8""Sizzler Platter Set Of 3 Piece",2
8.82E+12,IRBB001,"Thunder Group IRBB001 10-4/7"" x 6-2/3"" Sizzler Platter Set Of 3 Piece",2
8.82E+12,CRTCH012,"Thunder Group CRTCH012 Chrome Table Card Holder 12""",2
8.82E+12,CRDB1626,"Thunder Group CRDB1626 Nickel Plated 16"" x 26"" x 2"" Wire Donut Basket",2
8.82E+12,ALST003,"Thunder Group ALST003 Aluminum 11-1/2"" x 14-1/2"" Steamer Set 1/8"" Perforations Set",2
8.82E+12,ALSP1813PF,"Thunder Group ALSP1813PF Aluminum 18"" x 13"" Half Size Sheet Pan",2
8.82E+12,ALSKSP110,"Thunder Group ALSKSP110 Aluminum 19-3/4"" Stock Pot Lid",2
8.82E+12,ALSKSP101,"Thunder Group ALSKSP101 Aluminum 9-3/4"" Stock Pot Lid",2
8.82E+12,ALSKBP008,"Thunder Group ALSKBP008 Aluminum 23-1/4"" x 5-3/8"" Brazier Pot with Lid",2
8.82E+12,ALDN2060E,"Thunder Group ALDN2060E 20"" Aluminum Heavy-Duty Dunnage Rack, Silver",2
8.82E+12,ALDN2048,"Thunder Group ALDN2048  48""Aluminum Heavy-Duty Dunnage Rack, Silver",2
8.82E+12,ALDN2036E,"Thunder Group ALDN2036E 36"" Aluminum Heavy-Duty Dunnage Rack, Silver",2
8.82E+12,5207TR,"Thunder Group 5207TR Longevity 39 oz Melamine Rice Bowl, Pack of 12",2
8.82E+12,3008BB,"Thunder Group 3008BB Blue Bamboo 6 oz Melamine Rice Bowl, Pack of 12",2
8.82E+12,29012WT,"Thunder Group 29012WT Classic White 12"" x 12"" Melamine Square Plate, Pack of 12",2
8.82E+12,24012WT,"Thunder Group 24012WT Classic White 12-3/8"" x 12-3/8"" Square Melamine Flare Plate, Pack of 12",2
8.82E+12,1608BB,"Thunder Group 1608BB Blue Bamboo 5-3/4"" x 4"" Wavy Shape Barbecue Plate, Pack of 12",2
8.82E+12,1304BB,"Thunder Group 1304BB Blue Bamboo 4-3/4"" Melamine Dinner Plate, Pack of 12",2
8.82E+12,CR-1240,"Bar Maid CR-1240 Black 3/4"" Diameter Solid Plastic Muddler",2
8.81E+12,GDM-10-58-HC-TSL01,"True GDM-10-58-HC-TSL01 24 7/8"" GDM Series Black-Coated Steel One Section Glass Door Merchandiser with 1 Right Hinge Door and LED Lighting, Black, 115v/1ph",2
8.81E+12,TUC-27G-HC-FGD01,"True TUC-27G-HC-FGD01 27"" Stainless Steel and Aluminum Glass Door Framed Undercounter Refrigerator with 1 Section & 1 Door, Silver,115v/1ph",2
8.81E+12,TSD-47-HC,"True TSD-47-HC 54 1/8"" Stainless Steel and Aluminum T-Series Two Section Reach In Refrigerator, 2 Sliding Solid Doors, 115v/1ph",2
8.81E+12,TSD-33G-HC-LD,"True TSD-33G-HC-LD Stainless Steel and Aluminum Two Section Reach In Refrigerator 2 Sliding Glass Doors with LED Lighting, Silver, 115v/1ph",2
8.81E+12,TS-43-HC,"True TS-43-HC 47""Stainless Steel and Aluminum Two Section Reach In Refrigerator, 2 Left/Right Hinge Solid Doors, 115v/ph",2
8.81E+12,TD-80-30-S-HC,"True TD-80-30-S-HC 80 1/2"" TD/GC Series Galvanized Steel Forced Air Bottle Cooler Holds (720) 12 oz Bottles, Lid Locks, 115v/1ph",2
8.81E+12,TD-65-24-S-HC,"True TD-65-24-S-HC 64 5/8"" TD/GC Series Galvanized Steel Forced Air Bottle Cooler Holds (528) 12 oz Bottles, Lid Locks, 115v/1ph",2
8.81E+12,TD-50-18-S-HC,"True TD-50-18-S-HC  50"" TD/GC Series Galvanized Steel Forced Air Bottle Cooler Holds (396) 12 oz Bottles, Lid Locks,115v/1ph",2
8.81E+12,TAC-14GS-LD,"True TAC-14GS-LD 30 1/4"" TAC Series Stainless Steel and Aluminum Vertical Open Air Cooler with (4) Levels, White & Black, 115v/1ph",2
8.81E+12,T-49G-HC-FGD01,"True T-49G-HC-FGD01 54 1/4"" T-Series Stainless Steel and Aluminum 2 Section Glass Door Reach-In Refrigerator with LED Lighting, 115v/1ph",2
8.81E+12,T-49DT-4-HC,"True T-49DT-4-HC 54"" T-Series Stainless Steel and Aluminum Two Section Commercial Combo Refrigerator Freezer Solid Doors, Silver, 115v/1ph",2
8.81E+12,T-12F-HC,"True T-12F-HC 24.88"" T Series Aluminum and Stainless Steel 1 Section Reach In Freezer, 1 Right Hinge Solid Door, 115v/1ph",2
8.81E+12,GDM-43-HC-TSL01,"True GDM-43-HC-TSL01 47 1/8"" GDM Series Refrigerated Glass Door Merchandiser with LED Lighting, 115v/1ph",2
8.81E+12,GDM-09-SQ-HC-LD,"True GDM-09-SQ-HC-LD 36"" GDM Series Refrigerated Sliding Glass Door Countertop Merchandiser with LED Lighting, Black, 115v/1ph",2
8.81E+12,TUC-60-HC,"True TUC-60-HC 60"" TUC/TWT Series Stainless Steel and Aluminum Undercounter Refrigerator with 2 Sections & 2 Doors, 115v/1ph",2
8.81E+12,TSSU-72-18-HC,"True TSSU-72-18-HC 72"" TSSU Series 3 Door Refrigerated Sandwich/Salad Prep Table with Refrigerated Base,115v/1ph",2
8.81E+12,TSSU-48-18M-B-HC,"True TSSU-48-18M-B-HC 48"" TSSU Series Stainless Steel and Aluminum 2 Door Mega Top Sandwich/Salad Prep Table with Refrigerated Base, 115v/1ph",2
8.81E+12,TSSU-27-12M-C-HC,"True TSSU-27-12M-C-HC 27"" TSSU Series Stainless Steel and Aluminum 1 Right Hinged Door  Mega Top Sandwich/Salad Prep Table with Refrigerated Base, 115v",2
8.81E+12,TS-49F-HC,"True TS-49F-HC 54"" Stainless Steel Two Section Reach In Freezer, 2 Solid Doors,Silver, 115v/1ph",2
8.81E+12,TS-49-HC,"True TS-49-HC 54.13"" TS Series  Stainless Steel Two Section Reach In Refrigerator, 2 Left/Right Hinge Solid Doors, Silver,115v/1ph",2
8.81E+12,TFP-32-12M-D-2,"True TFP-32-12M-D-2 32 1/8"" 2 Drawer Mega TopSandwich/Salad Prep Table w/ Refrigerated Base, 115v/1ph",2
8.81E+12,T-72-HC,"True T-72-HC 24 1?8 "" Stainless Steel and Aluminum Three Section Reach In Refrigerator, (3) Left/Right Hinge Solid Doors, Black, 115v/1ph",2
8.81E+12,GDM-26-HC-TSL01,"True GDM-26-HC-TSL01 30"" GDM Series Refrigerated Glass Door Merchandiser with LED Lighting, White, 115/1ph",2
8.81E+12,UFP0200A-161,"Manitowoc UFP0200A-161 19 3/4"" Air Cooled Undercounter Flake Ice Machine with 50 lb. Bin, 272 lbs/day, 115V",2
8.81E+12,UFK0200AZ-251,"Manitowoc UFK0200AZ 19 3/4"" Air Cooled Undercounter Flake Ice Machine with 50 lb. Bin, 200-300 lbs/day, 230V",2
8.81E+12,UDF0310A-261Z,"Manitowoc UDF0310A-261Z NEO 30"" Air Cooled Undercounter Dice Cube Ice Machine with 119 lb. Bin, 208-230V, 1 Phase, 286 lbs/day",2
8.81E+12,UDF0240A-261Z,"Manitowoc UDF0240A-261Z NEO 26"" Air Cooled Undercounter Full Cube Ice Machine With 90 lbs Bin, 215 lbs/day",2
8.81E+12,UDF0190A-251Z,"Manitowoc UDF0190A-251Z NEO 26"" Air Cooled Undercounter Full Cube Ice Machine, 198 lbs/day",2
8.81E+12,SPA312-161,"Manitowoc SPA312-161 30"" Touchless Hotel Ice Dispenser 180 lb, 115V",2
8.81E+12,SFA292-161,"Manitowoc SFA292-161 30"" Touchless Hotel Ice Dispenser with Water Valve 180 lb, 115V",2
8.81E+12,RFP0320A-161,"Manitowoc RFP0320A-161 22"" Air Cooled Flake Ice Machine Head Without Storage Bin, 370 lbs/day, 115V, 1/2 Hp",2
8.81E+12,RCUF1000-261A,"Manitowoc RCUF1000-261A 34"" Air Cooled  Remote Ice Machine Condenser Unit, 208-230V, 1 Phase, 1 3/4 HP",2
8.81E+12,IYT1500N-261EX,"Manitowoc IYT1500N-261EX Indigo NXT 48"" Remote Condenser Half Dice Cube Ice Machine Head Without Storage Bin, 1,700 lbs/day",2
8.81E+12,IYT0450W-161,"Manitowoc IYT0450W-161 Indigo NXT 30"" Water Cooled Half Dice Ice Machine Without Storage Bin, 115V, 470 lbs/day",2
8.81E+12,IDT1200C-161,"Manitowoc IDT1200C Indigo NXT QuietQube 30"" Remote Cooled Full Size Cube Ice Machine Head Without Storage Bin, 1142 lbs/day",2
8.81E+12,IDT0620A-261*,"Manitowoc IDT0620A-261 Indigo NXT 22"" Air Cooled Dice Ice Machine Head Without Storage Bin, 208-230V, 560 lbs/day",2
8.81E+12,D570 - CAP 532 lbs,Manitowoc D-570 Storage Bin For Ice 532 lb.,2
8.81E+12,BLIXER3,"Robot Coupe BLIXER3 Stainless Steel 3.7 L Batch Bowl Food Processor, 120 V, 1 1/2 hp",2
8.81E+12,R2UB,"Robot Coupe R2UB 3L Stainless Steel Batch Bowl Food Processor - 120 V, 1 hp",2
8.81E+12,R2BCLR,"Robot Coupe R2BCLR 3L Clear Batch Bowl Food Processor, 120 V, 1 hp",2
8.81E+12,R2B,"Robot Coupe R2B 3L Batch Bowl Food Processor, 120 V, 1 hp",2
8.81E+12,CL50EUTEXMEX,"Robot Coupe CL50EUTEXMEX 1 1/2 hp Food Processor with 6 Discs, Dice Cleaning & Wall Holder Kits, 120 V",2
8.81E+12,CL50EULTRA NODISC,"Robot Coupe CL50EULTRA Feed Food Processor without Discs - 120 V, 1 1/2 hp",2
8.81E+12,CL50E,"Robot Coupe CL50E Food Processor with 2 Discs - 120 V, 1 1/2 hp",2
8.81E+12,R2UDICE,"Robot Coupe R2UDICE 3L Food Processor with Stainless Steel Bowl & 4 Discs, 2 hp",2
8.81E+12,CL60E2HEAD NODISC,"Robot Coupe CL60E2HEAD 2-Speed Food Processor with Full Moon Pusher Feed without Discs - 240 V, 3 hp",2
8.81E+12,CL55E2HEAD,"Robot Coupe CL55E2 Head Food Processor with Full Moon Pusher Feed with Discs, 2 1/2 hp",2
8.81E+12,AMG 6021,Nuova Simonelli G60 On-Demand Espresso Grinder with 1 lb. Hopper - 110V,2
8.81E+12,AMXSA6021,Nuova Simonelli MDXSA Automatic Espresso Grinder with 3.5 lb. Hopper - 110V,2
8.81E+12,MPROTFTCAP21000003,Nuova Simonelli ProntoBar Touch 2-Step Super Automatic Espresso Machine - 220 V,2
8.81E+12,UCG080A,"Ice-O-Matic UCG080A 18"" Air Cooled Undercounter Gourmet Cube Ice Machine With 33 lbs Bin, 1 Phase, 115V",2
8.81E+12,KBT222,"Ice-O-Matic Scotsman KBT27 - Adapter Kit for 22"" Modular Cubers, Flakers, and Nugget Ice Machines, Compatible with B-Series Bins",2
8.81E+12,IOMQ-XL,"Ice-O-Matic IOMQ-XL 4"" dia. Single Ice Machine Water Filter Cartridge for IFQ1-XL, 0.5 Micron",2
8.81E+12,IOD200 (Cup Activated),"Ice-O-Matic IOD200 30 1/4"" Countertop Ice Dispenser with 200 lb Capacity,  115v",2
8.81E+12,IFQ1,"Ice-O-Matic IFQ1 6"" Single Ice Machine Water Filter, 0.5 Micron and 1.5 GPM",2
8.81E+12,IFI8C,"Ice-O-Matic IFI8C 2 3/4"" dia.  Inline Single Ice Machine Water Filter Cartridge 3/8"" Compression, 10 Micron and 0.5 GPM",2
8.81E+12,CD40130 (Push / Water),"Ice-O-Matic CD40130 30"" Floor Model Water & Cube Ice Dispenser 180 lb Storage, 115v",2
8.81E+12,B42PS,"Ice-O-Matic B42PS 22"" Energy Efficient Ice Bin 351 lbs",2
8.81E+12,B25PP,"Ice-O-Matic B25PP 30"" Ice Bin With Top-Hinged Slope Front Door 242 lbs",2
8.81E+12,PR46B-D2,"Hoshizaki PR46B-D2 46"" Pizza Prep Table with Refrigerated Base, 115v",2
8.81E+12,EF2A-FS,"Hoshizaki EF2A-FS 54.38"" Two Section Reach-In Freezer, 2 Solid Doors, 115v",2
8.81E+12,DD59,"Hoshizaki DD59 59.5"" DD Series Black Kegerator Beer Dispenser with 2 Keg Capacity 2 Columns,115v",2
8.81E+12,SD-500,"Hoshizaki SD-500 25 1/4"" Stationary Equipment Stand for DCM-500 Ice Maker Dispenser, Cabinet Base",2
8.81E+12,KML-500MWJ,"Hoshizaki KML-500MWJ 30"" Crescent Cuber Ice Machine Head Without Storage Bin",2
8.81E+12,KMD-410MAJ,"Hoshizaki KMD-410MAJ 22"" Crescent Cube Ice Machine Head Without Storage Bin, 418 lb/24 hr, Air Cooled, 115v",2
8.81E+12,KM-350MAJ,"Hoshizaki KM-350MAJ KM Series 22"" Crescent Cube Ice Machine Head Without Storage Bin - 489 lb/24 hr, Air Cooled, 115v",2
8.81E+12,KM-301BAJ,"Hoshizaki KM-301BAJ 30"" Crescent Cube Ice Machine with Bin - 100 lb Storage, 290 lb Production, Air Cooled, 115v",2
8.81E+12,KM-161BWJ,"Hoshizaki KM-161BWJ 23 3/4"" KM Series Crescent Cube Undercounter Ice Machine Built-In Storage Bin, 153 lbs/day, Water Cooled, 115v",2
8.81E+12,F-500BAJ,"Hoshizaki F-500BAJ 38"" F Series Air Cooled Flake Undercounter Ice Machine With Built-In Storage Bin 536 lbs/day",2
8.81E+12,DKM-500BWJ,"Hoshizaki DKM-500BWJ 30"" Serenity 545 lb Floor Model Crescent Ice Dispenser, 200 lb Storage, Bucket Fill, 115v",2
8.81E+12,AM-50BAJ-ADDS,"Hoshizaki AM-50BAJ-ADDS 14 7/8"" Top Hat Undercounter Ice Machine - 55 lbs/day, Air Cooled, ADA, Gravity Drain, 115v",2
8.81E+12,DD58HC-1-B,"Beverage-Air DD58HC-1-B 1 Single and 1 Double Tap Kegerator Beer Dispenser - Black, (3) 1/2 Keg Capacity",2
8.81E+12,DD24HC-1-B,"Beverage-Air DD24HC-1-B Single Tap Kegerator Beer Dispenser - Black, (1) 1/2 Keg Capacity",2
8.81E+12,CT12-12HC-1HG,Beverage-Air CT12-12HC-1HG Cross-Temp 2 Section Convertible Reach-In Refrigerator / Freezer with Glass Half Doors,2
8.81E+12,CDR3HC-1-B-D,"Beverage-Air CDR3HC-1-B-D 37 1/4"" Curved Glass Black Dry Bakery Display Case",2
8.81E+12,BF122AP,"Beverage-Air BF122AP 43"" Freestanding Reach-In Blast Chiller/Freezer",2
8.81E+12,WTRCS112HC-120,"Beverage-Air WTRCS112HC-120 120"" 6 Drawer Refrigerated Chef Base with 8"" Overhang",2
8.81E+12,SPED72HC-10C-6,"Beverage-Air SPED72HC-10C-6 72"" 6 Drawer Cutting Top Refrigerated Sandwich Prep Table with 17"" Wide Cutting Board",2
8.81E+12,SPE48HC-10C,"Beverage-Air SPE48HC-10C 48"" Two Door Cutting Top Refrigerated Sandwich Prep Table with 17"" Wide Cutting Board",2
8.81E+12,SPE36HC-10C,"Beverage-Air SPE36HC-10C 36"" 2 Door Cutting Top Refrigerated Sandwich Prep Table with 17"" Wide Cutting Board",2
8.81E+12,SPE27HC-SNZ,"Beverage-Air SPE27HC-SNZ Elite Series 27"" 1 Door Refrigerated Sandwich Prep Table with Condiment Station Sneeze Guard",2
8.81E+12,MTF53-1B,"Beverage-Air Marketeer MTF53-1B 54"" Glass Door Merchandiser Freezer",2
8.81E+12,DW94HC-S,"Beverage-Air DW94HC-S Hydrocarbon Series 95"" Stainless Steel Deep Well Bottle Cooler",2
8.81E+12,DW49HC-S,"Beverage-Air DW49HC-S Hydrocarbon Series 50"" Stainless Steel Deep Well Bottle Cooler",2
8.81E+12,HVS400R,"Hamilton Beach HVS400R PrimaVac 406 Chamber Vacuum Sealer with 16"" Seal Bar",2
8.81E+12,HVCP40610,"Hamilton Beach HVCP40610 6x10"" Vacuum Seal Pouches 4 mil, 1000/Case",2
8.81E+12,HVCP31216,"Hamilton Beach HVCP31216 12"" x 16"" In Chamber Vacuum Seal Pouches 3 mil, 500/Case",2
8.81E+12,HVCP31015,"Hamilton Beach HVCP31015 10x15"" Vacuum Seal Pouches 3 mil, 1000/Case",2
8.81E+12,HVCP30610,"Hamilton Beach HVCP30610 6x10"" Vacuum Seal Pouches - 3 mil, 1,000/Case",2
8.81E+12,HVC254,"Hamilton Beach HVC254 PrimaVac 254 Vacuum Sealer with 10"" Seal Bar",2
8.81E+12,HMIA200B,Hamilton Beach HMIA200B Chopping Attachment for HMI200,2
8.81E+12,HMD1000,"Hamilton Beach HMD1000 Mix Station 3/4 HP Drink Mixer, 720W",2
8.81E+12,HBH650,"Hamilton Beach HBH650 3Hp Tempest Bar Blender, 64oz/1.8L - 120V",2
8.81E+12,80-30,Hamilton Beach 80-30 Black #30 Thumb Press Scooper with Ergonomic Handle,2
8.81E+12,80-20,Hamilton Beach 80-20 Yellow #20 Thumb Press Scooper with Ergonomic Handle,2
8.81E+12,78-30,"Hamilton Beach 78-30 Black #30 Thumb Press Scoop, 1.03 oz.",2
8.81E+12,78-10,"Hamilton Beach 78-10 Ivory #10 Thumb Press Scoop, 3.19 oz.",2
8.81E+12,6126-455,"Hamilton Beach 6126-455 Rio Tango EXPEDITOR Blender Container with Blade and Lid, 48oz",2
8.81E+12,37560R,Hamilton Beach 37560R Proctor Silex 60-Cup Electric Rice Cooker/Warmer,2
8.81E+12,96000,Hamilton Beach 96000 Drink Machine Foot Activator,2
8.81E+12,37590,"Hamilton Beach 37590 Stainless Steel 90-Cup Rice Cooker, 240V",2
8.81E+12,S24C,"Southbend S24C 24.25"" S-Series Stainless Steel Gas Restaurant Range with (4) Open Burners and (1) Cabinet Base, Natural Gas, 112,000 Total BTU",2
8.81E+12,OFS30,"Omega OFS30 Triple 3-Gallon Bowl Commercial Granita Machine, 980W",2
8.81E+12,MMC500C,"Omega Juicer MMC500C Commercial Centrifugal Juicer Extractor with Mega Mouth Wide Chute 540W, Metallic",2
8.81E+12,WAV5003,"Furtino Wave 18/10 Stainless Steel Table Knife 4 mm, Length 24 cm, Pack of 12",2
8.81E+12,ANT5009,"Furtino Anthem 18/10 Stainless Steel Dessert Spoon 4 mm, Length 16 cm, Pack of 12",2
8.81E+12,OIB170,"Furtino England Ocean 7""/17cm Blue Porcelain Irregular Bowl, Pack of 12",2
8.81E+12,OIB235,"Furtino England Ocean 9.5""/23.5cm Blue Porcelain Irregular Bowl, Pack of 12",2
8.81E+12,30611,"Furtino Polycarbonate Margarita Glass, 31.3 cl, Pack of 6",2
8.81E+12,30257,"Furtino Polycarbonate Champagne Glass, 16.9 cl, Pack of 6",2
8.81E+12,30213,"Furtino Polycarbonate Red Wine Glass, 38.5 cl, Pack of 6",2
8.81E+12,FHP270,"Furtino England Festive 10.5""/27cm Honey Stoneware Round Coupe Plate, Pack of 6",2
8.81E+12,HSM5004,"Furtino Hamford Tea Spoon Silver Mirror 18/10 Stainless Steel Tea Spoon 4 mm, Pack of 12",2
8.81E+12,DFP280,"Furtino England Delta 28cm/11"" White Porcelain Flat Plate, Pack of 6",2
8.81E+12,ABB72G,"Arctic Air ABB72G 73"" Triple Glass Door Back Bar Refrigerator",2
8.81E+12,ACP8SQ,"Arctic Air ACP8SQ 28"" 8 Pan Countertop Compact Prep Unit",2
8.81E+12,ACP63,"Arctic Air ACP63 63"" Fourteen Pan Stainless Steel Counter Top Prep Station",2
8.81E+12,ACP40,"Arctic Air ACP40 40"" Six Pan Stainless Steel Counter Top Prep Unit",2
8.81E+12,DB6220015,"Don Bellini Mirage 5.7""/14.5cm White Round Porcelain Bowl, Pack of 6 Pcs",2
8.81E+12,916,"Flip Top Glass Bottle 60 ml Swing Top Brewing Bottle with Stopper for Beverages, Airtight Lid & Leak Proof Cap, Clear",2
8.81E+12,951,"Wundermaxx Rechargeable Black Cordless Tall Tower Table Lamp With Adjustable Height, 8 X 26-36 cm",2
8.81E+12,OSD30,"Omega OSD30 Triple 3-Gallon Bowl Commercial Drink Dispenser, 500W",2
8.81E+12,OSD20,"Omega OSD20 Double 3-Gallon Bowl Commercial Drink Dispenser, 420W",2
8.81E+12,OSD10,"Omega OSD10 Single 3-Gallon Bowl Commercial Drink Dispenser, 300W",2
8.81E+12,JC3000SV13,"Omega JC3000SV13 65 RPM Compact Cold Press Vertical Masticating Juicer - 150 W, Silver",2
8.81E+12,J8006HDC,"Omega J8006HDC Chrome Cold Press Juicer Machine, 200 W",2
8.81E+12,CNC80S,"Omega Juicer CNC80S 200-Watt Cold Press Juicer Machine, Silver",2
8.81E+12,64901K,"Arctic Air 64901K  21"" Stainless Steel Sheet Pan Rack For AR23,AGR23,AF23,AR49,AGR49,AF49,APP48R,APP71R,APP94R",2
8.81E+12,65056K,"Arctic Air 65056K 23.75"" Refrigerator Shelf Kit with Four Mounting Clips For AR49,AF49",2
8.81E+12,ADD72R-2,"Arctic Air ADD72R-2 72"" Kegerator,  Direct Draw Double Door Beer Refrigerator",2
8.81E+12,ADD48R-2,"Arctic Air ADD48R-2 48"" Kegerator Direct Draw Double Door Beer Refrigerator",2
8.81E+12,AST60R,"Arctic Air AST60R 60"" Double Door Sandwich/ Salad Prep Table",2
8.81E+12,AUC60R,"Arctic Air AUC60R 61.25"" Double Door Under-Counter Refrigerator",2
8.81E+12,AFGDM49,"Arctic Air AFGDM49 54"" Double Glass Door Reach-In Merchandiser Freezer",2
8.81E+12,AGDF23,"Arctic Air AGDF23 27"" Single Glass Door Reach-In Stainless Steel Freezer",2
8.81E+12,AGR23,"Arctic Air AGR23 27"" Single Commercial Glass Door Reach-In Refrigerator",2
8.81E+12,AWF25,"Arctic Air AWF25 30.75"" Single Door Reach-In Freezer in White",2
8.80E+12,411-1040,American Dish HUB-40 Undercounter High Temp Dish Machine With Booster,2
8.80E+12,212-1044.0000,"American Dish ADC-44 R-L LT Dish Machine 44"" Low Temp Conveyor With Polymer Final Rinse Jets",2
8.80E+12,016-0091.0000,American Dish AFB-C Corner Bakery Single Rack Upright Dish Machine Corner,2
8.80E+12,026-1090.0000,American Dish AF-3D-S 3D Upright 3-Door Low Temp Dish Machine with Single Rack,2
8.80E+12,027-0090.0123,American Dish AFC-3D-S 2-Door Upright Dish Machine With Single Rack,2
8.80E+12,026-0090.0052,American Dish AF-3D-S Upright 2-Door Dish Machine with Single Rack W/ 208V,2
9.14E+12,VG-TM1240BH,Samsung VG-TM1240BH Remote Control for HTV Smart Hospitality Display,1
9.14E+12,HG50RU750NFXZA,"Samsung HG50RU750 50"" 4K UHD SMART Hospitality TV LED IPTV with LYNK DRM, LYNK Cloud, Pro:Idiom, HDR10+, Tizen OS, Home App and Eden UI",1
9.14E+12,HG43NT678UFXZA,"Samsung HG43NT678UFXZA 43"" UHD(4K) Non-Smart Hospitality TV  with HDR10+ LYNK DRM, Pro:Idiom, b-Lan and Dolby Digital Plus",1
9.14E+12,HOSPSTRCSR1,LG HOSPSTRCSR1 Hospitality TV Remote  For Tv/stb Slate-rx Cleanable,1
9.14E+12,75UM777H0UG,"LG 75UM777H0UG 75"" 4K UHD Hospitality TV with Pro: Centric Smart, SoftAP, ATSC Digital Tuner, Netflix Streaming Support, Multi IR, Multi-view, and Screen Share",1
9.14E+12,65UM777H0UG,"LG 65UM777H0UG 65"" 4K UHD Hospitality TV with Pro: Centric and Integrated Pro: Idiom, , ATSC Digital Tuner, SoftAP, and Voice Control",1
9.14E+12,65UN343H0UD,"LG 65UN343H0UD 65"" 4K UHD Hospitality TV with Pro: Centric, Hybrid Log-Gamma (HLG), HDR 10 Pro, ATSC Digital Tuner, NTSC Analog Tuner, Multi IR Function, and Kensington Security Slot",1
9.14E+12,55UN343H0UARBX,"LG 55UN343H0UA 55"" 4K UHD Hospitality TV with Pro: Centric, Smart Home Integration, Quick Menu 5.0, Kensington Security Slot, Simplink, and Multi IR Function",1
9.14E+12,50UT340H9UARBX,"LG 50UT340H9UA 50"" 4K UHD Hospitality TV with  4K Upscaler, Commercial Swivel Stand, Multi IR, Lock Mode, and Remote Diagnostic",1
9.14E+12,24LN660VBUD,"LG 24LN660VBUD 24"" Hospitality TV Pro: Centric with Integrated Pro: Idiom LED-backlit LCD TV, webOS, Edge LED, Bluetooth Sync, For Cruise",1
9.14E+12,32LN570HBUARBX,"LG 32LN570HBUA 32"" Hospitality TV, Pro: Idiom, Pro: Centric with Full HD, B-LAN, One-pole Commercial Stand, HDR 10 Pro, WebOS22, Hospitality Technology Next Generation (HTNG) 1.4, and Natural Language Processing",1
9.13E+12,AKCQ08ACH,"GE AKCQ08ACH 24"" Built In Air Conditioner with Large LCD Display, 6-Way Directional Airflow, Infrared Remote Control, and Cooling Capacity of 8,300 BTU, 10.6 EER, R410A, 115v/1ph",1
9.13E+12,AJCQ08ACH,"GE AJCQ08ACH 26""  Thru-the-Wall Smart Air Conditioner with Smart Fan Switch, Electronic Capture Controls, and Cooling Capacity of 8,400,10.6 EER,R-410A, 115v/1ph",1
9.13E+12,PBH093G35CC,"Amana PBH093G35CC 26"" Thru-the-Wall Air Conditioner with Cooling Capacity of 9,300 BTU, 9.7 EER, R-410A, 230/208v",1
9.13E+12,PBH073G35CC,"Amana PBH073G35CC 26"" Thru-the-Wall Air Conditioner with Cooling Capacity of 7,400 BTU, 10.4 EER, R-410A, 230/208v",1
9.13E+12,PBH092G12CC,"Amana PBH092G12CC 26"" Thru-the-Wall Air Conditioner with Cooling Capacity of 9,000 BTU, 9.8 EER, R-410A, 230/208v",1
9.13E+12,PBE093G35CC,"Amana PBE093G35CC 26"" Thru-the-Wall Air Conditioner with Cooling Capacity of 9300 BTU, 9.8 EER, R-410A , 230/208v",1
9.13E+12,PBC122G00CC,"AMANA PBC122G00CC 26"" Thru-the-Wall Air Conditioner with Cooling Capacity of 11,800 BTU, 9.8 EER, R410A,115v",1
9.13E+12,PBC092G00CC,"AMANA PBC092G00CC 26"" Thru-the-Wall Air Conditioner with Cooling Capacity of 9300 BTU, 9.8 EER, R410A,115v",1
9.13E+12,PZH09R3SB,"ZoneAire Select PZH09R3SB 42"" PTAC Unit with 3.5 kW Electric Heat Kit and Cooling Capacity of  9,200 BTU, 11.5 EER, R410A, 265v/1ph",1
9.13E+12,PZH12K3SB,"ZoneAire Select PZH12K3SB 42"" PTAC Unit with 3.6 kW Electric Heat Kit and Cooling Capacity of 12,000 BTU, 11.4 EER, R-410A, 230/208v",1
9.13E+12,PZE15K5SB,"ZoneAire Select PZE15K5SB 42"" PTAC Unit with 3.6 kW Electric Heat Kit and Cooling Capacity of 12,000 BTU, 11.4 EER, R-410A, 230/208v",1
9.13E+12,PDH15R5SG,"ZoneAire Premier PDH15R5SG 42"" PTAC Unit with 5.0 kW Electric Heat Kit and Cooling Capacity of 14,500 BTU, 10.4 EER, R-410A, 265v",1
9.13E+12,PDH15K5SG,"ZoneAire Premier PDH15K5SG 42"" PTAC Unit with 5.0 kW Electric Heat Kit and Cooling Capacity of 14,500 BTU, 10.4,R-410A,230/208v",1
9.13E+12,PDE09R3SG,"ZoneAire Premier PDE09R3SG 42"" PTAC Unit with with 3.5 kW Electric Heat Kit  and Cooling Capacity of 9,400 BTU, 12.1 EER, R-410A, 265v",1
9.13E+12,PDE15K5SG,"ZoneAire Premier PDE15K5SG 42""  PTAC Unit with 5.0 kW Electric Heat Kit and Cooling Capacity of 15,000 BTU., 10.4 EER,  R410a, 208/230v",1
9.13E+12,PDE07R3SG,"ZoneAire Premier PDE07R3SG 42"" PTAC Unit with 3.5 kW Electric Heat Kit and Cooling Capacity of 7,200 BTU,13.0 EER, R-410A, 265v",1
9.13E+12,PZH07K3SB,"ZoneAire Select PZH07K3SB 42"" PTAC Unit with 3.6 kW Electric Heat Kit and Cooling Capacity of 7,000 BTU, 12.0 EER, 208/230v/1ph",1
9.07E+12,MIC1800F,"Midea MIC1800F 14.2""  Countertop Induction Cooktop with Thermostatic Controls, Stainless Steel, 120v/1ph, 1800W",1
9.07E+12,2117G1A,"Midea 2117G1A 16.5""  Commercial Microwave Oven with Touch Control Pad, Stainless Steel, 208v/1ph, 2100W, 0.6 cu. ft.",1
9.07E+12,2134G1A,"Midea 2134G1A 22.63""  Commercial Microwave Oven with Touch Control Pad, Stainless Steel, 208v/1ph, 2100W, 1.2 cu. ft.",1
9.05E+12,JP-4046,"Yanco JP-4046 Japanese 3.75"" Rectangular Sauce Dish in Sand Melamine, 2.5oz - Pack of 72",1
9.05E+12,JP-3002,"Yanco JP-3002 Japanese 5.5"" Round Pasta Bowl in Sand Melamine, 12oz - Pack of 48",1
9.05E+12,JP-2010,"Yanco JP-2010 Japanese 10"" Oval Plate in Sand Melamine - Pack of 24",1
9.05E+12,JP-1609,"Yanco JP-1609 Japanese 8.5"" Rectangular Plate in Sand Melamine - Pack of 48",1
9.05E+12,JP-1010,"Yanco JP-1010 Japanese 10.5"" Round Plate in Sand Melamine - Pack of 24",1
9.05E+12,JP-1007,"Yanco JP-1007 Japanese 7"" Round Plate in Sand Melamine - Pack of 48",1
9.05E+12,JP-1006,"Yanco JP-1006 Japanese 6"" Round Plate in Sand Melamine - Pack of 48",1
9.05E+12,HS-5809,"Yanco HS-5809 Houston 9.25"" Round Pasta Bowl in White Melamine, 13oz - Pack of 24",1
9.05E+12,HO-1707,"Yanco HO-1707 Honda 7.5"" Round Plate in Beige Melamine - Pack of 48",1
9.05E+12,HA-009,"Yanco HA-009 Hawaii 3.25"" Rocks Tumbler in Clear Plastic, 9oz - Pack of 72",1
9.05E+12,HA-005,"Yanco HA-005 Hawaii 2.75"" Rocks Tumbler in Clear Plastic, 5.5oz - Pack of 72",1
9.05E+12,GN-707,"Yanco GN-707 6.93"" Rectangular GN Pan 1/6, Melamine, White, 0.9L - Pack of 6",1
9.05E+12,GN-610,"Yanco GN-610 10.43"" Rectangular GN Pan 1/4, Melamine, White, 1.4L - Pack of 6",1
9.05E+12,GN-513,"Yanco GN-513 12.8"" Rectangular GN Pan 1/3, Melamine, White, 2.3L - Pack of 6",1
9.05E+12,GN-212BK,"Yanco GN-212BK 12.8"" Rectangular GN Pan 1/2, Melamine, Black, 2.3L - Pack of 6",1
9.05E+12,GN-121BK,"Yanco GN-121BK 20.87"" Rectangular GN Pan 1/1, Melamine, Black, 8L - Pack of 3",1
9.05E+12,GG-804,"Yanco GG-804 Green Gem 4"" Rectangular Sauce Dish in Green Porcelain - Pack of 36",1
9.05E+12,GG-610,"Yanco GG-610 Green Gem 10"" Round Salad Bowl in Green Porcelain, 30oz - Pack of 12",1
9.05E+12,GG-608,"Yanco GG-608 Green Gem 8.13"" Round Salad Bowl in Green Porcelain, 18oz - Pack of 24",1
9.05E+12,GG-108,"Yanco GG-108 Green Gem 8"" Round Plate in Green Porcelain - Pack of 36",1
9.05E+12,GB-32,"Yanco GB-32 Green Band 4.25"" Fruit Bowl in White Ceramic, 3.5oz - Pack of 36",1
9.05E+12,GB-22,"Yanco GB-22 Green Band 8.38"" Round Plate in White Ceramic - Pack of 36",1
9.05E+12,GB-10,"Yanco GB-10 Green Band 6.38"" Grapefruit Bowl in White Ceramic, 13oz - Pack of 36",1
9.05E+12,FU-506,"Yanco FU-506 Fuji 5.5"" Boat-Shaped Fortune Bowl in White Porcelain, 4oz - Pack of 36",1
9.05E+12,NS-702W,"Yanco NS-702W Nessico 3-Compartment Plate, 10"" White Melamine, Pack of 24",1
9.05E+12,NS-702G,"Yanco NS-702G Nessico 3-Compartment Plate, 10"" Green Melamine, Pack of 24",1
9.05E+12,NS-608T,"Yanco NS-608T Nessico Tortilla Server with Lid, 8.25"" Diameter, Melamine, Tan Color, Pack of 12",1
9.05E+12,NS-516W,"Yanco NS-516W Nessico Oval Platter with Narrow Rim, 15.5"" Length, 11.75"" White Melamine, Pack of 12",1
9.05E+12,NS-510W,"Yanco NS-510W Nessico Oval Platter with Narrow Rim, 9.75"" Length, 6.75"" White Melamine, Pack of 24",1
9.05E+12,NS-503W,"Yanco NS-503W Nessico Sauce Cup/Ramekin, 4 oz Capacity, 1.5"" Height, 3.325"" White Melamine, Pack of 72",1
9.05E+12,NS-304T,"Yanco NS-304T Nessico Fruit Bowl, 5 oz Capacity, 1.5"" Height, 4.75"" Diameter, Melamine, Tan Color, Pack of 48",1
9.05E+12,NB-110,"Yanco NB-110 Noble Black 10-1/4"" Black Round Plate with Upright Rim, China, Pack of 12",1
9.05E+12,MS-5811YL,"Yanco MS-5811YL Milestone 16 Oz Yellow Melamine Pasta Bowl, Pack of 24",1
9.05E+12,MS-010RD,"Yanco MS-010RD Milestone 10.5"" Round Plate with Orange-Red Melamine & Wide Rim - Pack of 24",1
9.05E+12,MO-811BK,"Yanco MO-811BK Moderne 14"" Pan Plate with Handle, Black Melamine, Organic Shaped - Pack of 12",1
9.05E+12,MO-810BK,"Yanco MO-810BK Moderne 12"" Pan Plate with Handle, Black Melamine, Organic Shaped - Pack of 12",1
9.05E+12,MO-808BK,"Yanco MO-808BK Moderne 14.5"" Pan Plate with Handle, Black Melamine, Organic Shaped - Pack of 12",1
9.05E+12,MO-206BK,"Yanco MO-206BK Moderne 6"" Triangular Deep Plate, Black Melamine - Pack of 48",1
9.05E+12,MO-112BK,"Yanco MO-112BK Moderne 12"" Triangular Plate, Black Melamine - Pack of 12",1
9.05E+12,MO-108BK,"Yanco MO-108BK Moderne 8"" Triangular Plate, Black Melamine - Pack of 48",1
9.05E+12,MO-106BK,"Yanco MO-106BK Moderne 6"" Triangular Plate, Black Melamine - Pack of 48",1
9.05E+12,MM-SS,"Yanco MM-SS Miami 2.88"" Salt Shaker, White Porcelain - Pack of 48",1
9.05E+12,MM-PS,"Yanco MM-PS Miami 2.88"" Pepper Shaker, White Porcelain - Pack of 48",1
9.05E+12,MM-PC,"Yanco MM-PC Miami 3.5"" Creamer, White Porcelain, 6oz  - Pack of 48",1
9.05E+12,MM-94,"Yanco MM-94 Miami 14"" Rectangular Platter, White Porcelain - Pack of 12",1
9.05E+12,MM-93,"Yanco MM-93 Miami 11.75"" Rectangular Platter, White Porcelain - Pack of 12",1
9.05E+12,MM-7,"Yanco MM-7 Miami 7.25"" Round Plate, White Porcelain, Pack of 36",1
9.05E+12,MM-54,"Yanco MM-54 Miami 2.75"" A.D. Cup, White Porcelain, 3oz - Pack of 36",1
9.05E+12,MM-16,"Yanco MM-16 Miami 10.5"" Round Plate, White Porcelain - Pack of 12",1
9.05E+12,MM-12,"Yanco MM-12 Miami 10.25"" Oval Platter, White Porcelain - Pack of 24",1
9.05E+12,MM-1,"Yanco MM-1 Miami 3.5"" Round Cup, White Porcelain, 7.5oz - Pack of 36",1
9.05E+12,DC-6013R,"Yanco DC-6013R Deli 13.5"" Rectangular Serving Tray in Red Melamine with Scallop Edged - Pack of 12",1
9.05E+12,DB-411,"Yanco DB-411 Diamond Black 10.5"" Rectangular Plate in Black Porcelain with Matte Glaze - Pack of 24",1
9.05E+12,DB-4107,"Yanco DB-4107 Diamond Black 6.5"" Round Bowl with Lid in Black Porcelain, Matte Glaze, 20oz - Pack of 12",1
9.05E+12,DB-408,"Yanco DB-408 Diamond Black 8"" Rectangular Plate in Black Porcelain with Matte Glaze - Pack of 36",1
9.05E+12,DB-3105,"Yanco DB-3105 Diamond Black 4.5"" Round Miso Soup Bowl in Black Porcelain with Matte Glaze - Pack of 36",1
9.05E+12,DB-207,"Yanco DB-207 Diamond Black 7"" Triangular Plate in Black Porcelain with Matte Glaze - Pack of 36",1
9.05E+12,DB-002,"Yanco DB-002 Diamond Black 6"" Saucer in Black Porcelain with Matte Glaze - Pack of 36",1
9.05E+12,CR-7003,"Yanco CR-7003 Two-Tone 8.25"" Noodle Spoon in Black-Red Melamine - Pack of 72",1
9.05E+12,CR-7002,"Yanco CR-7002 Two-Tone 6.5"" Spoon in Black-Red Melamine - Pack of 72",1
9.05E+12,CR-5450,"Yanco CR-5450 Two-Tone 4.75"" Square Bowl in Black-Red Melamine - Pack of 48",1
9.05E+12,CR-1028,"Yanco CR-1028 Two-Tone 3.75"" Round Sauce Dish in Black-Red Melamine - Pack of 72",1
9.05E+12,CR-0002,"Yanco CR-0002 Two-Tone 4.13"" Rectangular Divided Sauce Dish in Black-Red Melamine - Pack of 72",1
9.05E+12,CO-12-P,"Yanco CO-12-P Accessories 10"" Welsh Rarebit Oval Crock in White/Brown Porcelain, 12oz - Pack of 36",1
9.05E+12,PS-10,"Yanco PS-10 Piscataway 6.5"" Round Grapefruit Bowl, White Porcelain, 13oz - Pack of 36",1
9.05E+12,PP-214,"Yanco PP-214 Oval 14"" Pizza Plate, White Porcelain, Pack of 12",1
9.05E+12,PP-212,"Yanco PP-212 Oval 12"" Pizza Plate, White Porcelain, Pack of 12",1
9.05E+12,PP-210,"Yanco PP-210 Oval 10.5"" Pizza Plate, White Porcelain, Pack of 12",1
9.05E+12,PK-808,"Yanco PK-808 Peacock 8.5"" Round Noodle Bowl, Gray Porcelain, 44oz - Pack of 12",1
9.05E+12,PC-060R,"Yanco PC-060R Pitcher 5"", 3-Spouts, Red Plastic, 60 oz - Pack of 12",1
9.05E+12,PA-214,"Yanco PA-214 Paris 14"" Oval Platter, White Porcelain, Pack of 12",1
9.05E+12,PA-109,"Yanco PA-109 Paris 9"" Plate, White Porcelain, Pack of 24",1
9.05E+12,OS-15-P,"Yanco OS-15-P Onion Soup Crock with Handle, 7.5"", White Porcelain, 15 oz - Pack of 24",1
9.05E+12,OS-15-B,"Yanco OS-15-B Onion Soup Crock with Handle, 7.5"", Brown, 15oz - Pack of 24",1
9.05E+12,OR-3001,"Yanco OR-3001 Orchis 4.125"" Dish, Gold Melamine, 3.5oz - Pack of 48",1
9.05E+12,OR-1710,"Yanco OR-1710 Orchis Round Plate, 9.75"" Diameter, Gold Melamine, Pack of 24",1
9.05E+12,PP-112,"Yanco PP-112 Pizza Plate Coupe, 12"" Diameter, White Porcelain, Pack of 12",1
9.05E+12,OC-208,"Yanco OC-208 Ocean 8"" X 3/4"" Coupe Shape Oval Plate, Porcelain, Pack of 36",1
9.05E+12,OC-110,"Yanco OC-110 Ocean 10 1/2"" X 1"" Coupe Plate, Porcelain, Pack of 12",1
9.05E+12,OC-109,"Yanco OC-109 Ocean 9"" X 7/8"" Coupe Plate, Porcelain, Pack of 24",1
9.05E+12,OC-107,"Yanco OC-107 Ocean 7"" X 3/4"" Coupe Plate, Porcelain, Pack of 36",1
9.05E+12,NS-109W,"Yanco NS-109W Nessico Round Dinner Plate, 9"" White Melamine, Pack of 24",1
9.05E+12,NS-107T,"Yanco NS-107T Nessico Round Dessert Plate, 7.25"" Diameter, Melamine, Tan Color, Pack of 48",1
9.05E+12,NR-12,"Yanco NR-12 Normandy Platter, Narrow Rim, 9.5"" Lenth, 7.5"" Width, China, Pack of 24",1
9.05E+12,NR-11,"Yanco NR-11 Normandy Fruit Bowl, Narrow Rim, 4.625"" Diameter, China, Pack of 36",1
9.05E+12,NC-7521,"Yanco NC-7521 Compartment Collection Divided Compartment, Round, 10"" Diameter, Melamine, Pack of 24",1
9.05E+12,LY-2108,"Yanco LY-2108 Lyon 8"" X 5 1/2"" X 3/4"" Coupe Platter, Porcelain, Reactive Glaze, Pack of 36",1
9.05E+12,DB-107,"Yanco DB-107 Diamond Black Collection 7"" Round Coupe Plate, Matte Glaze (Pack of 36)",1
9.05E+12,CR-1312,"Yanco CR-1312 Black and Red Two-Tone Round Plate, Coupe Shape, 12"" Diameter, Melamine, Pack of 12",1
9.05E+12,CR-1309,"Yanco CR-1309 Black and Red Two-Tone Round Plate, Coupe Shape, 9"" Diameter, Melamine, Pack of 24",1
9.05E+12,CR-1307,"Yanco CR-1307 Black and Red Two-Tone Round Plate, Coupe Shape, 7"" Diameter, Melamine, Pack of 48",1
9.05E+12,CO-216,"Yanco CO-216 Coupe Pattern Oval Platter, 16"" Length, 12"" Width, Melamine, White Color, Pack of 12",1
9.05E+12,CAT-1282,"Yanco CAT-1282 16"" White Melamine Square Catering Bowl, Pack of 6",1
9.05E+12,BR-10,"Yanco BR-10 13 Oz Brown Speckled Grapefruit Bowl, China, Pack of 36",1
9.05E+12,BP-9305,"Yanco BP-9305 Black Pearl-2 7 Oz Black Melamine Tea Cup with Matting Finish, Pack of 48",1
9.05E+12,BP-7003,"Yanco BP-7003 Black Pearl-2 8.75"" Black Melamine Spoon with Matting Finish, Pack of 72",1
9.05E+12,BP-5111,"Yanco BP-5111 Black Pearl-2 11"" Black Melamine Square Display Plate with Matting Finish, Pack of 12",1
9.05E+12,BP-5011,"Yanco BP-5011 Black Pearl-2 7"" Black Melamine Display Plate with Matting Finish, Pack of 12",1
9.05E+12,BP-4110,"Yanco BP-4110 Black Pearl-2 6.25"" Black Melamine Deep Plate with Matting Finish, Pack of 12",1
9.05E+12,BP-4046,"Yanco BP-4046 Black Pearl-2 2.5"" Black Melamine Square Sauce Dish with Matting Finish, Pack of 72",1
9.05E+12,BP-4033,"Yanco BP-4033 Black Pearl-2 2.5"" Black Melamine Triple Sauce Dish with Matting Finish, Pack of 48",1
9.05E+12,BP-4010,"Yanco BP-4010 Black Pearl 5.5"" Black Melamine 2-Compartment Plate with Matting Finish, Pack of 24",1
9.05E+12,BP-3004,"Yanco BP-3004 Black Pearl-2 7 Oz Black Melamine Rice Bowl with Matting Finish, Pack of 48",1
9.05E+12,BP-2108,"Yanco BP-2108 Black pearl-1 5"" Black Melamine Oval Deep Plate with Matting Finishing, Pack of 48",1
9.05E+12,BP-2014,"Yanco BP-2014 Black pearl-1 9"" Black Melamine Rectangular Plate with Matting Finish, Pack of 12",1
9.05E+12,BP-2012,"Yanco BP-2012 Black pearl-1 8.25"" Black Melamine Rectangular Plate with Matting Finish, Pack of 12",1
9.05E+12,BP-2008,"Yanco BP-2008 Black pearl-1 5.5"" Black Melamine Rectangular Plate with Matting Finish, Pack of 48",1
9.05E+12,BP-1111,"Yanco BP-1111 Black pearl-1 11"" Black Melamine Square Plate with Matting Finish, Pack of 24",1
9.05E+12,BP-1110,"Yanco BP-1110 Black pearl-1 10"" Black Melamine Square Plate with Matting Finish, Pack of 24",1
9.05E+12,BP-1109,"Yanco BP-1109 Black pearl-1 9"" Black Melamine Square Plate with Matting Finish, Pack of 24",1
9.05E+12,BP-1012,"Yanco BP-1012 Black pearl-1 12"" Black Melamine Round Plate with Matting Finish, Pack of 12",1
9.05E+12,BP-1011,"Yanco BP-1011 Black pearl-1 10.5"" Black Melamine Round Plate with Matting Finish, Pack of 24",1
9.05E+12,BP-0104,"Yanco BP-0104 Black pearl-1 4.5"" Black Melamine Square Dish with Matting Finish, Pack of 72",1
9.05E+12,BM-607TL,"Yanco BM-607TL Birmingham-Teal 16 Oz Melamine Deep Dish with Handle Dish, Pack of 24",1
9.05E+12,BM-606,"Yanco BM-606 Birmingham 12 Oz Melamine Deep Dish with Handle, Pack of 48",1
9.05E+12,BM-405,"Yanco BM-405 Birmingham 15 Oz Melamine Soup / Cereal Bowl, Pack of 48",1
9.05E+12,BM-309TL,"Yanco BM-309TL Birmingham-Teal 30 Oz Melamine Salad / Pasta Bowl, Pack of 24",1
9.05E+12,BM-209TL,"Yanco BM-209TL Birmingham-Teal 6"" Melamine Oval Dinner Plate, Pack of 24",1
9.05E+12,BM-111TL,"Yanco BM-111TL Birmingham-Teal 11 1/2"" Melamine Round Plate, Pack of 12",1
9.05E+12,BM-109,"Yanco BM-109 Birmingham 8 1/2"" Melamine Round Plate, Pack of 36",1
9.05E+12,BM-107TL,"Yanco BM-107TL Birmingham Teal 7 1/2"" X 7/8"" Melamine Round Plate, Pack of 48",1
9.05E+12,BL-910,"Yanco BL-910 Blue Star 25 Oz Blue Bake Plate with Handle, China, Pack of 6",1
9.05E+12,BL-806,"Yanco BL-806 Blue Star 14 Oz Blue Nappie Bowl, China, Pack of 36",1
9.05E+12,BL-805,"Yanco BL-805 Blue Star 10 Oz Blue Rice Bowl, China, Pack of 36",1
9.05E+12,BL-804,"Yanco BL-804 Blue Star 10 Oz Blue Soup Bowl, China, Pack of 36",1
9.05E+12,BL-711,"Yanco BL-711 Blue Star 20 Oz Blue Mediterranean Deep Bowl, China, Pack of 12",1
9.05E+12,BL-710,"Yanco BL-710 Blue Star 12 Oz Blue Mediterranean Pasta Bowl, China, Pack of 12",1
9.05E+12,BL-110,"Yanco BL-110 Blue Star 10-1/2"" Blue Round Coupe Dinner Plate, China, Pack of 12",1
9.05E+12,BK-211,"Yanco BK-211 11"" White Porcelain Round Deep Plate, Pack of 12",1
9.05E+12,BB-307,"Yanco BB-307 45 Oz Bamboo Salad Bowl, Pack of 12",1
9.05E+12,BA-505,"Yanco BA-505 Bamboo Style 16 Oz Melamine Soup Bowl, Pack of 48",1
9.05E+12,BA-405,"Yanco BA-405 Bamboo Style 10 Oz Melamine Miso Soup Bowl, Pack of 48",1
9.05E+12,BA-312,"Yanco BA-312 Bamboo Style 12"" Melamine Display Plate, Pack of 12",1
9.05E+12,BA-1111,"Yanco BA-1111 Bamboo Style 11"" Melamine Square Plate, Pack of 12",1
9.05E+12,AG-505,"Yanco AG-505 8 Oz Porcelain Rice Bowl, Pack of 36",1
9.05E+12,AG-412,"Yanco AG-412 4.5"" Porcelain Leaf Shaped Salad / Dessert Plate Plate, Pack of 24",1
9.05E+12,AG-306,"Yanco AG-306 14 Oz Porcelain Nappie Bowl, Pack of 36",1
9.05E+12,AG-208,"Yanco AG-208 5 1/2"" Porcelain Coupe Platter, Pack of 24",1
9.05E+12,AG-112,"Yanco AG-112 12"" Porcelain Round Coupe Plate Pack of 12",1
9.05E+12,AG-001,"Yanco AG-001 7 Oz Porcelain Coffee Cup, Pack of 36",1
9.05E+12,AD-110,"Yanco AD-110 Ardis 10"" Melamine Round Dinner Plate, Pack of 24",1
9.05E+12,AC-95-J,"Yanco AC-95-J ABCO 9.5 Oz White Porcelain Jung Bowl, Pack of 36",1
9.05E+12,AC-92,"Yanco AC-92 ABCO 22"" White Porcelain Oval Serving Platter, Pack of 4",1
9.05E+12,AC-8-M,"Yanco AC-8-M ABCO 48 Oz White Porcelain Menudo Pasta Bowl, Pack of 24",1
9.05E+12,AC-8-CP,"Yanco AC-8-CP ABCO 5.75"" White Porcelain Coupe Appetizer / Dessert Platter, Pack of 24",1
9.05E+12,AC-814,"Yanco AC-814 Abco 10"" White Porcelain Deep Coupe Platter, Pack of 12",1
9.05E+12,AC-812,"Yanco AC-812 Abco 20 Oz White Porcelain Deep Coupe Dinner Platter, Pack of 12",1
9.05E+12,AC-6,"Yanco AC-6 ABCO 6.25"" White Porcelain Bread Plate, Pack of 36",1
9.05E+12,AC-51,"Yanco AC-51 ABCO 10.5"" White Porcelain Serving Platter, Pack of 12",1
9.05E+12,AC-5,"Yanco AC-5 ABCO 5.5"" White Porcelain Bread Plate, Pack of 36",1
9.05E+12,AC-34,"Yanco AC-34 ABCO 6.5"" White Porcelain Oval Platter, Pack of 24",1
9.05E+12,AC-215,"Yanco AC-215 ABCO 11"" White Porcelain Oval Deep Platter, Pack of 12",1
9.05E+12,AC-16-P,"Yanco AC-16-P ABCO 16 Oz White Porcelain Prime Stackable Coffee/Tea Mug, Pack of 36",1
9.05E+12,AC-12-D,"Yanco AC-12-D ABCO 12 Oz White Porcelain Coffee Mug, Pack of 36",1
9.05E+12,AC-10-P,"Yanco AC-10-P ABCO 10 Oz White Porcelain Prime Coffee Mug, Pack of 36",1
9.05E+12,LY-1110YL,"Yanco LY-1110YL Lyon 10 1/4"" Reactive Glaze Yellow Coupe Dinner Plate, Pack of 12",1
9.05E+12,LY-2114BU,"Yanco LY-2114BU Lyon 10"" Reactive Glaze Blue Coupe Dinner Plate, Pack of 12",1
9.05E+12,LY-2110BU,"Yanco LY-2110BU Lyon 7"" Reactive Glaze Blue Coupe Dinner Plate, Pack of 24",1
9.05E+12,LY-2108BU,"Yanco LY-2108BU Lyon 5 1/2"" Reactive Glaze Blue Coupe Dessert Plate, Pack of 36",1
9.05E+12,LY-2110TQ,"Yanco LY-2110TQ Lyon 7"" Reactive Glaze Turquoise Coupe Dinner Platter, Pack of 24",1
9.05E+12,LY-2108TQ,"Yanco LY-2108TQ Lyon 5 1/2"" Reactive Glaze Turquoise Coupe Dessert Platter, Pack of 36",1
9.05E+12,LY-1107TQ,"Yanco LY-1107TQ Lyon 7.25"" Reactive Glaze Turquoise Coupe Salad / Dessert Plate, Pack of 36",1
9.05E+12,LY-407TQ,"Yanco LY-407TQ Lyon 10 Oz Reactive Glaze Turquoise Oval Pasta Bowl, Pack of 24",1
9.05E+12,LY-405TQ,"Yanco LY-405TQ Lyon 5 Oz Reactive Glaze Turquoise Small Oval Bowl, Pack of 36",1
9.05E+12,LY-404TQ,"Yanco LY-404TQ Lyon 5 Oz Reactive Glaze Turquoise Triangle Sauce Bowl, Pack of 36",1
9.05E+12,LY-307TQ,"Yanco LY-307TQ Lyon 15 Oz Reactive Glaze Turquoise Soup Bowl, Pack of 36",1
9.05E+12,LY-213TQ,"Yanco LY-213TQ Lyon 7 3/8"" Reactive Glaze Turquoise Dinner Plate, Pack of 12",1
9.05E+12,LY-110TQ,"Yanco LY-110TQ Lyon 10 1/2"" Reactive Glaze Turquoise Dinner Plate, Pack of 12",1
9.05E+12,LY-109TQ,"Yanco LY-109TQ Lyon 8 3/4"" Reactive Glaze Turquoise Salad / Dessert Plate, Pack of 24",1
9.05E+12,LY-107TQ,"Yanco LY-107TQ Lyon 7 1/4"" Reactive Glaze Turquoise Plate, Pack of 36",1
9.05E+12,LY-106TQ,"Yanco LY-106TQ Lyon 5 3/4"" Reactive Glaze Turquoise Plate, Pack of 36",1
9.05E+12,LY-002TQ,"Yanco LY-002TQ Lyon 6 1/2"" Reactive Glaze Turquoise Saucer, Pack of 36",1
9.05E+12,LY-2110CR,"Yanco LY-2110CR Lyon 7"" Reactive Glaze Oval Coupe Coral Dinner Plate, Pack of 24",1
9.05E+12,LY-2108CR,"Yanco LY-2108CR Lyon 5 1/2"" Reactive Glaze Oval Coupe Coral Dessert Plate, Pack of 36",1
9.05E+12,LY-1112CR,"Yanco LY-1112CR Lyon 12 1/4"" Reactive Glaze Round Coral Coupe Dinner Plate, Pack of 12",1
9.05E+12,LY-1110CR,"Yanco LY-1110CR Lyon 10 1/4"" Reactive Glaze Round Coral Coupe Dinner Plate, Pack of 12",1
9.05E+12,LY-1107CR,"Yanco LY-1107CR Lyon 7.25"" Reactive Glaze Round Coral Salad / Dessert Plate, Pack of 36",1
9.05E+12,LY-409CR,"Yanco LY-409CR Lyon 20 Oz Reactive Glaze Oval Coral Salad Bowl, Pack of 12",1
9.05E+12,LY-405CR,"Yanco LY-405CR Lyon 5 Oz Reactive Glaze Oval Coral Dessert Bowl, Pack of 36",1
9.05E+12,LY-404CR,"Yanco LY-404CR Lyon 5 Oz Reactive Glaze Triangle Coral Sauce Bowl, Pack of 36",1
9.05E+12,LY-307CR,"Yanco LY-307CR Lyon 15 Oz Reactive Glaze Coral Soup / Salad Plate, Pack of 36",1
9.05E+12,LY-215CR,"Yanco LY-215CR Lyon 8 1/2"" Reactive Glaze Rectangular Coral Plate, Pack of 12",1
9.05E+12,LY-213CR,"Yanco LY-213CR Lyon 7 3/8"" Reactive Glaze Rectangular Coral Plate, Pack of 12",1
9.05E+12,LY-109CR,"Yanco LY-109CR Lyon 8 3/4"" Reactive Glaze Coral Plate, Pack of 24",1
9.05E+12,LY-107CR,"Yanco LY-107CR Lyon 7 1/4"" Reactive Glaze Coral Plate, Pack of 36",1
9.05E+12,LY-106CR,"Yanco LY-106CR Lyon 5 3/4"" Reactive Glaze Coral Plate, Pack of 36",1
9.05E+12,LY-002CR,"Yanco LY-002CR Lyon 6 1/2"" Reactive Glaze Coral Saucer, Pack of 36",1
9.05E+12,LY-001CR,"Yanco LY-001CR Lyon 7 Oz Reactive Glaze Coral Coffee/Tea Cup, Pack of 36",1
9.05E+12,GO-712,"Yanco GO-712 Golden Coast 12 Oz Porcelain Dessert Plate, Pack of 12",1
9.05E+12,GO-709,"Yanco GO-709 Golden Coast 10 Oz Porcelain Dessert Plate, Pack of 12",1
9.05E+12,GO-610,"Yanco GO-610 Golden Coast 30 Oz Porcelain Salad Bowl, Pack of 12",1
9.05E+12,GO-608,"Yanco GO-608 Golden Coast 12 Oz Porcelain Salad Bowl, Pack of 24",1
9.05E+12,GO-606,"Yanco GO-606 Golden Coast 13 Oz Porcelain Bowl, Pack of 36",1
9.05E+12,GO-509,"Yanco GO-509 Golden Coast 67 Oz Porcelain Bowl, Pack of 12",1
9.05E+12,GO-507,"Yanco GO-507 Golden Coast 28 Oz Porcelain Cereal Bowl, Pack of 24",1
9.05E+12,GO-505,"Yanco GO-505 Golden Coast 15 Oz Porcelain Cereal Bowl, Pack of 36",1
9.05E+12,GO-503,"Yanco GO-503 Golden Coast 1.5 Oz Porcelain Sauce Dish, Pack of 48",1
9.05E+12,GO-410,"Yanco GO-410 Golden Coast 10 Oz Porcelain Round Salad / Pasta Bowl, Pack of 12",1
9.05E+12,GO-408,"Yanco GO-408 Golden Coast 8"" Porcelain Round Soup Plate, Pack of 24",1
9.05E+12,GO-207,"Yanco GO-207 Golden Coast 7"" Porcelain Round Coupe Bread / Butter Plate, Pack of 36",1
9.05E+12,GO-109,"Yanco GO-109 Golden Coast 9"" Porcelain Round Plate with Upright Rim, Pack of 24",1
9.05E+12,CB-812,"Yanco CB-812 12 Oz Brown Porcelain Dessert Plate, Pack of 12",1
9.05E+12,CB-809,"Yanco CB-809 10 Oz Brown Porcelain Dessert Plate, Pack of 12",1
9.05E+12,CB-708,"Yanco CB-708 16 Oz Brown Porcelain Salad / Soup Bowl, Pack of 24",1
9.05E+12,CB-111,"Yanco CB-111 11 1/2"" Brown Porcelain Round Coupe Dinner Plate, Pack of 12",1
9.05E+12,CB-106,"Yanco CB-106 6 1/2"" Brown Porcelain Round Coupe Dinner Plate, Pack of 36",1
9.05E+12,CA-612,"Yanco CA-612 14 Oz White Cambria Dessert Plate, Pack of 12",1
9.05E+12,CA-608,"Yanco CA-608 20 Oz White Cambria Salad / Soup Bowl, Pack of 24",1
9.05E+12,CA-513,"Yanco CA-513 5"" White Porcelain Cambria Rectangular Plate, Pack of 24",1
9.05E+12,CA-510,"Yanco CA-510 10 Oz White Porcelain Cambria Leaf Shaped Rice Bowl, Pack of 36",1
9.05E+12,CA-409,"Yanco CA-409 45 Oz White Porcelain Cambria Ramen Bowl, Pack of 12",1
9.05E+12,CA-407,"Yanco CA-407 30 Oz White Porcelain Cambria Ramen Bowl, Pack of 24",1
9.05E+12,CA-403,"Yanco CA-403 5 Oz White Porcelain Round Sauce Dish, Pack of 48",1
9.05E+12,CA-4031,"Yanco CA-4031 4 Oz White Cambria Square Sauce Dish, Pack of 48",1
9.05E+12,CA-4030,"Yanco CA-4030 1 Oz White Cambria Sauce Dish, Pack of 48",1
9.05E+12,CA-312,"Yanco CA-312 8 1/4? White Cambria Oval Platter, Pack of 24",1
9.05E+12,CA-109,"Yanco CA-109 9"" White Cambria Round Dinner Plate, Pack of 24",1
9.05E+12,CA-001,"Yanco CA-001 Nature Art 7 Oz White Cambria Stackable Coffee Cup, Pack of 36",1
9.05E+12,NA-711BK,"Yanco NA-711BK Nature Art 16 Oz Black Melamine Dessert Plate, Pack of 12",1
9.05E+12,NA-708BK,"Yanco NA-708BK Nature Art 20 Oz Black Melamine Salad / Soup Plate, Pack of 36",1
9.05E+12,NA-505BK,"Yanco NA-505BK Nature Art 10 Oz Black Melamine Square Miso Soup Bowl, Pack of 48",1
9.05E+12,NA-408BK,"Yanco NA-408BK Nature Art 3 3/4"" Black Melamine Rectangular Dinner Plate, Pack of 48",1
9.05E+12,NA-414,"Yanco NA-414 Nature Art 3 1/2"" White Melamine Rectangular Sushi Display Tray, Pack of 36",1
9.05E+12,NA-413,"Yanco NA-413 Nature Art 5.75"" White Melamine Rectangular Plate, Pack of 24",1
9.05E+12,NA-411,"Yanco NA-411 Nature Art 4 7/8"" White Melamine Rectangular Plate, Pack of 36",1
9.05E+12,NA-310,"Yanco NA-310 Nature Art 5.12"" White Melamine Oval Plate, Pack of 24",1
9.05E+12,YO-7001,"Yanco YO-7001 Yoto 6"" Melamine Spoon with Matte Finish, Pack of 72",1
9.05E+12,YO-5109,"Yanco YO-5109 Yoto 28 Oz Melamine Sheer Bowl with Matte Finish, Pack of 48",1
9.05E+12,YO-5105,"Yanco YO-5105 Yoto 14 Oz Melamine Salad / Soup Bowl with Matte Finish, Pack of 48",1
9.05E+12,YO-5008,"Yanco YO-5008 Yoto 32 Oz Green Melamine Ramen Bowl with Matte Finish, Pack of 24",1
9.05E+12,YO-1007,"Yanco YO-1007 Yoto 7"" Green Melamine Round Coupe Plate with Matte Finish, Pack of 48",1
9.05E+12,WD-310,"Yanco WD-310 10"" Brown Melamine Round Wooden Tray, Pack of 24",1
9.05E+12,WD-2615,"Yanco WD-2615 3 1/2"" Golden Oak Melamine Rectangular Wooden Sushi Tray, Pack of 24",1
9.05E+12,WD-2610,"Yanco WD-2610 2.25"" Golden Oak Melamine Rectangular Wooden Sushi Tray, Pack of 36",1
9.05E+12,WD-2512,"Yanco WD-2512 6 1/4? Golden Oak Melamine Oval Wodden Tray, Pack of 36",1
9.05E+12,WD-2510,"Yanco WD-2510 5 1/2? Golden Oak Melamine Oval Wodden Tray, Pack of 36",1
9.05E+12,WD-2427,"Yanco WD-2427 5 1/2? Golden Oak Melamine Rectangular Wooden Tray with Handle, Pack of 12",1
9.05E+12,WD-2423,"Yanco WD-2423 5 1/2? Golden Oak Melamine Rectangular Wooden Tray with Handle, Pack of 12",1
9.05E+12,WD-2419,"Yanco WD-2419 5 1/2? Golden Oak Melamine Rectangular Wooden Tray with Handle, Pack of 12",1
9.05E+12,WD-2312,"Yanco WD-2312 11 3/4"" Golden Oak Melamine Square Wooden Bowl, Pack of 12",1
9.05E+12,WD-2310,"Yanco WD-2310 50 Oz Golden Oak Melamine Square Wooden Bowl, Pack of 24",1
9.05E+12,WD-2308,"Yanco WD-2308 25 Oz Golden Oak Melamine Square Wooden Bowl, Pack of 36",1
9.05E+12,WD-2306,"Yanco WD-2306 14 Oz Golden Oak Melamine Square Wooden Bowl, Pack of 36",1
9.05E+12,WD-2215,"Yanco WD-2215 9 1/4? Golden Oak Melamine Rectangular Wooden Tray, Pack of 12",1
9.05E+12,WD-2214,"Yanco WD-2214 4.75"" Golden Oak Melamine Rectangular Wooden Tray, Pack of 12",1
9.05E+12,WD-2213,"Yanco WD-2213 5"" Golden Oak Melamine Rectangular Wooden Tray, Pack of 12",1
9.05E+12,WD-2212,"Yanco WD-2212 7 1/2"" Golden Oak Melamine Rectangular Wooden Tray, Pack of 24",1
9.05E+12,WD-221,"Yanco WD-221 12 1/2? Brown Melamine Rectangular Wooden Tray, Pack of 6",1
9.05E+12,WD-2209,"Yanco WD-2209 5 1/2? Melamine Golden Oak Wooden Tray, Pack of 36",1
9.05E+12,WD-213,"Yanco WD-213 10"" Brown Melamine Rectangular Wooden Tray, Pack of 24",1
9.05E+12,WD-2112,"Yanco WD-2112 11 3/4"" Melamine Golden Oak Square Wooden Tray, Pack of 12",1
9.05E+12,WD-2110,"Yanco WD-2110 9 3/4"" Melamine Golden Oak Square Wooden Tray, Pack of 24",1
9.05E+12,WD-2108,"Yanco WD-2108 8 1/8"" Melamine Golden Oak Square Wooden Tray, Pack of 36",1
9.05E+12,WD-1216,"Yanco WD-1216 7"" Brown Melamine Rectangular Wooden Tray with Handle, Pack of 24",1
9.05E+12,WD-1113,"Yanco WD-1113 9 1/4? Brown Melamine Round Wooden Tray with Handle, Pack of 24",1
9.05E+12,VE-409,"Yanco VE-409 8 Oz White Melamine Oval Venice Plate, Pack of 48",1
9.05E+12,VE-209,"Yanco VE-209 18 Oz White Melamine Venice Soup / Salad Bowl, Pack of 24",1
9.05E+12,SW-001,"Yanco SW-001 7 Oz White Porcelain Coffee Mug, Pack of 36",1
9.05E+12,SS-908,"Yanco SS-908 8 Oz Two-Tone Melamine Sesame Coffee Mug, 8 oz Capacity, Pack of 48",1
9.05E+12,SS-110,"Yanco SS-110 10"" Tan Melamine Sesame Round Dinner Plate, Pack of 24",1
9.05E+12,SM-08-G,"Yanco SM-08-G 8 Oz Clear Plastic Stemware Goblet Glass, Pack of 24",1
9.05E+12,SM-01-S,"Yanco SM-01-S 1 Oz Clear Plastic Stemware Shot Glass, Pack of 24",1
9.05E+12,SI-408,"Yanco SI-408 24 Oz White Porcelain Square Salad Bowl, Pack of 24",1
9.05E+12,RO-507,"Yanco RO-507 14 Oz Two-Tone Soup Bowl, Pack of 24",1
9.05E+12,RO-407,"Yanco RO-407 32 Oz Two-Tone Pasta Bowl, Pack of 36",1
9.05E+12,RO-405,"Yanco RO-405 8 Oz Two-Tone Miso Soup Bowl, Pack of 36",1
9.05E+12,RO-2914,"Yanco RO-2914 Rockeye-2 36 Oz Porcelain Two-Tone Oval Dinner Plate, 14"" X 10 1/2"" X 2"", Pack of 12",1
9.05E+12,RO-2910,"Yanco RO-2910 20 Oz Porcelain Two-Tone Oval Dinner Plate, 9 1/2"" X 7 1/2"" X 1 1/2"", Pack of 12",1
9.05E+12,RO-2711,"Yanco RO-2711 32 Oz Porcelain Two-Tone Mediterranean Salad Bowl 11"" X 3"", Pack of 12",1
9.05E+12,RO-2710,"Yanco RO-2710 18 Oz Porcelain Two-Tone Mediterranean Pasta Bowl,+ 10 1/2"" X 2"", Pack of 12",1
9.05E+12,RO-2705,"Yanco RO-2705 8 Oz Porcelain Two-Tone Miso Soup Bowl, 5"" X 1 3/4"", Pack of 36",1
9.05E+12,RO-2609,"Yanco RO-2609 Rockeye-2 30 Oz Porcelain Two-Tone Salad / Pasta Bowl, Pack of 12",1
9.05E+12,RO-2405,"Yanco RO-2405 Rockeye-2 5 Oz Porcelain Two-Tone Fruit Bowl, 4 3/4"" X 1 1/4"", Pack of 36",1
9.05E+12,RO-2404,"Yanco RO-2404 10 Oz Porcelain Two-Tone Bouillon Cup, 4 1/4"" X 2 1/2"", Pack of 36",1
9.05E+12,RO-2210,"Yanco RO-2210 Rockeye-2 10"" Porcelain Two-Tone Round Plate, Pack of 12",1
9.05E+12,RO-2110,"Yanco RO-2110 Rockeye 4 1/4? Two-Tone Rectangular Sushi Plate, Pack of 24",1
9.05E+12,RO-107,"Yanco RO-107 Rockeye 7"" Two-Tone Round Coupe Dinner Plate, Pack of 36",1
9.05E+12,RM-704BK,"Yanco RM-704BK 4 Oz Black Melamine Water Drop Shape Rome Dish, Pack of 72",1
9.05E+12,RM-614BK,"Yanco RM-614BK 10"" Black Melamine Rectangular Rome Plate, Pack of 12",1
9.05E+12,RM-406,"Yanco RM-406 16 Oz White Melamine Rome Salad Bowl, Pack of 48",1
9.05E+12,RE-309,"Yanco RE-309 9 3/4"" White Recovery Compartment Dinner Plate, Pack of 24",1
9.05E+12,RE-20,"Yanco RE-20 11"" White Recovery Dinner Plate, Pack of 12",1
9.05E+12,RE-15,"Yanco RE-15 12.5 Oz White Recovery Nappie Bowl, Pack of 36",1
9.05E+12,RE-13,"Yanco RE-13 8"" White Recovery Oval Dinner Plate, Pack of 12",1
9.05E+12,RE-12,"Yanco RE-12 7.25"" White Recovery Oval Dinner Plate, Pack of 24",1
9.05E+12,RE-11,"Yanco RE-11 5 Oz White Recovery Fruit Bowl, Pack of 36",1
9.05E+12,PT-9110,"Yanco PT-9110 10 Oz Two-Tone Melamine Coffee Mug, Pack of 24",1
9.05E+12,PT-216,"Yanco PT-216 12"" Pine Tree Melamine Oval Platter, Pack of 12",1
9.05E+12,PS-9,"Yanco PS-9 9 1/2"" White Porcelain Round Dinner Plate, Pack of 24",1
9.05E+12,PS-8-M,"Yanco PS-8-M 48 Oz White Porcelain Menudo Pasta Bowl, Pack of 24",1
9.05E+12,PS-34,"Yanco PS-34 6 3/8"" White Porcelain Appetizer / Dessert Oval Platter, Pack of 24",1
9.05E+12,PS-2111,"Yanco PS-2111 3 Oz White Porcelain 3-Compartment Plate, Pack of 36",1
9.05E+12,WTBS-23P,Cadco WTBS-23P Double Electric Buffet Server with Clear Lids - 120V,1
9.05E+12,XAF-113,Cadco Stefania XAF-113 3-Shelf Half Size Heavy-Duty Manual Countertop Convection Oven - 120V,1
9.05E+12,WTBS-3N-HD,Cadco WTBS-3N-HD 3-Compartment Third Size Electric Heavy-Duty Buffet Server with Roll Top Lid - 120V,1
9.05E+12,CG-10,"Cadco CG-10 21"" x 12"" Electric Countertop Griddle",1
9.05E+12,CG-5FB,"Cadco CG-5FB 12"" x 21"" Electric Front-to-Back Countertop Griddle - 1,500W, 120V",1
9.05E+12,CBF-4M,"Cadco CBF-4M 4-Slice Buffet Toaster with 1"" Slots - 120V",1
9.05E+12,PCG-10C,"Cadco PCG-10C 21"" x 12"" Light-Duty Electric Countertop Griddle - 1,500W, 120V",1
9.05E+12,OV-023,Cadco Anna OV-023 4-Shelf Half Size Medium-Duty Manual Countertop Convection Oven - 208-240V,1
9.05E+12,OV-003,Cadco Roberta OV-003 3-Shelf Quarter Size Medium-Duty Manual Countertop Convection Oven - 120V,1
9.02E+12,DHP153A50AA,"Amana DHP153A50AA Distinctions 42"" Packaged Terminal Air Conditioner Unit with 5 kW Heat Strip and Cooling Capacity of 14,700 BTU, R410A,10.6 EER, Quiet White,208/230v",1
9.02E+12,DHP123A50AA,"Amana DHP123A50AA Distinctions 42"" Packaged Terminal Air Conditioner Unit with 5 kW Heat Strip and Cooling Capacity of 12,000 BTU, R410A,10.5 EER, Quiet White,208/230v",1
9.02E+12,DCP093A50AA,"Amana DCP093A50AA Distinctions 42"" Packaged Terminal Air Conditioner Unit Air Conditioner with 5.0 kW Heat Strip and Cooling Capacity of 9,200 BTU, R-410A, 11.3 EER, Quiet White, 208/230v",1
9.02E+12,DT01G,"Amana DT01G Eden DigiTenna Wireless Antennae For DigiSmart Amana PTAC units, White",1
9.02E+12,PTCB10K,"Amana PTCB10K Plastic Curtain Baffle Kit For Amana J And K Series PTACs, 10 Pack",1
9.02E+12,PTSB430QW,"Amana PTSB430QW Electrical Subbase Kit With 30 Amp Receptacle Inside,265 Volt, Quiet White Color",1
9.02E+12,PTSB320QW,"Amana PTSB320QW Electrical Subbase Kit, Quiet White Color, 230/208v",1
9.02E+12,HYD-CS50BB,"Amana PTAC Condensate Drain Pan Corrosion Inhibiting Algaecide Pads, 50 Strips",1
9.02E+12,DK900QW,"Amana PTAC Condensate Drain Kit For Direct External Drain Or Connection To Internal Drain Pipe, Quiet White Color",1
9.02E+12,PTC173K50AXXX,"Amana PTC173K50AXXX Packaged Terminal Air Conditioner and Electric Heat with R410A Refrigerant , 17,100 BTU, 208/230v",1
8.99E+12,75624072,Taylor 75624072 400lb. Black Digital Glass Bathroom Scale,1
8.99E+12,5302561,"Taylor 5302561 16.5"" High Temperature Silicone Spoon Spatula",1
8.99E+12,5302559,"Taylor 5302559 13.5"" High Temperature Silicone Spoon Spatula",1
8.99E+12,5302558,"Taylor 5302558 13.5"" High Temperature Silicone Spatula",1
8.99E+12,5302556,"Taylor 5302556 10"" High Temperature Silicone Spatula",1
8.99E+12,TS5,Taylor TS5 5 lb. Dual Scale with Rotating Dial,1
8.99E+12,TR250,Taylor TR250 250 lb. Powder Coated Heavy duty Mechanical Receiving Scale,1
8.99E+12,TP32,Taylor TP32 32 oz. Compact Portion and Ice Cream Over run Scale,1
8.99E+12,TP16,Taylor TP16 16 oz. Compact Mechanical Portion Control Scale,1
8.99E+12,THD32,Taylor THD32 32 oz. Heavy Duty Mechanical Portion Scale,1
8.99E+12,TE33OS,Taylor TE33OS 33 lb. Digital Scale with Oversized Platform,1
8.99E+12,TE32WDAR,Taylor TE32WDAR 32 oz. Digital Portion Control Scale with Wireless Display,1
8.99E+12,TE10T,Taylor TE10T 10 lb. Digital Portion Control Scale with Tower,1
8.99E+12,TE10R,Taylor TE10R 10 lb. Digital Portion Control Scale,1
8.99E+12,TE10FT,Taylor TE10FT 11 lb. Compact Digital Portion Control Scale,1
8.99E+12,1020PRNFS,Taylor 1020PRNFS 11 lb. Allergen Free Stainless Steel Digital Portion Control Scale,1
8.99E+12,1020NFS,Taylor 1020NFS 11 lb. Stainless Steel Digital Portion Control Scale,1
8.99E+12,5862,Taylor 5862 Digital 4 Event Timer With Clock,1
8.99E+12,5828,Taylor 5828 Dual Event Digital 24 Hour Kitchen Timer With Clock & Date,1
8.99E+12,9999N,"Taylor 9999N HACCP Anti-Bacterial Probe Wipes, 100 / Box",1
8.99E+12,9848EFDA,"Taylor 9848EFDA WaterProof Digital Pocket Probe Thermometer, -40 to 450 F",1
8.99E+12,9405,"Taylor 9405 Type K Waterproof Thermocouple Thermometer, -40 to 500 F",1
8.99E+12,9306N,Taylor 9306N Dual Temperature Infrared Thermometer with Folding Thermocouple Probe,1
8.99E+12,8238J,"Taylor 8238J 1.75"" Superior Grade Dial Instant Read Probe Thermometer, 0 - 250 C",1
8.99E+12,8220J,"Taylor 8220J Superior Grade Dial Instant Read Probe Thermometer, 50 - 550 F",1
8.99E+12,681T,"Taylor 681T 18"" Metal Patio Thermometer, -60 to 120 F",1
8.99E+12,6076J,"Taylor 6076J 1"" Superior Grade Dial Instant Read Pocket Probe Thermometer, -40 to 160 F",1
8.99E+12,5997E,"Taylor 5997E 5"" Cappuccino Frothing Thermometer, 120 - 180 F",1
8.99E+12,5924,"Taylor 5924 3"" Dial Refrigerator / Freezer Thermometer, -20 to 80 F",1
8.99E+12,5921N,"Taylor 5921N 5"" Oven Thermometer, 100 - 600 F",1
8.99E+12,5637,"Taylor 5637 6"" HACCP Prep / Dry Storage Wall Thermometer, 0 - 100 F",1
8.99E+12,5630,"Taylor 5630 6"" Metal Dial Thermometer, -60 to 120 F",1
8.99E+12,5329,"Taylor 5329 9.75"" Indoor and Outdoor Thermometer with Hygrometer, -40 to 100 F",1
8.99E+12,5305741,"Taylor 5305741 Digital Premium High Heat Candy / Deep Fry Thermometer, -40 to 500 F",1
8.99E+12,5296651,"Taylor 5296651 Digital Pocket Thermometer with Rotating Display, -40 to 392 F",1
8.99E+12,3507FS,"Taylor 3507FS 2.5"" Dial Display Refrigerator / Freezer Thermometer, -20 to 80 F",1
8.99E+12,1445,"Taylor 1445 Safety Zone Digital Thermometer for Refrigerator / Freezer, -4 to 176 F",1
8.99E+12,1442,"Taylor 1442 Critical Care Digital Thermometer for Refrigerator / Freezer, -40 to 221 F",1
8.99E+12,1441E,"Taylor 1441E Digital Thermometer with Max / Min Memory Recall, 20 - 120 F",1
8.99E+12,1105J,"Taylor 1105J 12"" Cold / Dry Storage Thermometer, - 30 to 120 F",1
8.99E+12,166,"Taylor 166 12"" Patio Silver Metal Clock with Silk Screen Graphics",1
8.96E+12,IM350,"Commercial Air Cooled Ice Maker Machine With Bin - 110V, 350 lb.",1
8.95E+12,ETBR1-LAB,"Everest Refrigeration ETBR1-LAB 27 3/4"" Back Mount Undercounter Laboratory Refrigerator, 115 V, 1 Phase, 60 Hz",1
8.95E+12,EMSGR48C,"Everest Refrigeration EMSGR48C 39 3/8"" Bottom Mount Chromatography Swing Door Refrigerators, 115 V, 1 Phase, 60 Hz",1
8.95E+12,EMGR24C,"Everest Refrigeration EMGR24C 28 3/8"" Bottom Mount Chromatography Swing Door Refrigerator, 115 V, 1 Phase, 60 Hz",1
8.95E+12,EGC50,"Everest Refrigeration EGC50 49 1/2"" Side Mount Solid Slide Lid Glass & Plate Chiller, 115 V, 1 Phase, 60 Hz",1
8.95E+12,EBB59G-SD,"Everest Refrigeration EBB59G-SD 82 57 3/4"" Side Mount Glass Door Back Bar Cooler Refrigerator, 115 V, 1 Phase, 60 Hz",1
8.95E+12,EBB48G-24,"Everest Refrigeration EBB48G-24 49"" Side Mount Glass Door Back Bar Cooler Refrigerator, 115 V, 1 Phase, 60 Hz",1
8.95E+12,EBB90G,"Everest Refrigeration EBB90G 89 1/4"" Side Mount Glass Door Back Bar Cooler Refrigerator, 115 V, 1 Phase, 60 Hz",1
8.95E+12,EBB59-24,"Everest Refrigeration EBB59-24 57 3/4"" Side Mount Solid Door Back Bar Cooler Refrigerator, 115 V, 1 Phase, 60 Hz",1
8.95E+12,EBB69,"Everest Refrigeration EBB69 68"" Side Mount Solid Door Back Bar Cooler Refrigerator, 115 V, 1 Phase, 60 Hz",1
8.95E+12,EBB23,"Everest Refrigeration EBB23 23 1/2"" Back Mount Solid Door Back Bar Cooler Refrigerator, 115 V, 1 Phase, 60 Hz",1
8.95E+12,EPPR2-D2,"Everest Refrigeration EPPR2-D2 71"" Side Mount Drawered Pizza Prep. Table Refrigerator, 115 V, 1 Phase, 60 Hz",1
8.95E+12,EPPR3,"Everest Refrigeration EPPR3 93 1/8"" Side Mount Pizza Prep. Table Refrigerator, 115 V, 1 Phase, 60 Hz",1
8.95E+12,EPPSR2,"Everest Refrigeration EPPSR2 59 1/8"" Side Mount Pizza Prep. Table Refrigerator, 115 V, 1 Phase, 60 Hz",1
8.95E+12,EPWR2,"Everest Refrigeration EPWR2 59 1/8"" Side Mount Sandwich Prep. Table Refrigerator, 115 V, 1 Phase, 60 Hz",1
8.95E+12,EPR1,"Everest Refrigeration EPR1 35 5/8"" Side Mount Sandwich Prep. Table Refrigerator, 115 V, 1 Phase, 60 Hz",1
8.95E+12,EOTP3,"Everest Refrigeration EOTP3 71 1/8"" Back Mount Open Top Prep. Refrigerators with Removable Top Cover, 115 V, 1 Phase, 60 Hz",1
8.95E+12,EPBR2,"Everest Refrigeration EPBR2 47 1/2"" Back Mount Mega-Top Sandwich Prep. Table Refrigerator, 115 V, 1 Phase, 60 Hz",1
8.95E+12,EPBR1,"Everest Refrigeration EPBR1 27 3/4"" Back Mount Mega-Top Sandwich Prep. Table Refrigerator, 115 V, 1 Phase, 60 Hz",1
8.95E+12,EPBNR1-D2,"Everest Refrigeration EPBNR1-D2 27 3/4"" Back Mount Drawered Sandwich Prep. Table Refrigerators, 115 V, 1 Phase, 60 Hz",1
8.95E+12,EPBNWR2,"Everest Refrigeration EPBNWR2 59 1/8"" Back Mount Sandwich Prep. Table Refrigerator, 115 V, 1 Phase, 60 Hz",1
8.95E+12,EPBNSR2,"Everest Refrigeration EPBNSR2 35 5/8"" Back Mount Sandwich Prep. Table Refrigerator, 115 V, 1 Phase, 60 Hz",1
8.95E+12,EPR2-24,"Everest Refrigeration EPR2-24 2 47 1/2"" Side Mount Sandwich Prep. Table Refrigerator, 115 V, 1 Phase, 60 Hz",1
8.95E+12,EPR1-24,"Everest Refrigeration EPR1-24 35 5/8"" Side Mount Sandwich Prep. Table Refrigerator, 115 V, 1 Phase, 60 Hz",1
8.95E+12,ECB52D2,"Everest Refrigeration ECB52D2 51 7/8"" Side Mount Drawered Chef Base Refrigerator, 115 V, 1 Phase, 60 Hz",1
8.95E+12,ECB36D2,"Everest Refrigeration ECB36D2 36 3/8"" Side Mount Drawered Chef Base Refrigerator, 115 V, 1 Phase, 60 Hz",1
8.95E+12,ETGR2,"Everest Refrigeration ETGR2 59 1/4"" Side Mount Glass Door Undercounter Refrigerator, 115 V, 1 Phase, 60 Hz",1
8.95E+12,ETRF3,"Everest Refrigeration ETRF3 71 1/8"" Side Mount Solid Door Dual Temperature Undercounter Refrigerator/Freezer with 3 Solid Doors, 115 V, 1 Phase, 60 Hz",1
8.95E+12,ETBF3,"Everest Refrigeration ETBF3 71 1/8"" Back Mount Solid Door Undercounter Freezer, 115 V, 1 Phase, 60 Hz",1
8.95E+12,ETBWR2,"Everest Refrigeration ETBWR2 59 1/4"" Back Mount Solid Door Undercounter Refrigerator, 115 V, 1 Phase, 60 Hz",1
8.95E+12,EOMH-36-W-35-S,"Everest Refrigeration EOMH-36-W-35-S 37 1/4"" Bottom Mount Open Air Horizontal Refrigerated Merchandiser, 115 V, 1 Phase, 60 Hz",1
8.95E+12,EMGR69,"Everest Refrigeration EMGR69 72 7/8"" Bottom Mount Glass Door Refrigerated Merchandiser, 115 V, 1 Phase, 60 Hz",1
8.95E+12,EMSGR69,"Everest Refrigeration EMSGR69 72 7/8"" Bottom Mount Glass Door Refrigerated Merchandiser, 115 V, 1 Phase, 60 Hz",1
8.95E+12,EMGR10B,"Everest Refrigeration EMGR10B 24"" Bottom Mount Glass Door Refrigerated Merchandiser, 115 V, 1 Phase, 60 Hz",1
8.95E+12,EMGR48-SS,"Everest Refrigeration EMGR48-SS 53 1/8"" Bottom Mount Glass Door Refrigerated Merchandiser, 115 V, 1 Phase, 60 Hz",1
8.95E+12,EBRF3,"Everest Refrigeration EBRF3 74 3/4"" Bottom Mount Reach-In Dual Temperature Refrigerator/Freezer with Solid Doors, 115 V, 1 Phase, 60 Hz",1
8.95E+12,EBF1,"Everest Refrigeration EBF1 27"" Bottom Mounted Solid Door Reach-In Freezer, 115 V, 1 Phase, 60 Hz",1
8.95E+12,EBSR2,"Everest Refrigeration EBSR2 49 5/8"" Bottom Mount Solid Door Reach-In Refrigerator, 115 V, 1 Phase, 60 Hz",1
8.95E+12,EBNR2,"Everest Refrigeration EBNR2 39 3/8"" Bottom Mount Solid Door Reach-In Refrigerator, 115 V, 1 Phase, 60 Hz",1
8.95E+12,ESGR2,"Everest Refrigeration ESGR2 49 5/8"" Top Mount Glass Door Reach-In Refrigerator, 115 V, 1 Phase, 60 Hz",1
8.95E+12,ESRF2D2,"Everest Refrigeration ESRF2D2 49 5/8"" Top Mount Reach-In Dual Temperature Refrigerator/Freezer with 1 Half Door and 2 Drawers, 115 V, 1 Phase, 60 Hz",1
8.95E+12,ESR2D2,"Everest Refrigeration ESR2D2 49 5/8"" Top Mount Reach In Refrigerator with 2 Solid Doors and 2 Drawers, 115 V, 1 Phase, 60 Hz",1
8.95E+12,ESRF3,"Everest Refrigeration ESRF3 74 3/4"" Top Mount Solid Door Dual Temperature Reach-In Freezer/Refrigerator, 115 V, 1 Phase, 60 Hz",1
8.95E+12,ESF1,"Everest Refrigeration ESF1 29 1/4"" Top Mount Solid Door Reach-In Freezer, 115 V, 1 Phase, 60 Hz",1
8.95E+12,ESR3,"Everest Refrigeration ESR3 74 3/4"" Top Mount Solid Door Reach-In Refrigerator, 115 V, 1 Phase, 60 Hz",1
8.95E+12,ESR2,"Everest Refrigeration ESR2 49 5/8"" Top Mount Solid Door Reach-In Refrigerator, 115 V, 1 Phase, 60 Hz",1
8.95E+12,1020959,"Zwilling 1020959 Enfinigy Cool Touch Electric Kettle Pro, Gold",1
8.95E+12,1017354,Zwilling 1017354 Energy Plus 2-Piece Ultra-Nonstick Frying Pan Set,1
8.95E+12,1009871,"Zwilling 1009871 Fresh & Save Vacuum Lunch Box, Large, White-Grey, Semitransparent",1
8.95E+12,1007718,Zwilling 1007718 Fresh & Save Glass Vacuum Gratin Dish 2.8 Liter,1
8.95E+12,1002660,Zwilling 1002660 Sommelier Stainless Steel Wine Cooler,1
8.95E+12,1002549,Zwilling 1002549 Pro Tools Cheese Slicer,1
8.95E+12,1029920,"Staub 1029920 Cast Iron 8.5"" Traditional Deep Skillet, White",1
8.95E+12,1029591,"Staub 1029591 3-Piece Mini Round Cocotte Set, Citron",1
8.95E+12,1007985,"Staub 1007985 Cast Iron 3.5-qt Braiser Pans, Grenadine",1
8.95E+12,1007984,"Staub 1007984 Cast Iron 3.5-qt Braiser Pan, Cherry",1
8.95E+12,1004708,"Staub 1004708 Cast Iron 4.5-qt Perfect Pan/Wok, Cherry",1
8.95E+12,1004527,"Staub 1004527 6"" Round Magnetic Wood Trivet",1
8.95E+12,1004368,"Staub 1004368 10"" Round Enameled Cast Iron Skillet with Handles, Graphite Gray",1
8.95E+12,1004084,"Staub 1004084 Cast Iron 11"" Crepe Pan with Spreader & Spatula, Black",1
8.95E+12,1003984,"Staub 1003984 Cast Iron 7-qt Round Cocotte with Lid, Grenadine",1
8.95E+12,1003954,"Staub 1003954 Rectangular Cast Iron Griddle Pan/Plancha with Handles, 18 1/2"" x 9 4/5"", Matte Black",1
8.95E+12,1023643,Henckels 1023643 CLAD H3 2-qt Sainless Steel Saucepan with Lid,1
8.95E+12,1025335,"Zwilling 1025335 Fresh & Save Food Container Cube Insert with Measuring Spoon, Medium",1
8.95E+12,1025125,"Zwilling 1025125 Fresh & Save 4S Cube Container in Transparent White, 1.8 qt",1
8.95E+12,1004123,"Staub 1004123 Cast Iron 1.5-qt Large Rectangular Terrine, Black",1
8.95E+12,1005086,Demeyere 1005086 Atlantis 5.5-qt Stainless Steel Dutch Oven,1
8.95E+12,1002541,Zwilling 1002541 Pro Tools Silicone Spatula,1
8.95E+12,1025387,"Zwilling 1025387 Fresh & Save Container Sleeve in Sage, Small",1
8.95E+12,1025971,"Zwilling 1025971 Fresh & Save Transparent-White Container Set, Small, 6 Pcs",1
8.95E+12,1005883,Zwilling 1005883 Enfinigy Vacuum Adaptor Table/Power Blender,1
8.95E+12,1027839,Zwilling 1027839 Enfinigy Citrus Juicer in Black,1
8.95E+12,1025126,"Zwilling 1025126 Fresh & Save 0.74 qt Cube Container, Medium",1
8.95E+12,1021469,"Staub 1021469 Ceramic Dinnerware 4 Piece Condiment Dish Set, White",1
8.95E+12,1004593,"Staub 1004593 Stoneware 2pc Prep Bowl Set, Cherry",1
8.95E+12,1003588,Staub 1003588 Staub Silicone Skimming Ladle,1
8.95E+12,1003593,Staub 1003593 Tools Multifunction Spatula Spoon,1
8.95E+12,1004034,"Staub 1004034 Cast Iron 1-qt Round Tea Kettle, Grenadine Red",1
8.95E+12,1004014,"Staub 1004014 Cast Iron 8"" X 5.5"" Oval Gratin Baking Dish, Black",1
8.95E+12,1015760,Demeyere 1015760 Atlantis 9pc Stainless Steel Cookware Set,1
8.95E+12,1005312,"Demeyere 1005312 Industry 12.5"" Stainless Steel Fry Pan with Helper Handle",1
8.95E+12,1005311,"Demeyere 1005311 Industry 11"" Stainless Steel Fry Pan",1
8.95E+12,1001147,Ballarini 1001147 Rosso Fry Pan Turner,1
8.95E+12,1006640,"Ballarini 1006640 Professionale ServInTavola 4.3"" Mini Saucepan",1
8.95E+12,1025149,"Zwilling 1025149 Fresh & Save Container Spice Set, Extra Small, 3-Piece",1
8.95E+12,1025390,Zwilling 1025390 Fresh & Save 4S Container Sleeve in Sage,1
8.95E+12,1021708,"Zwilling 1021708 Joy Plus 12"" Stainless Steel Nonstick Wok with Lid",1
8.95E+12,1009870,"Zwilling 1009870 Fresh & Save Vacuum Lunch Box, Medium, White-Grey, Semitransparent",1
8.95E+12,1002501,"Zwilling 1002501 Fresh & Save Rectangular Vacuum Box, Large, Plastic, White",1
8.95E+12,1021456,"Zwilling 1021456 Fresh & Save Vacuum Accessory Drip Tray for Glass Boxes, M/L, 2-Piece",1
8.95E+12,1002484,"Zwilling 1002484 Enfinigy Bun Warmer, Small",1
8.95E+12,1002485,"Zwilling 1002485 Enfinigy Bun Warmer, Large",1
8.95E+12,1004595,"Staub 1004595 Stoneware 2pc Prep Bowl Set, Dark Blue",1
8.95E+12,1014780,"Staub 1014780 Ceramic 4-Piece Mixed Baking Dish Sets, Dark Blue",1
8.95E+12,1004208,"Staub 1004208 2 3/4 qt Enameled Cast Iron Cocotte with Lid, Cherry",1
8.95E+12,1003187,"Staub 1003187 1 qt Enameled Cast Iron Cocotte with Pig Lid, Graphite Grey",1
8.95E+12,1028913,"Staub 1028913 Cast Iron 2.5-qt Saute Pan With Dragon Lid, Cherry",1
8.95E+12,1021452,"Ballarini 1021452 La Patisserie Loaf Nonstick Pan, 12"" x 4.5""",1
8.95E+12,1023638,"Henckels 1023638 CLAD H3 10"" Stainless Steel Ceramic Nonstick Fry Pan with Lid",1
8.95E+12,1004404,"Staub 1004404 Stainless Steel Animal Knob for Cocotte, Pig",1
8.95E+12,1029542,"Zwilling 1029542 Flammkraft Model D Freestanding Gas Grill with Rotisserie, Ivory White, 39.97 x 20.87 x 45.28, 16000 BTU",1
8.95E+12,1009753,"Zwilling 1009753 Sorrento Straight Glass Straw Set, Colored, 4 Pcs",1
8.95E+12,1004803,"Staub 1004803 Cast Iron 13"" Fry Pan with Double Handle, Cherry",1
8.95E+12,1008911,"Zwilling 1008911 Enfinigy Bun Warmer For Short-Slot Toaster, Small, Black",1
8.95E+12,1005089,Demeyere 1005089 Atlantis 8.5-qt Stainless Steel Stock Pot,1
8.95E+12,1004129,"Staub 1004129 Cast Iron 7.9"" Round Covered Baking Dish, Graphite Grey",1
8.95E+12,1004342,"Staub 1004342 Cast Iron 10.3"" Square Grill Press, Black",1
8.95E+12,1016129,"Zwilling 1016129 4 Slice Toaster with 3 Automatic Programs, Silver",1
8.95E+12,1007719,"Zwilling 1007719 Fresh & Save Rectangular Vacuum Food Storage Container, 3 Pcs",1
8.95E+12,1009868,"Zwilling 1009868 Fresh & Save Vacuum Fridge Storage Box, Plastic, Grey",1
8.95E+12,1016126,"Zwilling 1016126 2 Long Slice Toaster with 3 Automatic Programs, Silver",1
8.95E+12,1015110,"Staub 1015110 2-Piece Large Ceramic Universal Bowl Set, Dark Blue",1
8.95E+12,1018390,Ballarini 1018390 10 Piece Parma Plus Aluminum Nonstick Cookware Set,1
8.95E+12,1001150,Zwilling 1001150 1-qt Stainless Steel Ceramic Nonstick Saucepan,1
8.95E+12,1022060,"Zwilling 1022060 Enfinigy Electric Kettle in Black, 1 Liter",1
8.95E+12,1019407,Zwilling 1019407 12 Piece Steak Dinner Set with Wood Presentation Box,1
8.95E+12,1018539,Zwilling 1018539 Kramer Hardwood Stropping Block with Leather Stropping Strap,1
8.95E+12,1017075,Zwilling 1017075 Motion 4-qt Hard Anodized Aluminum Soup Pot Nonstick,1
8.95E+12,1016636,"Zwilling 1016636 12"" Stainless Steel Ceramic Nonstick Fry Pan",1
8.95E+12,1014209,"Zwilling 1014209 Sorrento Double Wall Beer Glass Set, 4 Pcs",1
8.95E+12,1011736,"Zwilling 1011736 TWIN Signature ""Rock & Chop"" 2-Piece Knife Set",1
8.95E+12,1011461,Zwilling 1011461 42 Piece Stainless Steel Kingwood Flatware Set,1
8.95E+12,1010857,"Zwilling 1010857 Sorrento 11.8 Oz Double Wall Latte Glass Set in Smoke, 8 Pcs",1
8.95E+12,1010586,Zwilling 1010586 Enfinigy Black Milk Frother,1
8.95E+12,1009977,"Zwilling 1009977 Motion 11"" Hard Anodized Aluminum Nonstick Square Grill Pan",1
8.95E+12,1002226,Zwilling 1002226 Four Star 2 Piece Carving Knife & Fork Set,1
8.95E+12,1001534,"Zwilling 1001534 4"" Twin Four Star Parer Utility Knife",1
8.95E+12,1029495,"Staub 1029495 Cast Iron 8.5"" Traditional Deep Skillet, Citron",1
8.95E+12,1029064,"Staub 1029064 Cast Iron 1.5-qt Petite French Oven, Citron",1
8.95E+12,1027051,"Staub 1027051 Cast Iron 3.5-qt Braiser with Glass Lid, White Truffle",1
8.95E+12,1021466,"Staub 1021466 Ceramic 16 Oz Dinnerware Mug Set, White, 4 Pcs",1
8.95E+12,1021465,"Staub 1021465 9.5"" Soup / Pasta Bowl Set, White, 4-Piece",1
8.95E+12,1021459,"Staub 1021459 Stoneware 12-Piece Dinnerware Set, White",1
8.95E+12,1021322,"Staub 1021322 4 Piece Cast Iron Set with Universal Lid, Black Matte",1
8.95E+12,1021321,"Staub 1021321 Cast Iron 4 Piece Cast Iron Set with Universal Lid, Cherry",1
8.95E+12,1020383,"Staub 1020383 Cast Iron 5.75-qt Coq au Vin Dutch Oven, Basil",1
8.95E+12,1010477,"Staub 1010477 Ceramic Dinnerware 4-pc Condiment Dish Set, White Truffle",1
8.95E+12,1004779,"Staub 1004779 12"" Round Enameled Cast Iron Skillet with Handles, Cherry",1
8.95E+12,1004497,"Staub 1004497 12"" Round Enameled Cast Iron Skillet with Handles, Graphite Gray",1
8.95E+12,1004413,"Staub 1004413 10"" Round Enameled Cast Iron Skillet with Handles, Grenadine",1
8.95E+12,1004114,"Staub 1004114 Cast Iron 8"" X 5.5"" Oval Gratin Baking Dish, Graphite Grey",1
8.95E+12,1004110,"Staub 1004110 Cast Iron 7.5"" Round Gratin Baking Dish, Graphite Grey",1
8.95E+12,1004002,"Staub 1004002 Cast Iron 5.75-qt Coq au Vin Dutch Oven, Black",1
8.95E+12,1003958,"Staub 1003958 Cast Iron 12.5"" X 9"" Oval Baking Dish - Black",1
8.95E+12,1003923,"Staub 1003923 Cast Iron 5.5-qt Round Cocotte with Lid, Graphite Grey",1
8.95E+12,1003846,"Staub 1003846 Enameled Cast Iron 3.75-qt Cocotte with Domed Lid, Dark Blue",1
8.95E+12,1003840,"Staub 1003840 Cast Iron 3.75-qt Essential Cocotte with Domed Lilly Lid, Graphite Grey",1
8.95E+12,1003541,"Staub 1003541 Cast Iron 3.5-qt Braiser with Glass Lid, Grenadine",1
8.95E+12,1003339,"Staub 1003339 Cast Iron 12"" Square Grill Pan, Basil",1
8.95E+12,1019723,"Miyabi 1019723 9"" Bread Knife with Black Plastic Handle",1
8.95E+12,1019676,Miyabi 1019676 Koh 10 Piece Knife Set with Magnetic Bamboo Easel,1
8.95E+12,1019675,Miyabi 1019675 Koh 7 Piece Knife Set with Bamboo Block,1
8.95E+12,1023637,Henckels 1023637 CLAD H3 10-Piece Stainless Steel Ceramic Nonstick Cookware Set,1
8.95E+12,1006638,"Ballarini 1006638 5.5"" Aluminum Mini Saute Pan",1
8.95E+12,1001800,Zwilling 1001800 Edge Maintenance V-Edge Two Rods Blue Coarse,1
8.95E+12,1017254,"Zwilling 1017254 9.5"" Stainless Steel Nonstick Fry Pan with Lid",1
8.95E+12,1023647,"Henckels 1023647 10 Piece Stainless Steel Cookware Set, CLAD H3 Series",1
8.95E+12,1010681,Henckels 1010681 Capri Notte 4-pc Aluminum Nonstick Cookware Set with Universal Lid,1
8.95E+12,1027981,"Staub 1027981 Stoneware 11.5"" Shallow Serving Bowl, Cherry",1
8.95E+12,1013579,Henckels 1013579 Stainless Steel Pasta Spoon,1
8.95E+12,1018589,Zwilling 1018589 Storage Twin Dark Walnut 16-slot Block,1
8.95E+12,1002682,"Zwilling 1002682 TWIN Grip 4.5"" Serrated Utility Knife with Red",1
8.95E+12,1002517,Zwilling 1002517 Pro Tools Y-Peeler,1
8.95E+12,1002403,"Zwilling 1002403 6"" Meat Cleaver with Black Plastic Handle",1
8.95E+12,1029546,"Zwilling 1029546 Flammkraft Model D Built-In Gas Grill with Rotisserie, 39.37 x 20.87 x 19.09, 16000 BTU",1
8.95E+12,1010590,"Zwilling 1010590 Enfinigy Coffee Bean Grinder, Black",1
8.95E+12,1017264,Zwilling 1017264 Clad CFX 8-qt Stainless Steel Ceramic Nonstick Stock Pot,1
8.95E+12,1018667,"Zwilling 1018667 Natural Bamboo Cutting Board, 11.25 x 9.2 x .75""",1
8.95E+12,1028217,Zwilling 1028217 Stainless Steel 10-Piece Grill Essential Set,1
8.95E+12,1026223,Zwilling 1026223 Stainless Steel Grill Spatula,1
8.95E+12,1025336,Zwilling 1025336 Fresh & Save 2S Container Sleeve in White,1
8.95E+12,1024005,Zwilling 1024005 Stainless Steel Pour Over Coffee Dripper (Filter),1
8.95E+12,1003589,Staub 1003589 Silicone Wok Turner with Wood Handle,1
8.95E+12,1021451,"Staub 1021451 5"" Cereal Bowl Set, White Truffle, 4 Piece",1
8.95E+12,1014513,"Staub 1014513 8-Inch Ceramic Round Brie Cheese Baker with Lid, White",1
8.95E+12,1004098,"Staub 1004098 Cast Iron 5.5"" X 3.8"" Mini Oval Gratin Baking Dish, Graphite Grey",1
8.95E+12,1003284,"Staub 1003284 Cast Iron 3-qt Tomato Dutch Oven, Grenadine",1
8.95E+12,1028909,"Staub 1028909 Cast Iron 3.75-qt Essential French Oven Dragon Lid, Cherry",1
8.95E+12,1004677,"Staub 1004677 6 1/2"" Enameled Mini Cast Iron Wok w/ Lid, Graphite Grey",1
8.95E+12,1013699,Henckels 1013699 Silvercap 3-Piece Starter Knife Set with Black Plastic Handle,1
8.95E+12,1005254,"Demeyere 1005254 Resto 4pc Stainless Steel Stovetop Smoker Set, 12 3/5"" x 5""",1
8.95E+12,1005259,Demeyere 1005259 Resto 3.2-qt Stainless Steel Mussel Pot,1
8.95E+12,1005201,Demeyere 1005201 Resto 10.6-qt Stainless Steel Maslin Pan,1
8.95E+12,1005141,Demeyere 1005141 Resto 2.6-qt Stainless Steel Whistling Tea Kettle,1
8.95E+12,1018403,Ballarini 1018403 Avola 10 Piece Aluminum Nonstick Cookware Set,1
8.95E+12,1009472,"Zwilling 1009472 TWINNY  Kids Chef's Knife, Blue",1
8.95E+12,1002195,"Zwilling 1002195 12"" Kramer Honing Steel with Black Plastic Handle",1
8.95E+12,1022661,"Zwilling 1022661 Commercial 8.5"" Stainless Steel Lid",1
8.95E+12,1009530,"Staub 1009530 Stoneware 3-Piece Mixed Baking Dish Set, White",1
8.95E+12,1029930,"Staub 1029930 Cast Iron 8.5"" Traditional Deep Skillet, Grenadine",1
8.95E+12,1003315,"Staub 1003315 Cast Iron 12"" Square Grill Pan with Handles, Cherry",1
8.95E+12,1029721,Henckels 1029721 Silicone Onyx Fry Pan Turner,1
8.95E+12,1006637,"Ballarini 1006637 5.5"" Professionale ServInTavola Mini Aluminum Fry Pan",1
8.95E+12,1018386,"Ballarini 1018386 Parma Plus 11"" Aluminum Nonstick Wok with Lid",1
8.95E+12,1020762,"Ballarini 1020762 10"" La Patisserie Nonstick Springform Pan",1
8.95E+12,1025397,Zwilling 1025397 Fresh & Save 3S Container Sleeve in Grey,1
8.95E+12,1019281,"Zwilling 1019281 TWIN Grip 4.5"" Serrated Utility Knife Black",1
8.95E+12,1018382,Ballarini 1018382 Parma Plus 1.5-qt Aluminum Nonstick Saucepan with Lid,1
8.95E+12,1001391,"Zwilling 1001391 Rectangular Bamboo Cutting Board, 14x10x1.2",1
8.95E+12,1018992,"Zwilling 1018992 Fresh & Save Vacuum Storage Bag Set in Brown Box, Small, 30 Pcs",1
8.95E+12,1001164,Ballarini 1001164 Nero Whisk,1
8.95E+12,1024430,"Zwilling 1024430 10"" Sharpening Rod with Plastic Handle",1
8.95E+12,1011380,Henckels 1011380 20 Piece Stainless Steel Alcea Flatware Set,1
8.95E+12,5000074,Staub 5000074 Large Nickel Knob for Cocotte,1
8.95E+12,1018624,"Zwilling 1018624 10 Slot Slanted Magnetic Beechwood Knife Block, White",1
8.95E+12,1004030,"Staub 1004030 Cast Iron 1 qt Round Tea Pot, Black",1
8.95E+12,1015319,Demeyere 1015319 Resto 4.8-qt Stainless Steel Asparagus/Pasta Cooker Set,1
8.95E+12,1013575,"Henckels 1013575 Tools Soup Ladle, 18/10 Stainless Steel",1
8.95E+12,1013586,Henckels 1013586 6 Piece Silicone/Stainless Steel Kitchen Tool Set,1
8.95E+12,1002234,Zwilling 1002234 Magnetic Knife Bamboo Storage Easel for 5 Knives,1
8.95E+12,1027297,Staub 1027297 5-Piece Silicone Essential Set,1
8.95E+12,1003122,"Zwilling 1003122 Accessories 6.2"" Stainless Steel Strainer",1
8.95E+12,1019467,"Zwilling 1019467 Sorrento Plus 12 Oz Double Wall Coffee Glass, 355ml, 4 Pcs",1
8.95E+12,1029580,Zwilling 1029580 Flammkraft Cover for Model D Freestanding Gas Grill,1
8.95E+12,1019434,Henckels 1019434 8 Piece Serrated Steak Knife Set with Black Plastic Handle,1
8.95E+12,1011266,Henckels 1011266 Forged Accent 4 Piece Steak Knife Set with White Handle,1
8.95E+12,1011537,Zwilling 1011537 23 Piece Stainless Steel Vintage Flatware Set,1
8.95E+12,1024285,"Staub 1024285 Cast Iron 3.5-qt Braiser with Glass Lid, Lilac",1
8.95E+12,1013574,Henckels 1013574 Stainless Steel Skimming Ladle,1
8.95E+12,1022011,"Zwilling 1022011 Chef's Knife and Kids Apron Set in Red, 2 Pcs",1
8.95E+12,1010769,"Staub 1010769 4 Piece Cast Iron Set with Universal Lid, Dark Blue",1
8.95E+12,1004675,"Staub 1004675 Cast Iron 0.5-qt Baby Wok, Black",1
8.95E+12,1013571,Henckels 1013571 Stainless Steel and Silicone Turner,1
8.95E+12,1014863,"Staub 1014863 Stoneware 2-Piece Oval Baking Dishes Set, Dark Blue",1
8.95E+12,1029453,"Staub 1029453 2-Piece Stoneware Rectangular Baking Dishes Set, Macaron Pastel Pink",1
8.95E+12,1004091,"Staub 1004091 Cast Iron 0.25-qt Mini Saucepan, Graphite Grey",1
8.95E+12,1003243,"Staub 1003243 11"" Domed Glass Lid for Cast Iron Cookware",1
8.95E+12,1023098,"Ballarini 1023098 Bellamonte Cast Iron 4.75-qt Oval Dutch Oven, Pomodoro Red",1
8.95E+12,1019462,"Zwilling 1019462 Sorrento Plus 15 Oz Double Wall Cappuccino Glass Mug, 450ml, 2 Pcs",1
8.95E+12,1021895,"Henckels 1021895 Cafe Roma  4.5 Oz Double Wall Espresso Glass, 134ml, 2 Pcs",1
8.95E+12,1018818,"Zwilling 1018818 Predicat 13.6 Oz Burgundy / Universal Wine Glass, 6 Pcs",1
8.95E+12,1029543,"Zwilling 1029543 Flammkraft Model D Freestanding Gas Grill with Rotisserie, Ruby, 39.97 x 20.87 x 45.28, 16000 BTU",1
8.95E+12,1012584,"Miyabi 1012584 3 1/2"" Paring Knife with Brown Pakkawood Handle",1
8.95E+12,1018025,"Ballarini 1018025 Parma 10"" Aluminum Nonstick Fry Pan",1
8.95E+12,1004997,"Staub 1004997 16 Oz Petite Tomato Cocotte, Cherry",1
8.95E+12,1021892,"Henckels 1021892 Cafe Roma 12 Oz Double Wall Coffee Glass, 355 ml, 2 Pcs",1
8.95E+12,1027978,"Staub 1027978 Stoneware 11.5"" Shallow Serving Bowl, Dark Blue",1
8.95E+12,1004133,"Staub 1004133 Cast Iron Oval Covered Baking Dish, 9"" x 6.6"", Graphite Grey",1
8.95E+12,1029161,"Zwilling 1029161 Stainless Steel Kitchen Gadgets Sets, 3 Pcs",1
8.95E+12,1003244,"Staub 1003244 12"" Domed Glass Lid for Staub Cast Iron",1
8.95E+12,1009857,"Zwilling 1009857 Pro Le Blanc 5.5"" Fine Edge Prep Knife",1
8.95E+12,EST-66,"CMA Dishmachine EST-66 High Temperature Conveyor Dishwasher, Right to Left, 3 Phase, 220V, 60Hz",1
8.95E+12,L-1X16,"CMA Dishmachine L-1X16 Low Temperature Undercounter Dishwasher with Heater, 1 Phase, 115V, 60Hz, 1 HP",1
8.95E+12,L-1X,"CMA Dishmachine L-1X Low Temperature Undercounter Dishwasher with Heater, 1 Phase, 115V, 60Hz, 1HP",1
8.95E+12,L-1Xe,"CMA Dishmachine L-1Xe Low Temperature Energy Efficient Undercounter Dishwasher with Heater, 1 Phase, 115V, 60Hz, 1 HP",1
8.95E+12,180-VL Tall,"CMA Dishmachine 180-VL Tall Single Rack High Temperature Ventless 3-Door Dishwasher with Booster, 3 Phase, 220V, 60Hz, 1HP",1
8.95E+12,180-VL Single,"CMA Dishmachine 180-VL Single Rack High Temperature Ventless 3-Door Dishwasher with Booster, 3 Phase, 220V, 60Hz, 1HP",1
8.94E+12,TMKC-34-2-WS-N6,"Turbo Air TMKC-34-2-WS-N6 34""L Dual Sided Milk Coolers, 12.2 cu. Ft., 115/60/1 - White Coated Steel",1
8.94E+12,TBB-24-72SGD-N,"Turbo Air TBB-24-72SGD-N 73 1/8"" 3 Section Super Deluxe Narrow Black Bar Cooler, 20.62 cu. Ft., 115/60/1",1
8.94E+12,TBB-24-60SGD-N,"Turbo Air TBB-24-60SGD-N 61-1/8"" Super Deluxe 2 Section Narrow Back Bar Cooler, 16.46 cu. Ft., 115/60/1",1
8.94E+12,TCB-4SBD-N,"Turbo Air TCB-4SBD-N 90-3/8"" Super Deluxe Club Top Beer Dispenser, 36.47 cu. ft., 115/60/1",1
8.94E+12,TBD-2SBD-N6,"Turbo Air TBD-2SBD-N6 58-3/4"" 2 Keg Cap. Super Deluxe Beer Dispenser, 115/60/1 - Black Vinyl Ext.",1
8.94E+12,TBD-1SBD-N6,"Turbo Air TBD-1SBD-N6 23-5/8"" 1 Keg Cap. Super Deluxe Beer Dispenser, 115/60/1 - Black Vinyl Ext.",1
8.94E+12,TBC-95SD-N,"Turbo Air TBC-95SD-N 95"" 3 Lid Super Deluxe Bottle Cooler, 30.3 cu. Ft., 115/60/1",1
8.94E+12,TBC-65SB-N6,"Turbo Air TBC-65SB-N6 64-3/8"" 2 Lid Super Deluxe Bottle Cooler, 18.5 cu. Ft., 115/60/1",1
8.94E+12,TIOM-48CSCB-N,"Turbo Air TIOM-48CSCB-N 96-1/2"" Island Display Self-Serve Refrigerated Merchandiser, 47.9 cu. Ft., 220/60/1, Black",1
8.94E+12,TIOM-48CB-N,"Turbo Air TIOM-48CB-N 25-3/4"" Island Display Self-Serve Refrigerated Merchandiser, 11.9 cu. Ft., 220/60/1 - Black",1
8.94E+12,TIOM-36RSRB-N,"Turbo Air TIOM-36RSRB-N 48"" Open Island Display Case, 25.6 cu. Ft., 220v/60/1 - Black",1
8.94E+12,TIOM-20RSRB-N,"Turbo Air TIOM-20RSRB-N 48"" lsland Display Self-Serve Merchandiser, 19.2 cu. ft., 220/60/1 - Black",1
8.94E+12,TOM-60MSEW(B)-N,"Turbo Air TOM-60MSEW(B)-N 64"" Vertical Air Curtain Open Display Merchandiser, 17.2 cu. Ft., 115/60/1",1
8.94E+12,TOM-60ES-N,"Turbo Air TOM-60ES-N 60"" Vertical Air Curtain Open Display Merchandiser, 28.6 Cu. Ft., 115V/60/1",1
8.94E+12,TOM-60DXS-N,"Turbo Air TOM-60DXS-N 60"" Vertical Extra Deep Open Display Merchandiser, 29.4 Cu. Ft., 115V/60/1",1
8.94E+12,TOM-36UC-S-N,"Turbo Air TOM-36UC-S-N 36-1/4"" Drop-In Horizontal Open Display Case, 5 cu. Ft., 115/60/1",1
8.94E+12,TOM-60L-UF-S-3SI-N,"Turbo Air TOM-60L-UF-S-3SI-N 59-7/8"" Drop-In Horizontal Open Display Case, 19.3 cu. Ft., 115/60/1",1
8.94E+12,TOM-36L-UF-W(B)-2SI-N,"Turbo Air TOM-36L-UF-W(B)-2SI-N 35-7/8"" Drop-In Horizontal Open Display Case, 7.5 cu. Ft., 115/60/1",1
8.94E+12,TOM-72L-UFD-S-2S-N,"Turbo Air TOM-72L-UFD-S-2S-N 70-3/4"" Low Profile Horizontal Open Display Merchandiser, 15.8 cu. ft., 220/60/1",1
8.94E+12,TOM-60L-UFD-W(B)-2S-N,"Turbo Air TOM-60L-UFD-W(B)-2S-N 58-3/4"" Low Profile Horizontal Open Display Merchandiser, 13 cu. ft., 115/60/1",1
8.94E+12,TOM-36L-UFD-W(B)-2S-N,"Turbo Air TOM-36L-UFD-W(B)-2S-N 34-3/4"" Low Profile Horizontal Open Display Merchandiser, 7.5 cu. ft., 115/60/1",1
8.94E+12,TOM-36L-UFD-W(B)-1S-N,"Turbo Air TOM-36L-UFD-W(B)-1S-N 34-3/4"" Low Profile Horizontal Open Display Merchandiser, 4.6 cu. ft., 115/60/1",1
8.94E+12,TOM-60L-UF-S-1S-N,"Turbo Air TOM-60L-UF-S-1S-N 58-3/4"" Low Profile Horizontal Open Display Merchandiser, 8 cu. ft., 115/60/1",1
8.94E+12,TOM-48L-UF-S-1S-N,"Turbo Air TOM-48L-UF-S-1S-N 46-3/4"" Horizontal Open Display Merchandiser, 6.3 cu. Ft., 115/60/1",1
8.94E+12,TOM-36L-UF-S-3S-N,"Turbo Air TOM-36L-UF-S-3S-N 34-3/4"" Horizontal Open Display Merchandiser, 11.1 cu. Ft., 115/60/1",1
8.94E+12,TOM-36L-UF-S-2S-N,"Turbo Air TOM-36L-UF-S-2S-N 34-3/4"" Horizontal Open Display Merchandiser, 7.5 cu. Ft., 115/60/1",1
8.94E+12,TOM-36L-UF-S-1S-N,"Turbo Air TOM-36L-UF-S-1S-N 34-3/4"" Horizontal Open Display Merchandiser, 4.6 cu. Ft., 115/60/1",1
8.94E+12,TOM-72L-UF-W(B)-2S-N,"Turbo Air TOM-72L-UF-W(B)-2S-N 70-3/4"" Horizontal Open Display Merchandiser, 15.8 cu. Ft., 220/60/1",1
8.94E+12,TOM-60L-UF-W(B)-3S-N,"Turbo Air TOM-60L-UF-W(B)-3S-N 58-3/4"" Horizontal Open Display Merchandiser, 19.3 cu. Ft., 115/60/1",1
8.94E+12,TOM-48L-UF-W(B)-1S-N,"Turbo Air TOM-48L-UF-W(B)-1S-N 46-3/4"" Horizontal Open Display Merchandiser, 6.3 cu. Ft., 115/60/1",1
8.94E+12,TOM-36L-UF-W(B)-2S-N,"Turbo Air TOM-36L-UF-W(B)-2S-N 34-3/4"" Horizontal Open Display Merchandiser, 7.5 cu. Ft., 115/60/1",1
8.94E+12,TBA37-50N-W(B),"Turbo Air TBA37-50N-W(B) 37"" Horizontal Open Display Case, 4.2 cu. Ft., 115/60/1",1
8.94E+12,TOM-30LB-SP(-A)-N,"Turbo Air TOM-30LB-SP(-A)-N 28-1/8"" Horizontal Open Display Merchandiser, 5.1 cu. Ft., 115/60/1",1
8.94E+12,TOM-60SS-N,"Turbo Air TOM-60SS-N 63-3/8"" Horizontal Open Display Merchandiser, 11.2 cu. Ft., 115/60/1",1
8.94E+12,TOM-60SW(B)-N,"Turbo Air TOM-60SW(B)-N 63-3/8"" Horizontal Open Display Merchandiser, 11.2 cu. Ft., 115/60/1",1
8.94E+12,TFS-20F-N,"Turbo Air TFS-20F-N 57.375"" Horizontal Top Open Display Freezer, 20.29 cu. Ft., 115/60/1",1
8.94E+12,TJMF-85SDW(B)-N,"Turbo Air TJMF-85SDW(B)-N 97-1/2"" 3 Section Glass Merchandiser, 93.8 cu. Ft., 115/60/1",1
8.94E+12,TCBE-48SDR-N,"Turbo Air TCBE-48SDR-N 47-5/8"" Super Deluxe Extended Top Chef Base Refrigerator, 7.52 cu. Ft., 115/60/1",1
8.94E+12,PRCBE-48F-N,"Turbo Air PRCBE-48F-N 48"" 1 Section PRO Series Freezer Chef Base, 6.83 cu. Ft., 115/60/1",1
8.94E+12,TWF-28SD-D2-N,"Turbo Air TWF-28SD-D2-N 27 1/2"" 1 Section Super Deluxe Worktop Freezer, 7 cu. Ft., 115/60/1",1
8.94E+12,JUR-72S-N6,"Turbo Air JUR-72S-N6 70-7/8"" 3 Section J Series Undercounter Refrigerator, 15.17 cu. Ft., 115/60/1, Side Mount - Narrow",1
8.94E+12,MUR-24S-N6,"Turbo Air MUR-24S-N6 24"" 1 Section M3 Undercounter Refrigerator, 2.86 cu. Ft., 115/60/1",1
8.94E+12,PUR-60-D4-N,"Turbo Air PUR-60-D4-N 60-1/4"" Pro Series 2 Section Undercounter Refrigerator, 15.5 cu. Ft., 115/60/1",1
8.94E+12,CTST-1800G-13-N,"Turbo Air CTST-1800G-13-N 70-7/8"" Refrigerated Counter Top Salad Table, 8 Pan Capacity, 115/60/1",1
8.94E+12,CTST-1500G-13-N,"Turbo Air CTST-1500G-13-N 59"" Refrigerated Counter Top Salad Table, 6 Pan Capacity, 115/60/1",1
8.94E+12,CTST-1500G-N,"Turbo Air CTST-1500G-N 59"" Refrigerated Counter Top Salad Table, 7 Pan Capacity, 115/60/1",1
8.94E+12,CTST-1500-13-N,"Turbo Air CTST-1500-13-N 59"" Refrigerated CounterTop Salad/Sandwich Prep Table, 12 Pan Capacity, 115/60/1",1
8.94E+12,CTST-1200-13-N,"Turbo Air CTST-1200-13-N 47-1/4"" Refrigerated CounterTop Salad/Sandwich Prep Table, 6 Pan Capacity, 115/60/1",1
8.94E+12,CTST-1200-N,"Turbo Air CTST-1200-N 47-1/4"" Refrigerated CounterTop Salad/Sandwich Prep Table, 5 Pan Capacity, 115/60/1",1
8.94E+12,JBT-60-N,"Turbo Air JBT-60-N 59"" 2 Section J Series Refrigerated Buffet Table, 15 cu. Ft., 115/60/1",1
8.94E+12,MST-48-N,"Turbo Air MST-48-N 48-1/4"" 2 Section M3 Series Sandwich/Salad Prep Unit, 12 cu. Ft., 115/60/1",1
8.94E+12,MST-28-N,"Turbo Air MST-28-N 27-1/2"" 1 Section M3 Series Sandwich/Salad Unit, 7 cu. Ft., 115/60/1",1
8.94E+12,TST-48SD-18-FB-N-GL,"Turbo Air TST-48SD-18-FB-N-GL 48-1/4"" 2 Section Super Deluxe Sandwich/Salad Mega Top Unit, 11.1 cu. Ft., 115/60/1 - Front Breathing",1
8.94E+12,TST-72SD-30-FB-N,"Turbo Air TST-72SD-30-FB-N 72-5/8"" 3 Section Super Deluxe Sandwich/Salad Mega Top Unit, 21.3 cu. Ft., 115/60/1 - Front Breathing",1
8.94E+12,TST-48SD-08S-N-CL,"Turbo Air TST-48SD-08S-N-CL 48-1/4"" 2 Section Super Deluxe Sandwich/Salad Mega Top Unit, 12 cu. Ft., 115/60/1",1
8.94E+12,TST-72SD-30-N-GL,"Turbo Air TST-72SD-30-N-GL 72-15/8"" Super Deluxe Sandwich/Salad Mega Top Unit, 23 cu. Ft., 115/60/1",1
8.94E+12,TST-48SD-18-N-GL,"Turbo Air TST-48SD-18-N-GL 48-1/4"" Super Deluxe Sandwich/Salad Mega Top Unit, 15 cu. Ft., 115/60/1",1
8.94E+12,TST-48SD-18-N,"Turbo Air TST-48SD-18-N 48-1/4"" 2 Section Super Deluxe Mega Top Unit, 15 cu.ft., 115v/60/1",1
8.94E+12,TST-60SD-D2-N,"Turbo Air TST-60SD-D2-N 60-1/4"" 2 Section Super Deluxe Sandwich/Salad Unit, 16 cu. Ft., 115/60/1",1
8.94E+12,TPR-67SD-D4-N,"Turbo Air TPR-67SD-D4-N 93-3/8"" 3 Section Super Deluxe Pizza Prep Table, 31 cu. Ft., 115/60/1",1
8.94E+12,TPR-44SD-N,"Turbo Air TPR-44SD-N 44"" 1 Section Super Deluxe Pizza Prep Table, 14 cu. Ft., 115/60/1",1
8.94E+12,PST-48-FB-N,"Turbo Air PST-48-FB-N 48 1/4"" 2 Section Sandwich/Salad Prep Table, 11.1 cu. Ft., 115/60/1 - Front Breathing",1
8.94E+12,PST-48-18-N-CL,"Turbo Air PST-48-18-N-CL 48.25"" 2 Section Sandwich/Salad Prep Table, 15 cu. Ft., 115/60/1 - Clear Lid",1
8.94E+12,PST-72-30-D6-N,"Turbo Air PST-72-30-D6-N 72 5/8"" 2 Section Sandwich/Salad Prep Table, 23 cu. Ft., 115/60/1",1
8.94E+12,PST-72-D6-N,"Turbo Air PST-72-D6-N 72 5/8"" 3 Section Sandwich/Salad Prep Table, 23 cu. Ft., 115/60/1",1
8.94E+12,M3H47-2-G-TS,"Turbo Air M3H47-2-G-TS 51-3/4"" 2 Section Heated Cabinet, 42.9 cu. Ft., 115/60/1",1
8.94E+12,M3R47-2-N,"Turbo Air M3R47-2-N 51 3/4"" 2 Section Top Mount Refrigerator, 42.3 cu. Ft., 115/60/1",1
8.94E+12,M3R24-1-N,"Turbo Air M3R24-1-N 28-3/4"" 1 Section Top Mount Reach-In Refrigerator, 21.6 cu. Ft., 115/60/1",1
8.94E+12,PRO-50R-RI-N-CRT,"Turbo Air PRO-50R-RI-N-CRT 66-7/8"" 2 Section Roll-In Top Mount Refrigerator, 81.87 cu. Ft., 115v/60/1 - Correction Version",1
8.94E+12,PRO-77R-N-CRT,"Turbo Air PRO-77R-N-CRT 77-3/4 3 Section Top Mount Reach-In Refrigerator, 75.06 cu. Ft. - Correction Version, 115V/60/1",1
8.94E+12,PRO-15H-G,"Turbo Air PRO-15H-G 17-3/4"" 1 Section Heated Cabinet, 14.65 cu. Ft., 115v/60/1",1
8.94E+12,PRO-77H,"Turbo Air PRO-77H 77-3/4"" 3 Section Heated Cabinet, 73.9 cu. Ft., 208/115v/60/1-ph",1
8.94E+12,PRO-26H(-L),"Turbo Air PRO-26H(-L) 28-3/4"" 1 Section Heated Cabinet, 25 cu. Ft., 115/60/1",1
8.94E+12,PRO-26-2F-N(-L),"Turbo Air PRO-26-2F-N(-L) 28-3/4"" 1 Section Top Mount Reach-In Freezer, 24.39 cu. ft., 115v/60/1",1
8.94E+12,PRO-77F-N(-AL)(-AR),"Turbo Air PRO-77F-N(-AL)(-AR) 77.75'' 3 Section Top Mount Reach-In Freezer, 74.94 cu. ft., 115v/60/1",1
8.94E+12,PRO-12R-N(-L),"Turbo Air PRO-12R-N(-L) 17.75"" 1 Section Top Mount Reach-In Refrigerator, 9.6 cu. ft., 115v/60/1-ph",1
8.94E+12,BMWM010,"BakeMax BMWM010 6"" Manual Water Meter w/ Digital Display, 110/60/1",1
8.94E+12,BMVS001,BakeMax BMVS001 Vegetable Slicer Attachment For Mixer Or Power Drive With #12 Hub,1
8.94E+12,BMMG004,"BakeMax BMMG004 Titan Series Electric Meat Grinder, Countertop, 660 lbs, 1-1/2 Hp",1
8.94E+12,BMCT450,"BakeMax BMCT450 17.7"" Conveyor Toaster, Countertop, 500 Pieces/hour",1
8.94E+12,BMCT305,"BakeMax BMCT305 14.6"" Conveyor Toaster, Countertop, 360 Pieces/hour",1
8.94E+12,BMCT300,"BakeMax BMCT300 14.6"" Conveyor Toaster, Countertop, 360 Pieces/hour",1
8.94E+12,BMCT150,"BakeMax BMCT150 13.4"" Conveyor Toaster, Countertop, 180 Pieces/hour",1
8.94E+12,BMGGS36,"BakeMax BMGGS36 36"" Grab & Go Refrigerated Floor Display Case, Stainless Steel",1
8.94E+12,BMGG036,"BakeMax BMGG036 36"" Grab & Go Refrigerated Floor Display, 115v/60/1",1
8.94E+12,BMREF35,"BakeMax BMREF35 35.4"" Titan Series Refrigerated Display Case, Countertop, 120v/60/1",1
8.94E+12,BMTSC27,"BakeMax BMTSC27 27"" Titan Series Heated Warmer/Display Case, Countertop, 120v/60/1",1
8.94E+12,BMCBF25,"BakeMax BMCBF25 25"" Titan Series Heated Display Case, Countertop",1
8.94E+12,BMCBF18,"BakeMax BMCBF18 18"" Titan Series Heated Display Case, Countertop, 120/60/1",1
8.94E+12,BMGF001-6,"BakeMax BMGF001-6 30"" Gravity Feed Bread Slicer, Countertop, 15"" Max Loaf Length, 110/60/1",1
8.94E+12,BMGF001-5,"BakeMax BMGF001-5 30"" Gravity Feed Bread Slicer, Countertop, 15"" Max Loaf Length, 110/60/1",1
8.94E+12,BMGF001-4,"BakeMax BMGF001-4 30"" Gravity Feed Bread Slicer, Countertop, 15"" Max Loaf Length, 110/60/1",1
8.94E+12,BMGF001-3,"BakeMax BMGF001-3 30"" Gravity Feed Bread Slicer, Countertop, 15"" Max Loaf Length, 110/60/1",1
8.94E+12,BMGF001-2,"BakeMax BMGF001-2 30"" Gravity Feed Bread Slicer, Countertop, 15"" Max Loaf Length, 110/60/1",1
8.94E+12,BMFBM01,"BakeMax BMFBM01 39"" French Bread Moulder, 1.76 - 35.27 Oz, 220/60/3",1
8.94E+12,BMDD005,"BakeMax BMDD005 28.5"" Automatic Dough Divider/Rounder, 44 Liter Dough Hopper, 115/60/1",1
8.94E+12,BMCRS01,"BakeMax BMCRS01 36"" Reversible Dough Sheeter, Countertop, 1/2 Hp",1
8.94E+12,BMTPS16,"BakeMax BMTPS16 21"" Two Pass Dough Sheeter, Countertop, 110/60/1",1
8.94E+12,BMPM080,"BakeMax BMPM080 Planetary Mixer, 80 Qt., Floor Model",1
8.94E+12,BMPM012,"BakeMax BMPM012 19"" Countertop Planetary Mixer, 12 Qt",1
8.94E+12,BMSM050,"BakeMax BMSM050 22"" Spiral Dough Mixer, 110 Lb, 84 Qt Bowl",1
8.94E+12,BMSM030,"BakeMax BMSM030 21"" Spiral Dough Mixer, 66 Lb, 53 Qt Bowl",1
8.94E+12,BMSM020,"BakeMax BMSM020 20"" Spiral Dough Mixer, 45 Lb, 42 Qt Bowl",1
8.94E+12,BMTDS01,BakeMax BMTDS01 Storage Cabinet For BMT Series Oven,1
8.94E+12,BMTDP01,"BakeMax BMTDP01 2 Section Proofer For BMT Series Ovens, 150 lbs",1
8.94E+12,BMTD004,"BakeMax BMTD004 75"" Four Deck Electric Oven, Accommodates (12) 18"" X 26"" Pans, 220/60/3",1
8.94E+12,BMDDD04,"BakeMax BMDDD04 55"" Four Deck Electric Oven, Accommodates (8) 18"" X 26"" Pans, 220/60/3",1
8.94E+12,BAKEL70,"BakeMax BAKEL70 21"" Liquid Propane Gas Fryer, Floor Model, 70 lb., 150,000 BTU",1
8.94E+12,BAKEL50,"BakeMax BAKEL50 15-1/2"" Liquid Propane Gas Fryer, Floor Model, 50 lb., 1200,000 BTU",1
8.94E+12,BAKEG40,"BakeMax BAKEG40 15.5"" Natural Gas Fryer, Floor Model, 40 lb., 90,000 BTU",1
8.94E+12,BAFA4M-24,"BakeMax BAFA4M-24 24"" Natural Gas Countertop Hotplate w/ Manual Controls, 120,000 BTU",1
8.94E+12,BATG48,"BakeMax BATG48 48"" Countertop Themostatic Gas Griddle w/ Manual Controls, 120,000 BTU",1
8.94E+12,BATG36,"BakeMax BATG36 36"" Countertop Themostatic Gas Griddle w/ Manual Controls, 90,000 BTU",1
8.94E+12,BACGG36-6,"BakeMax BACGG36-6 36"" Countertop Natural Gas Charbroiler w/ Manual Controls, 90,000 BTU",1
8.94E+12,BACGG18-2,"BakeMax BACGG18-2 18"" Countertop Natural Gas Charbroiler w/ Manual Controls, 45,000 BTU",1
8.94E+12,BACG48-4,"BakeMax BACG48-4 48"" Countertop Heavy Duty Natural Gas Griddle w/ Manual Controls, 120,000 BTU",1
8.94E+12,BACG36-3,"BakeMax BACG36-3 36"" Countertop Heavy Duty Natural Gas Griddle w/ Manual Controls, 90,000 BTU",1
8.93E+12,CHDS-53,"Atosa CHDS-53 27.63"" Countertop Heated Square Display Case 5.3 Cu. Ft",1
8.93E+12,CHDC-44,"Atosa CHDC-44 27.5"" Countertop Heated Curved Display Case 4.4 Cu. Ft",1
8.93E+12,ATSE-3036,"Atosa ATSE-3036 36"" Stainless Steel Equipment Stand",1
8.93E+12,SSTW-3084,"Atosa SSTW-3084 84"" 18-Gauge Stainless Steel Work Table with Undershelf",1
8.93E+12,SSTW-3072,"Atosa SSTW-3072 72"" Gauge Stainless Steel Work Table with Undershelf",1
8.93E+12,SSTW-3060,"Atosa SSTW-3060 60"" Stainless Steel Work Table with Undershelf",1
8.93E+12,SSTW-3030,"Atosa SSTW-3030 30"" Stainless Steel Work Table with Undershelf 18-Gauge",1
8.93E+12,SSTW-2472,"Atosa SSTW-2472 72"" Stainless Steel Work Table with Undershelf 18 Gauge",1
8.93E+12,SSTW-2430,"Atosa SSTW-2430 Stainless Steel Work Table with Undershelf, 18 Gauge",1
8.93E+12,SSTW-2424,"Atosa SSTW-2424 24"" Stainless Steel Work Table with Undershelf, 18 Gauge",1
8.93E+12,MGF36FGR,"Atosa MGF36FGR 36.38"" Undercounter Freezer 8.7 Cu.Ft",1
8.93E+12,SBB59GGRAUS2,"Atosa SBB59GGRAUS2 57.75"" Shallow Depth Double Glass Door Back Bar Cooler 15 Cu.Ft",1
8.93E+12,AGR-10B-NG,"Atosa AGR-10B-NG 60"" CookRite Range Natural Gas, 10 Burners",1
8.93E+12,SBB69GRAUS2,"Atosa SBB69GRAUS2 68"" Shallow Depth Double Solid Door Back Bar Cooler 18.6  Cu.Ft",1
8.93E+12,AGR-4B36G-NG,"Atosa AGR-4B36G-NG 60"" CookRite Range Natural Gas with 36"" Griddle",1
8.93E+12,AGR-6B24G-LP,"Atosa AGR-6B24G-LP 60"" CookRite Range Liquid Propane Gas with 24"" Griddle",1
8.93E+12,AGR-2B24GR-NG,"Atosa AGR-2B24GR-NG 36"" CookRite Range Natural Gas With 24"" Griddle",1
8.93E+12,ATSP-18-2L,"Atosa ATSP-18-2L 18""  Lower Version Stock Pot Stove with 4 Burners",1
8.93E+12,ATSP-18-2,"Atosa ATSP-18-2 18"" Stock Pot Stove with 4 Burners",1
8.93E+12,ATSP-18-1,"Atosa ATSP-18-1 18"" Stock Pot Stove with 2 Burners",1
8.93E+12,ATFS-40-NG,Atosa ATFS-40-NG Natural Gas Floor Fryer 40 lb.,1
8.93E+12,ATTG-48,"Atosa ATTG-48 48"" Gas Countertop Griddle with Thermostatic Controls 100,000 BTU",1
8.93E+12,ATTG-36,"Atosa ATTG-36 36"" Gas Countertop Griddle with Thermostatic Controls 75,000 BTU",1
8.93E+12,ATMG-48,"Atosa ATMG-48 48"" Heavy Duty  Gas Griddle with Manual Control 120,000 BTU",1
8.93E+12,ATMG-36,"Atosa ATMG-36  36"" Heavy Duty Gas Griddle with Manual Control 90,000 BTU",1
8.93E+12,ACHP-4,"Atosa ACHP-4 24"" Heavy Duty Countertop Range, Hot Plate with 4 Burners 128,000 BTU",1
8.93E+12,MCF8701GR,"Atosa MCF8701GR 27"" Bottom Mount Freezer, 1 One Glass Door 19.1 Cu.Ft",1
8.93E+12,MCF8709GR,"Atosa MCF8709GR 54.38"" Bottom Mount Refrigerator, 2 Two Sliding Door 44.9  Cu.Ft",1
8.93E+12,ATCM-36,"Atosa ATCM-36 18"" Infrared Cheese Melter",1
8.93E+12,MGF8448GR,"Atosa MGF8448GR  35.63"" Two Drawer Refrigerated Chef Base 4.7 Cu.Ft",1
8.93E+12,SBB48GGRAUS1,"Atosa SBB48GGRAUS1 48"" Shallow Depth Double Glass Door Back Bar Cooler 11.5 Cu.Ft",1
8.93E+12,MBC65GR,"Atosa MBC65GR 64.7"" Stainless Steel Horizontal Bottle Cooler 16.4 Cu.Ft",1
8.93E+12,MBB90G-GR,"Atosa MBB90G-GR 89.3"" Stainless Steel Glass Door Back Bar Refrigerator 30.1 Cu.Ft",1
8.93E+12,MBB69GR,"Atosa MBB69GR 68"" Stainless Steel Solid Door Back Bar Refrigerator 21.5  Cu.Ft",1
8.93E+12,MGF8452GR,"Atosa MGF8452GR 60.5"" Two Drawer Refrigerated Chef Base, Extended Top  8.4 Cu.Ft",1
8.93E+12,MGF8450GR,"Atosa MGF8450GR  48.4"" Two Drawer Refrigerated Chef Base 7.7 Cu.Ft",1
8.93E+12,MSF8307GR,"Atosa MSF8307GR 60.2"" Mega Top Sandwich Prep Table, 24 Pans 17.2 Cu.Ft",1
8.93E+12,MGF8403GR,"Atosa MGF8403GR 60.25"" Undercounter Refrigerator 17.2 Cu.Ft",1
8.93E+12,MGF8404GR,"Atosa MGF8404GR 72.69"" Undercounter Refrigerator 21.1 Cu.Ft",1
8.93E+12,MGF8405GR,"Atosa MGF8405GR 72.69"" Undercounter Freezer 21.1 Cu.Ft",1
8.93E+12,MGF8401GR,"Atosa MGF8401GR 27"" Undercounter Refrigerator 7.2  Cu.Ft",1
8.93E+12,MBF8005GR,"Atosa MBF8005GR 52"" Reach-In Top Mount Refrigerator, 2 Two Door, 44.5 Cu.Ft",1
8.92E+12,RSHSD01,Roomwell UK Smart HVAC Scent Diffuser,1
8.92E+12,5139,Libbey Restaurant Basics 1639HT 16 oz. Customizable Rim Tempered Mixing Glass / Pint Glass - 24/Case,1
8.92E+12,F35-5561,"Forbes Industries F35-5561 24"" White or Black Polyethylene Work Surface",1
8.92E+12,F35-5523,"Forbes Industries F35-5523 31"" Santa Fe Executive Mixology Cart: Butcher Block Work Surface",1
8.92E+12,F35-5521,"Forbes Industries F35-5521 28"" Foss Elite Mixology Cart Polyethylene Work Surface",1
8.92E+12,7401,"Forbes Industries 7401 30"" Claremont Four Nesting Tables One Large Rectangle Table",1
8.92E+12,6570-PS,"Forbes Industries 6570-PS 14"" Classic Rolling Display (Executive)",1
8.92E+12,6510,"Forbes Industries 6510 24"" Foss Series Rolling Display (Essentials) - Steel Tube Frames",1
8.92E+12,6261,"Forbes Industries 6261 15"" Painted Stainless Steel Hot Box -Solid Fuel Style.",1
8.92E+12,5930,"Forbes Industries 5930 20"" Compact Host Station, wood veneer cabinet W/solid Wood Molding",1
8.92E+12,5906,"Forbes Industries 5906 26.5"" Rustica Floor Style Podium - Barn-Door Inspired Hardwood Exterior",1
8.92E+12,5781-8,"Forbes Industries 5781-8 30"" Hardwood Mobile Bar, 8 Ft. Length, Wood Veneer with Solid Wood Molding",1
8.92E+12,5777-6,"Forbes Industries 5777-6 6ft Mobile Bar - Two-Tone Finish, Avonite Countertop",1
8.92E+12,5765-5,"Forbes Industries 5765-5 28.5"" Modern 5ft. Bar Cart - Wood & Brass Accents",1
8.92E+12,5529,"Forbes Industries 5529 16"" Hardwood Service Cart - Solid Wood Square Legs",1
8.92E+12,4885,"Forbes Industries 4885 27.5"" Stainless Steel Mobile Back Bar Avonite Countertop",1
8.92E+12,4880-8,"Forbes Industries 4880-8 96"" Mobile Bar High Pressure Laminate Body With Two Stainless Steel Sinks",1
8.92E+12,4879-8,"Forbes Industries 4879-8 96"" Mobile Bar with Two Stainless Steel Sinks",1
8.92E+12,4869-6,"Forbes Industries 4869-6 27"" Stainless Steel Mobile Bar (6 ft. length) Avonite Counter Top",1
8.92E+12,4865-6,"Forbes Industries 4865-6 75.5"" Mobile Bar H.P.L. Countertop and Accent Panels",1
8.92E+12,4847-8,"Forbes Industries 4847-8 96"" Mobile Bar Open Cabinet With Two Stainless Steel Sinks.",1
8.92E+12,4847-6,"Forbes Industries 4847-6 74"" Mobile Bar Open Cabinet",1
8.92E+12,4410,"Forbes Industries 4410 39"" Liquor Transfer Cart Brushed Stainless Steel Top Steel Cabinet",1
8.92E+12,4190,"Forbes Industries 4190 38"" Stairs for Stages, Two Carpeted Treads",1
8.92E+12,2712,"Forbes Industries 2712 14"" Diameter Deluxe Series Post Polished Stainless Steel",1
8.92E+12,2479,"Forbes Industries 2479 37"" Specialty Luggage Cart Standard Brushed Stainless Steel Superstructure, Gray Cushion Wheels.",1
8.92E+12,2443,"Forbes Industries 2443 43.5"" Deluxe Luggage Cart, Solid Brass Superstructure, Gray Wheels in Brass Plated Forks",1
8.92E+12,2281,"Forbes Industries 2281 24"" OVERLANDER Housekeeping Cart With Three Shelves",1
8.92E+12,2271,"Forbes Industries 2271 22"" Plastic INROOM Housekeeping Cart with Three Shelves",1
8.92E+12,2244,Forbes Industries 2244 Guest Room Attendant Cart Furniture-style Wood Veneer Finish,1
8.92E+12,2107,"Forbes Industries 2107 20.5"" Housekeeping Cart, Three Shelves, Low-Profile Handles, 8- Grey Wheels",1
8.92E+12,2104,"Forbes Industries 2104 58"" HouseKeeping Cart with Three Shelves, Low Profile Handles Black Wheels",1
8.92E+12,1639-R,"Forbes Industries 1639-R 8"" MOR Gray Wheel Cast Aluminum Hub & Rigid Caster",1
8.92E+12,1573-SS,"Forbes Industries 1573-SS 28"" Self Serve Luggage Cart (Nestable)",1
8.92E+12,C-RB48,"Migali C-RB48 Counter-top 48"" Wide Radiant Broiler",1
8.92E+12,C-CR48,"Migali C-CR48 Counter-top 48"" Wide Char-Rock Broiler",1
8.92E+12,C-G48T,"Migali C-G48T 48"" Gas Griddle w/ Thermostatic Controls",1
8.92E+12,C-F50-LP,Migali C-F50-LP 50 lb Liquid Propane Fryer,1
8.92E+12,C-F50-NG,Migali C-F50-NG 50 lb Natural Gas Fryer,1
8.92E+12,C-F40-LP,Migali C-F40-LP 40 lb Liquid Propane Fryer,1
8.92E+12,C-72FM-HC,Migali C-72FM-HC Triple Glass Door Merchandiser 72 cu/ft Freezers,1
8.92E+12,C-49RM-HC,Migali C-49RM-HC Doubble Glass Door Merchandiser 49 cu/ft Refrigerator,1
8.92E+12,C-3R-HC,Migali C-3R-HC Top Mount Reach-In Triple Door 72 cu/ft Refrigerator,1
8.92E+12,C-1R-LHH-HC,Migali C-1R-LHH-HC Top Mount Reach-In Single Door 23 cu/ft Refrigerator with left hand hinge,1
8.92E+12,C-3F-HC,Migali C-3F-HC Top Mount Reach-In Triple Door 72 cu/ft Freezer,1
8.92E+12,C-1F-HC,Migali C-1F-HC Top Mount Reach-In Single Door 23 cu/ft  Freezer,1
8.91E+12,29253,"Dexter Russell 29253 V-Lo 10"" Chef's Knife V145-10PCP",1
8.91E+12,20703,Dexter Russell 20703 Sani-Safe 7 PC. Cutlery Set SSCC-7,1
8.91E+12,8253,"Dexter Russell 8253 Sani-Safe 7"" Stainless Cleaver S5387PCP",1
8.91E+12,8220,"Dexter Russell 8220 Traditional 7"" Stainless Heavy Duty Cleaver S5287",1
8.91E+12,8040,"Dexter Russell 8040 Traditional 8"" x 3 1/4"" Chinese Chef's Knife Hardwood Handle S5198",1
8.91E+12,13260,"Dexter Russell 13260 Traditional 12"" Scalloped Slicer S46912PCP",1
8.91E+12,19693R,"Dexter Russell 19693R Sani-Safe 8x3"" Cake Turner Red Handle S286-8R-PCP",1
8.91E+12,19830,"Dexter Russell 19830 Traditional 4"" Bakers Spatula S2494PCP",1
8.91E+12,19783,"Dexter Russell 19783 Sani-Safe 6x3"" Dough Cutter Scraper S196PCP",1
8.91E+12,17303,"Dexter Russell 17303 Sani-Safe 6"" X 3"" Dough Cutter/Scraper S196",1
8.91E+12,12603,"Dexter Russell 12603 Sani-Safe 6"" Cooks Knife S145-6PCP",1
8.91E+12,28313,"Dexter Russell 28313 Sani-Safe 7"" Fillet Knife With Leather Sheath S133N-7EG",1
8.91E+12,19183,"Dexter Russell 19183 Sani-Safe 8"" Narrow Fillet Knife With Sheath S133-8WS1-CP",1
8.91E+12,6553,"Dexter Russell 6553 SofGrip 6"" Beef Skinner S12-6MO",1
8.91E+12,10473,"Dexter Russell 10473 Sani-Safe 2 3/4"" Oyster Knife New Haven Pattern S121PCP",1
8.91E+12,10523,"Dexter Russell 10523 Sani-Safe 3"" Clam Knife S119PCP",1
8.91E+12,18053,"Dexter Russell 18053 Sani-Safe 20"" Pizza Cutter PR180-20",1
8.91E+12,31609,"Dexter Russell 31609 Basics 8"" Narrow Fillet Knife P94813",1
8.91E+12,31605B,"Dexter Russell 31605B Basics 12"" Scalloped Slicer Black Handle P94805B",1
8.91E+12,31441,"Dexter Russell 31441 Basics 10"" Sashimi Knife P47010",1
8.91E+12,7820,"Dexter Russell 7820 10""  No Work Steel Smooth NWSS-10",1
8.91E+12,28653,"Dexter Russell 28653 Sani-Safe 3 1/4"" Net Twine Line Knife With Sheath NTL24C",1
8.91E+12,15583,"Dexter Russell 15583 Sani-Safe 3 1/2"" Net Twine And Line Knife NET105SC",1
8.91E+12,9060,"Dexter Russell 9060 Traditional 4 1/4"" x 7/8"" Produce Knife F5S",1
8.91E+12,7633B,"Dexter Russell 7633B Sani-Safe 12"" Diamond sharpener DDS-12B-PCP",1
8.91E+12,3203,"Dexter Russell 3203 Limelite Sani-Safe 5"" Flexible Curved Boning Knife C131F-5",1
8.91E+12,P94855H,"Dexter Russell P94855H 6"" X 3"" Hamburger Turner High Heat 31645H",1
8.91E+12,S286-8G-PCP,"Dexter Russell S286-8PCP Sani-Safe 8"" X 3"" Cake Turner - 19693",1
8.91E+12,S196R,"Dexter Russell S196R Sani-Safe 6"" X 3"" Dough Cutter/Scraper - 17303R",1
8.91E+12,S196B,"Dexter Russell S196B Sani-Safe 6"" X 3"" Dough Cutter/Scraper - 17303B",1
8.91E+12,7281,"Dexter Russell 07281 Traditional 1/2"" x 12"" Butcher Steel - 1227-12",1
8.91E+12,IC6102-8PCP,"Dexter Russell IC6102-8PCP iCut 8"" Forged Chef's Knife POM Handle - 31802",1
8.91E+12,P94855,"Dexter Russell P94855 Basics 6"" x 3"" Hamburger Turner - 31645",1
8.91E+12,P94826,"Dexter Russell P94826 Basics 10"" Cimeter Steak Knife - 31621",1
8.91E+12,P46005-6P,Dexter Russell P46005-6P Basics 6 PC. Jumbo Style Steak Knife Set - 31560,1
8.91E+12,30405,"Dexter Russell 30405 iCut-PRO 8"" Forged Scalloped Bread Slicer",1
8.91E+12,V163-9SC-PCP,"Dexter Russell V163-9SC V-Lo 9"" Offset Scalloped Utlity Slicer - 29323",1
8.91E+12,V145-10PCP,"Dexter Russell V145-10PCP V-Lo 10"" Chef's Knife - 29253",1
8.91E+12,SG136FF-PCP,"Dexter Russell SG136FF-PCP SofGrip 6"" Fisherman's Flex Fillet Knife - 24583",1
8.91E+12,SG162-8SC-PCP,"Dexter Russell SG162-8SC-PCP SofGrip 8"" Scalloped Bread Knife - 24223",1
8.91E+12,SGBCC-7,Dexter Russell SGBCC-7 SofGrip 7 PC. Cutlery Set Black Handles - 20713,1
8.91E+12,BS-1,"Dexter Russell BS-1 Sheath for 3 1/2"" Net Utility knife - 20460",1
8.91E+12,CC2,Dexter Russell CC2 14 Piece Cutlery CASE ONLY - 20205,1
8.91E+12,P17,"Dexter Russell P17 4"" Pizza Blade Only - 18010",1
8.91E+12,S284-10B,"Dexter Russell S284-10B Sani-Safe 10"" X 1 1/2"" Offset Spatula - 17633",1
8.91E+12,S196,"Dexter Russell S196 Sani-Safe 6"" X 3"" Dough Cutter/Scraper - 17303",1
8.91E+12,S2496�,"Dexter Russell S2496 1/2 Traditional 6 1/2"" Frosting Spatula - 17110",1
8.91E+12,S104SC-2PCP,"Dexter Russell S104SC-2PCP Sani-Safe 2-Pack 3 1/4"" Scalloped Paring Knives - 15663",1
8.91E+12,S104PCP,"Dexter Russell  S104PCP Sani-Safe 3 1/4"" Cooks Style Paring Knife 15303",1
8.91E+12,S102B,"Dexter Russell S102B Basics 2 1/2"" Tourne Knife Black Handle - 15153",1
8.91E+12,S2826�,"Dexter Russell S28261/2 Traditional 6-1/2"" Broiler Fork 22"" Overall - 14050",1
8.91E+12,P153HG,"Dexter Russell P153HG SofGrip 3 1/2"" Vent Poultry Knife - 11113",1
8.91E+12,S137PCP,"Dexter Russell S137PCP Sani-Safe 4"" Oyster Knife Galveston Pattern - 10503",1
8.91E+12,S127PCP,"Dexter Russell S127PCP Sani-Safe 3"" Clam Knife - 10443",1
8.91E+12,S122PCP,"Dexter Russell S122PCP Sani-Safe 4"" Oyster Knife Boston Pattern - 10433",1
8.91E+12,S133-8PCP,"Dexter Russell S133-8 Sani-Safe 8"" Fillet Knife - 10213",1
8.91E+12,Node Hook,"Dexter Russell Node Hook Sani-Safe 6"" - 9173",1
8.91E+12,8915,"Dexter Russell 8915 Traditional 8"" x 3 1/4"" Chinese Chef's Knife Walnut Handle - 08051",1
8.91E+12,EDGE-14,Dexter Russell EDGE-14 Electric Knife Sharpener By Edlund Co. - 7945,1
8.91E+12,DDS-10PCP,"Dexter Russell DDS-10PCP Sani-Safe 10"" Diamond Sharpener - 7613",1
8.91E+12,S132-12PCP,"Dexter Russell S132-12 Sani-Safe 12"" Cimeter Steak Knife - 5543",1
8.91E+12,8020,"Dexter Russell 08020 Traditional 8"" x 3 1/4"" Chinese Chef's Knife Hardwood Handle (High-Carbon Steel) - 5178",1
8.91E+12,15271,"Dexter Russell 15271 Traditional 3 1/4"" Paring Knife - 2332",1
8.91E+12,1378PCP,"Dexter Russell 1378PCP Traditional 8"" Wide Boning Knife - 2150",1
8.91E+12,PTH123J25AXXX,"Amana PTH123J25AXXX 12,000 BTU Packaged Terminal Air Conditioner with 11,000 BTU Heat Pump, 2.5kW Electric Heater,  15 AMP, and NEMA 6-15 LCDI Cord",1
8.91E+12,PTC173K35AXXX,"Amana PTC173K35AXXX 16,700 BTU Packaged Terminal Air Conditioner with Electric Heater, 20 AMP, and NEMA 6-20 LCDI Cord",1
8.91E+12,PTC073K35AXXX,"Amana PTC073K35AXXX 7,000 BTU Packaged Terminal Air Conditioner with Electric Heater, 20 AMP, and NEMA 6-20 LCI Cord",1
8.90E+12,USHTP16273,Prestige Hand Towel 16 x 27 3 Lbs,1
8.90E+12,BWE030-02,Elan Organics Body Wash Flip Cap Tube 30ml Pack of 250 Pcs,1
8.90E+12,FT20054,T200 Fitted Sheet 54 x 80 x 14 - Full,1
8.90E+12,QDCS25094,Duvet Cover T-250 Satin Stripe 94 x 99 - Queen,1
8.90E+12,LRWEXW-04,Extra-Wide Wood Luggage Rack,1
8.90E+12,FTQ120601,Microfiber Fitted Sheet 60 x 80 x 15 - Queen Fitted,1
8.90E+12,FTK120781,Microfiber Fitted Sheet 78 x 80 x 15 - King Fitted,1
8.90E+12,BCF105SS,"Contemporary Bellman's Cart 6""' Titanium Gold",1
8.86E+12,WSK-12,"Winco WSK-12 12"" Bamboo Skewers, 100/bag",1
8.86E+12,EGR-3,"Winco EGR-3 3"" Stainless Steel Round Egg Ring",1
8.86E+12,WFB-10,"Winco WFB-10 Pastry/Basting Brush Boar Bristle, 1"" Wide Flat",1
8.86E+12,FPP-4P,Winco FPP-4P 4oz Allergen-Free Stainless Steel Perforated Food Portioner with Purple Handle,1
8.86E+12,PDG-10CM,Winco PDG-10CM 10oz Clear Polycarbonate Dredge with Medium Hole Snap-On Lid,1
8.86E+12,PDG-10Y,Winco PDG-10Y 10oz Polycarbonate Dredge with Yellow Snap-on Lid,1
8.86E+12,PDG-10G,Winco PDG-10G 10oz Polycarbonate Dredge with Green Snap-On Lid,1
8.86E+12,TTG5-2PK,"Winco TTG5-2PK 5""L Stainless Steel Straight Tip Fish Bone Tweezers, 2 Per Pack",1
8.86E+12,BR-15,"Winco BR-15 15"" Toilet Bowl Brush",1
8.86E+12,BR-25,"Winco BR-25 25"" Coffee Urn Brush",1
8.86E+12,EGR-5,"Winco EGR-5 5"" Stainless Steel Round Egg Ring",1
8.86E+12,SCC-5,Winco SCC-5 Stainless Steel Cherry Corer,1
8.86E+12,SP7300S,Winco SP7300S Solid Cover for SP7302/7304/7306/7308 Food Pan,1
8.86E+12,BAMN-3.5C,Winco BAMN-3.5C Winco Prime Bain Marie Lid for 3.5Qt BM,1
8.86E+12,WA-1221W,Winco WA-1221W White 3 Pocket Waist Apron,1
8.86E+12,FF-RC,"Winco FF-RC Rayon Cloth Filter Cones for FF-10 Fryer Filter, 10pcs/box",1
8.86E+12,GWB-3-BR,Winco GWB-3-BR Replacement Brush for GWB-3 Glass Washer,1
8.86E+12,NSP-20W,"Winco NSP-20W White Nylon Mixing Paddle, 20""",1
8.86E+12,TWP-40,"Winco TWP-40 Scraper with White Plastic Handle, 4-7/8"" x 4""",1
8.86E+12,FPSN-6,"Winco FPSN-6 Prime One-piece Green Solid Food Portioner, 6 Oz",1
8.86E+12,SDA-7,"Winco SDA-7 7-1/4"" Aluminium Shrimp Deveiner, 2pcs/pk",1
8.86E+12,PPRC-1222C,Winco PPRC-1222C White Polypropylene Cover for PPRC-12W/18W/22W Food Storage Containers,1
8.86E+12,BAM-1.25,Winco BAM-1.25 1-1/4 Qt Stainless Steel Bain Marie,1
8.86E+12,PN-18,"Winco PN-18 18"" Stainless Steel Piano Whip",1
8.86E+12,WHW-7,"Winco WHW-7 Plastic Coated Wire Scoop Holder, 7"" x 8""",1
8.86E+12,ADBC-7,"Winco ADBC-7 7"" Round Aluminium Basting Cover",1
8.86E+12,SP-SC63,"Winco SP-SC63 Green/Yellow Dual Surface Scrub Sponge, 6"" x 3 5/8"", Cellulose, 3pcs/pk",1
8.86E+12,BA-3226WH,Winco BA-3226WH White Full Length Bib Apron,1
8.86E+12,BA-3226BK,Winco BA-3226BK Black Full Length Bib Apron,1
8.86E+12,BA-PBG,Winco BA-PBG Burgundy Full Length Bib Apron with Pocket,1
8.86E+12,PDS-5,"Winco PDS-5 Plastic Dough Scrapers, 5-1/2"" x 3-3/4""",1
8.86E+12,FWS500-P11,Winco FWS500-P11 Adjustable Knob for FW-S500 and FW-S800 Steam Table Food Warmer,1
8.86E+12,GP-1,"Winco GP-1 Aluminum Alloy Garlic Press, 7""",1
8.86E+12,PFHW-C,"Winco PFHW-C White Polypropylene Half-size Food Storage Box Cover for PFFW-series, 18"" x 12""",1
8.86E+12,ISS-8,"Winco ISS-8 Stainless Steel Disher/Portioner, 4oz",1
8.86E+12,PTCL-23,Winco PTCL-23 Gray Cover for PTC-23SG Trash Can,1
8.86E+12,SPJL-HCN,Winco SPJL-HCN Half-Length Notched Cover for SPJL-2HL/4HL/6HL,1
8.86E+12,BA-HN,"Winco BA-HN Heavy Naugahyde Bib Apron, 41 1/4 x 26 1/2""",1
8.86E+12,PTCSP-23L,Winco PTCSP-23L Blue Square Paper Lid for PTCS-23L,1
8.86E+12,PFFW-C,"Winco PFFW-C Full-Size White Polypropylene Cover for PFFW-series, 18"" x 26""",1
8.86E+12,CDT-24,Winco CDT-24 24 Piece Stainless Steel Cake Decorating Set,1
8.86E+12,HP-4,"Winco HP-4 Aluminium Adjustable Hamburger Press, 4-1/2""",1
8.86E+12,EPSG-P53D,Winco EPSG-P53D Grease Tray for EPG-2 and ESG-2,1
8.86E+12,DDSF-101S,"Winco DDSF-101S Stainless Steel Mini Swing Waste Can, 4-3/4""x 6""",1
8.86E+12,WPST-13,"Winco WPST-13 Wooden Chinois Pestle, 13-7/8"" x 3-1/8""",1
8.86E+12,PL-8,"Winco PL-8 Stackable Gray Nesting Lug, 24"" x 15"" x 8""",1
8.86E+12,DCH-3,"Winco DCH-3 3"" Disposable Chef Hats, 100 Pieces/box",1
8.86E+12,UNF-7WL,"Winco UNF-7WL Women's Jacket, White, Large",1
8.86E+12,CCM28-P3,Winco CCM28-P3 Replacement Belt For CCM-28 Cotton Candy Machine,1
8.86E+12,UNF-9KM,"Winco UNF-9KM Ventilated Cook Shirt, Short Sleeve, Black, M",1
8.86E+12,BR-9,Winco BR-9 Butcher Block Brush with Wood Handle,1
8.86E+12,BA-LA,"Winco BA-LA Black Latex Bib Apron, 44-1/2"" x 37""",1
8.86E+12,PTCSL-23G,Winco PTCSL-23G Polystyrene Square Lid for PTCS-23G,1
8.86E+12,PTCSL-23BE,Winco PTCSL-23BE Beige Square Lid for PTCS-23BE,1
8.86E+12,UNF-12WXL,"Winco UNF-12WXL Ventilated Chef Jacket, Roll-Tab Sleeve, White, XL",1
8.86E+12,UNF-12WM,"Winco UNF-12WM Ventilated Chef Jacket, Roll-Tab Sleeve, White, M",1
8.86E+12,BAM-12,Winco BAM-12 12 Qt Stainless Steel Bain Marie,1
8.86E+12,SSTC-40,"Winco SSTC-40 Cover for SST-40, SSLB-20 Stock Pot",1
8.86E+12,MDL-5PBS,Winco MDL-5PBS Blade Set for MDL-5P Japanese Mandoline Slicer,1
8.86E+12,HFS-2520,"Winco HFS-2520 Stainless Steel Horizontal Hood Filter, 20"" x 25"" x 1-1/2""",1
8.86E+12,BA-3327B,"Winco BA-3327B Blue Mid-Weight Bib Apron, 33.5"" x 27""",1
8.86E+12,BGCB-2314,"Winco BGCB-2314 Premium Insulated Catering Bag, Large, 23"" x 15"" x 14""",1
8.86E+12,TWP-3135,"Winco TWP-3135 Butter Spreader with Polypropylene Handle, 35 Pcs/Pack",1
8.86E+12,BGDB-1616,"Winco BGDB-1616 Premium Delivery Backpack, 16"" x 13"" x 16""",1
8.86E+12,MPF-67,"Winco MPF-67 Connoisseur Stainless Steel Pasta Basket, 6.5"" x 7""",1
8.86E+12,HBP-PR100,"Winco HBP-PR100 4"" (100mm) Perforated Round Patty Paper, CS/5000 papers",1
8.86E+12,FMC-310U,"Winco FMC-310U Burgundy Carpet Floor Mat, 3' x 10'",1
8.86E+12,FMC-310C,"Winco FMC-310C Charcoal Carpet Floor Mat, 3' x 10'",1
8.83E+12,7990,Hapco Elmar Tissue Box Cover Black,1
8.83E+12,R1000-Black,"Hapco Elmar 3qt Round Ice Bucket Black (7"" x 8"")",1
8.83E+12,R1030,Hapco Elmar 3qt Liner Round Ice Bucket White (6.75 X 7),1
8.83E+12,41741W,Conair Two-Sided Wall Mount Mirror,1
8.83E+12,BTJB8496F,Top Sheets Jacquard Basket Weave 84 x 96 - Full,1
8.83E+12,MTCRND3502,35 Gallon Outdoor Decorative Metal Trash Can With Metal Lid,1
8.83E+12,MTCRND3501,35 Gallon Outdoor Decorative Metal Trash Can With Roto Molded Lid,1
8.83E+12,110008,"Housekeeping Cart, Full Size, 5'' Poly Wheel, 57''X20''X44'', Crack Resistant, Scratch And Peel Resistant",1
8.83E+12,310121,Alarm Clock Radio,1
8.83E+12,MBR4140S,"Retro Minibar 1.4 Cuft / 40L, Case Pack Of 1 Pieces",1
8.83E+12,WSSE4136,"Roomwell UK Serene Digital Bathroom Scale Black, Anti Slip, Anti Skid, Auto Off",1
8.83E+12,BTJM7296T,Top Sheets Jacquard Matelasee 72 x 96 - Twin,1
8.83E+12,IBF54,"Roomwell UK Full Size 54"" Basic Foldable Ironing Board, Thick Padded Top, Anti-Flame Fabric, Secure Leg Lock",1
8.83E+12,IBMP8880,"Roomwell UK Table Top Foldable Iron Board With Caddy, Space Saving Design, High-Strength Plastic Top, Rubber Capped Legs",1
8.83E+12,IR3217RCB,Roomwell UK Ventura Iron with Retractable Cord,1
8.83E+12,PTCS24486B,Pool Towel Blue Center Stripe 8.00 Lbs,1
8.83E+12,BTJB10896K,Top Sheets Jacquard Basket Weave 108 x 96 - King,1
8.83E+12,BSTK118120K,Printed Bed Spreads Tropical Kiwi 118 x 120 - King,1
8.83E+12,OP8090DTRS,Polar Fleece Microplush Blanket Desert Tan 80 x 90 - Twin,1
8.83E+12,OP10890VRS,Polar Fleece Microplush Blanket Vanilla 108 x 90 - King,1
8.83E+12,8.45E+11,Clean Rest Waterproof Mattress Encasement 54 x 75 x 9 - Full,1
8.83E+12,R3020-Walnut,Hapco Elmar Round Serving Tray D12 Walnut,1
8.83E+12,470-40L,"Stainless Steel Indoor Trash Can 40 Liter, Swing Lid, Sturdy Side Handles, ADA-Compliant",1
8.83E+12,RBDL1300,"Roomwell UK 13qt Double Liner Leather Coated Trash Can, Fire Resistant Liner, Anti Scuff Base",1
8.83E+12,IBCV4313,"Roomwell UK 43"" Ironing Board Cover - Charcoal Grey",1
8.83E+12,201151,"Beechwood Half Round Table L 120 x W 45 x H 75 cm, Sturdy And Space-Saving, MDF Laminated Table Tops With Folding Legs",1
8.83E+12,201126,Ash Modesty Panel L 150 x W 30 cm MDF Laminated Table Tops With Black Metal Folding Legs.,1
8.83E+12,201117,"Regetta Aluminium Trendy Banquet Chair Comfortable, Lightweight, Space-saving, Webbed Seat with Lumbar Support, Stackable",1
8.83E+12,201114,"Tucson Easy Back Banquet Chair with an Integrated Handhold, Lightweight, Webbed Seat With Lumbar Support, Stackable",1
8.83E+12,201113,"Verona Ergonomic Banquet Chair with an Integrated Handhold, Lightweight, Webbed Seat With Lumbar Support, Stackable",1
8.83E+12,62134,"Wooden Middle Shelf L 180 x W 75 cm, Removable, High Temperature Resistant, Scratch Resistant",1
8.83E+12,62163,Foldable Buffet Table Rectangular L 75 x W 15 x H 75 cm,1
8.83E+12,62128,"Dim Sum Station L 45 x W 80 cm, High Temperature Resistant, Scratch Resistant. Safety Borderline, Non Slip. Retractable Wire",1
8.83E+12,62122,"Deep Frying Station L 45 x W 80 cm,  High Temperature Resistant, Scratch Resistant. Safety Borderline, Non Slip.",1
8.83E+12,62117,"Electric Soup Stove L 45 x W 80 cm, High Heat Resistant, Scratch Resistant. Safety Borderline, Non Slip, Retractable Wire.",1
8.83E+12,62157,"Heat Lamp Trolley Wear-proof And Scratch-Resistant Fireproofing Plate, Can Fit Up To 12 Heat Lamps. Color Champagne Gold",1
8.83E+12,62158,"Heat Lamp D 16 x 72 cm, Portable, 180 Degree Adjustable Lamp, Color Gold",1
8.83E+12,62141,"Veneer Blind L 80 x W 45 cm, Removable, High Temperature Resistant, Scratch Resistant",1
8.83E+12,62140,"Veneer Blind L 80 x W 60 cm, Removable, High Temperature Resistant, Scratch Resistant",1
8.83E+12,62150,"Veneer Side Blind L 80 x W 76 cm, Removable, High Temperature Resistant, Scratch Resistant",1
8.83E+12,HKTVM9810,Wheelmate Duro Housekeeping Cart,1
8.83E+12,39134-O3-GK,"Dispenser Amenities Solera 39134-O3-GK 1 Chamber Satin Silver Dispenser, Oval Bottle, Ginkgo Lable, 360ml",1
8.83E+12,39134-R3-GK,"Dispenser Amenities SOlera 1 Chamber Satin Silver Dispenser, Rectangular, Ginkgo Lable, 440ml",1
8.83E+12,39334-R3-WHT,"Dispenser Amenities Solera 39334-R3-WHT 3 Chamber Satin Silver Dispenser, Rectangular, White Lable, 440ml",1
8.83E+12,39188-R3-GK,"Dispenser Amenities SOlera 1 Chamber Black Dispenser, Rectangular, White Lable, 440ml",1
8.83E+12,39388-R3-GK,"Dispenser Amenities SOlera 3 Chamber Black Dispenser, Rectangular, White Lable, 440ml",1
8.83E+12,CO-301,"Winco CO-301 Flat Bottle Opener, No Coating, Stainless Steel",1
8.83E+12,FFT-1014G,"Winco FFT-1014G Fast Food Tray, 10"" x 14"", Green",1
8.83E+12,0002-06,"Winco 0002-06 Windsor Salad Fork, 18/0 Medium Weight",1
8.83E+12,PSUD-WLid,"Winco PSUD-WLid Lid for 32oz, 48oz Syrup Dispenser, White Lid",1
8.83E+12,TCHS-23MN,"Winco TCHS-23MN Mini Taco Holder, 2-3 Slots, Stainless Steel",1
8.83E+12,GBS-5,"Winco GBS-5 5oz Gravy Boat, Stainless Steel",1
8.83E+12,SAS-4,"Winco SAS-4 Stainless Steel Stacking Ash Tray - 4"" Diameter",1
8.83E+12,0014-06,"Winco 0014-06 Heavy Dominion Salad Fork, 18/0 Heavyweight",1
8.83E+12,TCHS-12,"Winco TCHS-12 Taco Holder, 1-2 Slots, Stainless Steel",1
8.83E+12,LC-05,"Winco LC-05 Lobster Cracker, Zinc Alloy",1
8.83E+12,PWBN-12B,"Winco PWBN-12B Poly Woven Basket, Rectangular w/Handles, 12"" x 8"" x 3"", Natural",1
8.83E+12,K-60P,"Winco K-60P Steak Knives, 5"" Blade, Black PP Handle, Pointed Tip",1
8.83E+12,SSTW-8C,"Winco SSTW-8C Drinking Straw Set, 5-Pc: 4 straws, 1 brush, 1/4""Dia x 8-1/2""H, Curved, 18/8 SS",1
8.83E+12,PPCR-11,"Winco PPCR-11 11"" Clear Round Plate Cover, 2-1/2""H, Stackable, PC",1
8.83E+12,G-108C,"Winco G-108C Tops for G-108 & G-308, Slotted",1
8.83E+12,G-107C,"Winco G-107C Tops for G-107 & G-307, Perforated",1
8.83E+12,0082-05,"Winco 0082-05 Windsor Dinner Fork, 2doz/pk, 18/0 Medium Weight",1
8.83E+12,PFB-10R,"Winco PFB-10R Fast Food Baskets, Oval, 9-1/2"" x 5"" x 2"", Red",1
8.83E+12,POB-R,"Winco POB-R Fast Food Baskets, Oval, 10-1/4"" x 6-3/4"" x 2"", Red",1
8.83E+12,TBCO-90R,"Winco TBCO-90R Table Cloth, 52"" x 90"", Oblong, Red",1
8.83E+12,ISP-3-UL,Winco ISP-3-UL Wood Underline For ISP-3,1
8.83E+12,CCK-5BL,"Winco CCK-5BL Coat Check Tickets, Blue, 500pcs/box",1
8.83E+12,BC-4P,"Winco BC-4P Condiment Holder, 4 Compartment, White, Plastic",1
8.83E+12,BM-1812K,"Winco BM-1812K Bar Service Mat, 18"" x 12"", Black",1
8.83E+12,0031-06,"Winco 0031-06 Peacock Salad Fork, 18/8 Extra Heavyweight",1
8.83E+12,WCH-1,"Winco WCH-1 Clothes Hanger, Wooden",1
8.83E+12,PWBN-9B,"Winco PWBN-9B Poly Woven Baskets, Oval, 9"" x 4-1/4"" x 2"", Natural",1
8.83E+12,PTSN-9,"Winco PTSN-9 9oz Havana Tumbler, Plastic",1
8.83E+12,0030-051,"Winco 0030-051 Shangarila Dinner Fork, 7-1/2""L, 18/8 Extra Heavyweight",1
8.83E+12,LMD-814BN,"Winco LMD-814BN Two-Views Menu Cover For 8-1/2 X 14"" Inserts, Brown",1
8.83E+12,0039-05,"Winco 0039-05 Chantelle Dinner Fork, 18/8 Extra Heavyweight",1
8.83E+12,0037-05,"Winco 0037-05 Venice Dinner Fork, 18/8 Extra Heavyweight",1
8.83E+12,0031-11,"Winco 0031-11 Peacock Table Fork, 18/8 Extra Heavyweight",1
8.83E+12,Z-MC-C05,"Winco Z-MC-C05 Cadenza Monte Carlo Creamer, 5 oz.",1
8.83E+12,CHH-101,"Winco CHH-101 Natural Wood High Chair, ASTM Compliant, KD",1
8.83E+12,CLSO-3T,"Winco CLSO-3T Cup & Lid Organizer, 3 Tiers, 3 Stacks",1
8.83E+12,52001,Winco Benchmark Condiment Station / Dispenser with Two Pumps and Three Wells,1
8.83E+12,SSTR-10S,"CAC China SSTR-10S Strainer Mesh SS Single W/ Wood Hdl 10-1/4""Dia Case of 12 Pcs",1
8.83E+12,SLID-20S,CAC China SLID-20S Stainless Steel Lid for 20QT Stock Pot/Pasta Cooker/Double Boiler Case of 6 Pcs,1
8.83E+12,PMAT-53BY,CAC China PMAT-53BY Carpet Floor Mat Vinyl Back Burgundy 5x3'  /Each,1
8.83E+12,A5SP-4-40,CAC China A5SP-4-40 Stock Pot AL Hv-Dty. 4mm 40QT  /Each,1
8.83E+12,WPPA-16S,"CAC China WPPA-16S Whip SS Piano 16"" Case of 12 Pcs",1
8.83E+12,WOK-16BK,"CAC China WOK-16BK Wok Carbon Steel Black 1.2mm 16""Dia Case of 12 Pcs",1
8.83E+12,UTKU-6C,"CAC China UTKU-6C Tong Plastic Utility Clear 6"" Case of 12 Pcs",1
8.83E+12,TTSD-50,CAC China TTSD-50 Sherbet Dish SS 5oz Case of 12 Pcs,1
8.83E+12,TTFB-09GN,"CAC China TTFB-09GN Fast Food Basket PP Oval Green 9-1/4""L Case of 36 Pcs",1
8.83E+12,TNRW-SP52,"CAC China TNRW-SP52 Server Pie SS Wood Hdl 4-7/8""  Case of 12 Pcs",1
8.83E+12,TNRW-SO83,"CAC China TNRW-SO83 Turner Solid SS Wood Hdl 8-1/4""  Case of 12 Pcs",1
8.83E+12,TLWM-8,"CAC China TLWM-8 8-1/2"" Tortilla Warmer, Brown, Case of 12 Pcs",1
8.83E+12,SWCI-25,"CAC China SWCI-25 Steak Weight Cast Iron 2.5 lbs 9x5-1/4"" Case of 6 Pcs",1
8.83E+12,SWCI-20,"CAC China SWCI-20 Steak Weight Cast Iron 2 lbs 8-1/4x4-1/4"" Case of 6 Pcs",1
8.83E+12,SWBT-8,CAC China SWBT-8 Wine Bucket SS W/ Knob Hdl 8QT Case of 6 Pcs,1
8.83E+12,STRH-10D,"CAC China STRH-10D Strainer Mesh SS Reinforced Double W/ Wood Hdl 10-1/4""Dia Case of 12 Pcs",1
8.83E+12,STPS-S25-4,"CAC China STPS-S25-4 Steam Pan SS 1/6 25Ga. Std. 4"" Case of 12 Pcs",1
8.83E+12,STPQ-S25-2,"CAC China STPQ-S25-2 Steam Pan SS 1/4 25Ga. Std. 2-1/2"" Case of 12 Pcs",1
8.83E+12,STPN-S25-2,"CAC China STPN-S25-2 Steam Pan SS 1/9 25Ga. Std. 2-1/2"" Case of 12 Pcs",1
8.83E+12,STPF-S25-1,"CAC China STPF-S25-1 Steam Pan SS 1/1 25Ga. Std. 1-1/4"" Case of 12 Pcs",1
8.83E+12,STNR-14S,"CAC China STNR-14S Turner SS Solid 14"" /Each",1
8.83E+12,STKU-11R,"CAC China STKU-11R Tong Plastic Spaghetti Red 11"" /Each",1
8.83E+12,STKP-60,CAC China STKP-60 Stock Pot SS W/ Lid 60QT Set,1
8.83E+12,STKP-25,CAC China STKP-25 Stock Pot SS W/ Lid 25QT /Each,1
8.83E+12,STG2-11P,"CAC China STG2-11P Tong 18/8 SS Scissor Pastry Perf. 10-1/2"" Case of 12 Pcs",1
8.83E+12,STG2-10U,"CAC China STG2-10U Tong 18/8 SS Scissor Slotted/Solid Spatula 10"" Case of 12 Pcs",1
8.83E+12,STG1-9,"CAC China STG1-9 Tong 18/8 SS 8-1/2"" Case of 12 Pcs",1
8.83E+12,STCH-16YL,"CAC China STCH-16YL Tong SS W/ Yellow Hdl 16"" Case of 12 Pcs",1
8.83E+12,STCH-16GN,"CAC China STCH-16GN Tong SS W/ Green Hdl 16"" Case of 12 Pcs",1
8.83E+12,SSUT-9-12,"CAC China SSUT-9-12 Tong SS Utl Xtra. Hv-Dty. 1.2mm 9-1/2"" Case of 12 Pcs",1
8.83E+12,SSUT-9-05,"CAC China SSUT-9-05 Tong SS Utl 9-1/2"" Case of 12 Pcs",1
8.83E+12,SSUT-16-05,"CAC China SSUT-16-05 Tong SS Utl 16"" Case of 12 Pcs",1
8.83E+12,SSPL-22-OV,"CAC China SSPL-22-OV Platter SS Oval 22"" Case of 12 Pcs",1
8.83E+12,SSMP-60,"CAC China SSMP-60 Mixing Paddle SS 60"" Case of 12 Pcs",1
8.83E+12,SSLS-8F,"CAC China SSLS-8F Serving Spoon SS Flat Edge 8-1/2"" Case of 12 Pcs",1
8.83E+12,SSLD-80OR,CAC China SSLD-80OR Ladle SS One-Piece W/ Orange Hdl 8oz /Each,1
8.83E+12,SSCF-LID,CAC China SSCF-LID Lid Carafe /Each,1
8.83E+12,SSBZ-30,CAC China SSBZ-30 Brazier SS W/ Lid 30QT /Each,1
8.83E+12,SRHF-2020,"CAC China SRHF-2020 20"" Stainless Steel Hood Filter, Each",1
8.83E+12,SRHF-2016,"CAC China SRHF-2016 20"" Stainless Steel Hood Filter, Each",1
8.83E+12,SRHF-1620,"CAC China SRHF-1620 16"" Stainless Steel Hood Filter, Each",1
8.83E+12,SRHF-1616,"CAC China SRHF-1616 16"" Stainless Steel Hood Filter, Each",1
8.83E+12,SQGE-12R,"CAC China SQGE-12R Squeegee Red W/ Hdl 12""W /Each",1
8.83E+12,SQBT-W-16C,CAC China SQBT-W-16C Squeeze Bottle Wide-Mouth Clear 16 Oz PKT of 8 Pcs,1
8.83E+12,SQBT-8R,CAC China SQBT-8R Squeeze Bottle Red 8oz PKT of 12 Pcs,1
8.83E+12,SQBT-8C,CAC China SQBT-8C Squeeze Bottle Clear 8oz PKT of 12 Pcs,1
8.83E+12,SQBT-12C,CAC China SQBT-12C Squeeze Bottle Clear 12 Oz PKT of 12 Pcs,1
8.83E+12,SPWD-18,"CAC China SPWD-18 Spoon Wooden 18"" Case of 12 Pcs",1
8.83E+12,SPRC-R,CAC China SPRC-R Potato Ricer SS Round /Each,1
8.83E+12,SPPL-2,CAC China SPPL-2 Pitcher Syrup/Cream Plastic 2oz PKT of 6 Pcs,1
8.83E+12,SPMT-9,"CAC China SPMT-9 Tong SS Pom 9"" /Each",1
8.83E+12,SPMT-12,"CAC China SPMT-12 Tong SS Pom 12"" /Each",1
8.83E+12,SPGT-8,"CAC China SPGT-8 Tong SS Spaghetti 8"" /Each",1
8.83E+12,SPDB-8S,CAC China SPDB-8S Double Boiler SS 8QT Set,1
8.83E+12,SPCT-8BL,CAC China SPCT-8BL Portion Spoon SS SO W/ Blue Hdl 8oz /Each,1
8.83E+12,SMCD-3,CAC China SMCD-3 Colander SS Handled & Footed 3QT /Each,1
8.83E+12,SLD6-30,"CAC China SLD6-30 Ladle SS One-Piece 6"" Hdl 3oz /Each",1
8.83E+12,SEGR-5,"CAC China SEGR-5 Egg Ring SS 5""Dia /Each",1
8.83E+12,SCSK-28S,CAC China SCSK-28S Shaker SS Super Cobbler 3-PC 28oz Case of 12 Pcs,1
8.83E+12,SCSK-20S,CAC China SCSK-20S Shaker SS Super Cobbler 3-PC 20oz /Each,1
8.83E+12,SCPP-64,CAC China SCPP-64 Scoop PC 64oz /Each,1
8.83E+12,SCE3-HW06,"CAC China SCE3-HW06 Sign Compliance EN Hand Wash Only 9x3""H /Each",1
8.83E+12,SBFH-LD08,CAC China SBFH-LD08 Ladle SS Deep 4oz Hollow Hdl /Each,1
8.83E+12,S3AP-3,CAC China S3AP-3 Saucepan SS W/ Lid 3.5QT /Each,1
8.83E+12,RMAT-35BK-B,CAC China RMAT-35BK-B Floor Mat Rubber Beveled Edge Black 5x3'  /Each,1
8.83E+12,RFCS-39BK,"CAC China RFCS-39BK Display Case Refrigerated 17x17x39""H Black Set",1
8.83E+12,PPLA-1214C,"CAC China PPLA-1214C Pizza Peel AL W/ Wood Hdl 12""x14"" 36""OL /Each",1
8.83E+12,PPCO-20,"CAC China PPCO-20 Plate Cover PC Clear Round 11""Dia /Each",1
8.83E+12,PPCO-16,"CAC China PPCO-16 Plate Cover PC Clear Round 10""Dia /Each",1
8.83E+12,PMBY-36WG,CAC China PMBY-36WG Wringer Side-Press for PMBY-36ST Case of 2 Pcs,1
8.83E+12,PHSC-8,"CAC China PHSC-8 Pot Holder Cotton Silicone-Coated 8x8"" Case of 12 Pcs",1
8.83E+12,PGTR-11S,"CAC China PGTR-11S Pan Grabber Terry W/ Wrist Strap 8x11"" Case of 12 Pcs",1
8.83E+12,PGSH-2416,"CAC China PGSH-2416 Pan Grate Sheet Pan 1/1 Size 24x16"" /Each",1
8.83E+12,PDTR-11BK,"CAC China PDTR-11BK Tray Super Plastic Round Black 11""Dia Case of 12 Pcs",1
8.83E+12,PCSL-NC,CAC China PCSL-NC Cover PC Food Pan Notched 1/9 Size /Each,1
8.83E+12,PCDS-S,CAC China PCDS-S Drain Shelf PC Food Pan 1/6 Size /Each,1
8.83E+12,OMS3-13T,"CAC China OMS3-13T Oven Mitt Terry Silicon Lining 13"" /Each",1
8.83E+12,OMF2-13F,"CAC China OMF2-13F Oven Mitt Cotton Flame Retardant 13"" /Each",1
8.83E+12,MXBD-DIG150,"CAC China MXBD-DIG150 Blendking High Power Digital Blender, 51oz, 3.75HP Motor, 1800W",1
8.83E+12,MXBD-68,"CAC China MXBD-68 10.375"" BlendKing Commercial Blender 68 oz, 2.5HP Motor, 1500W",1
8.83E+12,MXBD-150RJAS,"CAC China MXBD-150RJAS 6.75"" BlendKing Jug Assembly 51 oz, Each",1
8.83E+12,MLRN-7,"CAC China MLRN-7 Plate R.E. 7 1/8"" Case of 36 Pcs",1
8.83E+12,MLNC-8,"CAC China MLNC-8 Plate N.R. 9"" Case of 24 Pcs",1
8.83E+12,MLNC-6,"CAC China MLNC-6 Plate N.R. 6 1/2"" Case of 48 Pcs",1
8.83E+12,MLNC-16,"CAC China MLNC-16 Plate N.R. 10 1/4"" Case of 24 Pcs",1
8.83E+12,MLNC-13,"CAC China MLNC-13 Oval Platter N.R. 11 1/2"" Case of 24 Pcs",1
8.83E+12,MLNC-11,"CAC China MLNC-11 Fruit Dish 5oz 4 3/4"" Case of 48 Pcs",1
8.83E+12,MLNC-1,"CAC China MLNC-1 Cup Short 7.5oz 3 3/4"" Case of 48 Pcs",1
8.83E+12,MHLP-TW57,"CAC China MHLP-TW57 Mop Hdl Poly Thumbwheel Frame W/ Side-Gate 57"" Case of 6 Pcs",1
8.83E+12,MHLM-ST57,"CAC China MHLM-ST57 Mop Hdl Metal Stirrup Frame 57"" Case of 6 Pcs",1
8.83E+12,MHD2-32WT,CAC China MHD2-32WT Mop Head Cotton Looped-End White 32oz Case of 20 Pcs,1
8.83E+12,MHD1-32WT,CAC China MHD1-32WT Mop Head Cotton Cut-End White 32oz Case of 20 Pcs,1
8.83E+12,MHD1-24BL,CAC China MHD1-24BL Mop Head Cotton Cut-End Blue 24 Oz Case of 20 Pcs,1
8.83E+12,MCP4-911BK,"CAC China MCP4-911BK Menu Cover 4-Pocket Black 8-1/2x11"" /Each",1
8.83E+12,MCP3-911GN,"CAC China MCP3-911GN Menu Cover 3-Pocket Green 8-1/2x11"" /Each",1
8.83E+12,MCP3-911BK,"CAC China MCP3-911BK Menu Cover 3-Pocket Black 8-1/2x11"" /Each",1
8.83E+12,MCP2-914BK,"CAC China MCP2-914BK Menu Cover 2-Pocket Black 8-1/2x14"" /Each",1
8.83E+12,MCP1-914BK,"CAC China MCP1-914BK Menu Cover 1-Pocket Black 8-1/2x14"" /Each",1
8.83E+12,MCC4-14BK,"CAC China MCC4-14BK Menu Cover Faux Leather 4-Panel Black 8-1/2x14"" /Each",1
8.83E+12,MCC2-14BN,"CAC China MCC2-14BN Menu Cover Faux Leather 2-Panel Brown 8-1/2x14"" /Each",1
8.83E+12,MCBK-200,CAC China MCBK-200 Measuring Cup PC 2QT/200-2000ML /Each,1
8.83E+12,MCBK-100,CAC China MCBK-100 Measuring Cup PC 1QT/100-1000ML /Each,1
8.83E+12,KWSK-55,"CAC China KWSK-55 Knife Steak Jumbo Pointed Tip Wood Hdl 5"" Case of 12 Pcs",1
8.83E+12,KWSK-50,"CAC China KWSK-50 Knife Steak Jumbo Round Tip Wood Hdl 5"" Case of 12 Pcs",1
8.83E+12,KWSK-46,"CAC China KWSK-46 Knife Steak Pointed Tip Wood Hdl 4-3/4"" Case of 12 Pcs",1
8.83E+12,KWSK-45,"CAC China KWSK-45 Knife Steak Round Tip Wood Hdl 4-1/4"" Case of 12 Pcs",1
8.83E+12,KUSF-S-16,"CAC China KUSF-S-16 Scraper Silicone Blade Flat 16-1/4""  /Each",1
8.83E+12,KUSB-S-16,"CAC China KUSB-S-16 Scraper Silicone Bowl Shape 16-1/4"" /Each",1
8.83E+12,KUSB-R-16,"CAC China KUSB-R-16 Scraper Rubber Bowl Shape 16-1/4"" /Each",1
8.83E+12,KUSB-R-14,"CAC China KUSB-R-14 Scraper Rubber Bowl Shape 14"" /Each",1
8.83E+12,KUNL-TL06,CAC China KUNL-TL06 Turner Nylon Black Slotted /Each,1
8.83E+12,KUNL-SP07,CAC China KUNL-SP07 Spatula Nylon Black Slotted /Each,1
8.83E+12,KUNL-SL02,CAC China KUNL-SL02 Spoon Nylon Black Slotted /Each,1
8.83E+12,KUNL-SK08,CAC China KUNL-SK08 Skimmer Nylon Black /Each,1
8.83E+12,KUNL-MS09,CAC China KUNL-MS09 Masher Nylon Black /Each,1
8.83E+12,KULS-21YG,"CAC China KULS-21YG 3"" dia. 2 In 1 Aluminium  Lemon/Lime Squeezer, Each",1
8.83E+12,KULC-02,"CAC China KULC-02 Lobster Cracker Chrome-Plt HW 2-Jaw 6-5/8"" /Each",1
8.83E+12,KTCG-GM09,"CAC China KTCG-GM09 ComfyGrip Grater SS Medium 9-5/8"" /Each",1
8.83E+12,KSCC-100,"CAC China KSCC-100 Klinge Stamped Chef Knife 10"" /Each",1
8.83E+12,KSBR-91,"CAC China KSBR-91 Klinge Stamped Bread Knife Offset 9"" /Each",1
8.83E+12,KFUC-50,"CAC China KFUC-50 Scharfe Knife Utility Forged 5"" /Each",1
8.83E+12,JGS1-1020,CAC China JGS1-1020 Jigger SS Japanese 1oz/2oz /Each,1
8.83E+12,JG75-125,CAC China JG75-125 Jigger SS 0.75oz/1.25oz /Each,1
8.83E+12,JG10-200,CAC China JG10-200 Jigger SS 1oz/2oz /Each,1
8.83E+12,INSS-40C,CAC China INSS-40C Cover SS for INSS-40F /Each,1
8.83E+12,INSS-110C,CAC China INSS-110C Cover SS for INSS-110F /Each,1
8.83E+12,ICTP-3,CAC China ICTP-3 Table Pan Carrier Insulated 1/1 Size W/ Extended Hdl Black Set,1
8.83E+12,ICTP-1DS,CAC China ICTP-1DS Dolly with Strap for ICTP-1 Set,1
8.83E+12,ICCD-126CB,CAC China ICCD-126CB Brake Caster for Gray Ice Caddy ICCD-126 Case of 20 Pcs,1
8.83E+12,ICCD-126,CAC China ICCD-126 Ice Caddy Insulated Gray Set,1
8.83E+12,ICBV-5K,CAC China ICBV-5K Beverage Carrier/Dispenser Insulated Black 5Gal Set,1
8.83E+12,ICBS-66,CAC China ICBS-66 Ice Bucket SS Double-Wall 66oz /Each,1
8.83E+12,IBSC-32SD,CAC China IBSC-32SD Lid Sliding for IBSC-32 Case of 6 Pcs,1
8.83E+12,IBSC-32,CAC China IBSC-32 Storage Container Ingredient PP 32Gal Case of 6 Pcs,1
8.83E+12,IBSC-10LD,CAC China IBSC-10LD Lid for IBSC-10 /Each,1
8.83E+12,IBIN-613SCP,CAC China IBIN-613SCP Scoop for IBIN-6/13 2.5Cup /Each,1
8.83E+12,IBIN-3LD,CAC China IBIN-3LD Lid for IBIN-3 Case of 8 Pcs,1
8.83E+12,IBIN-3,CAC China IBIN-3 Ingredient Bin Shelf 40Cup/2.6Gal Set,1
8.83E+12,HCCT-1CP,"CAC China HCCT-1CP Pan Hdl Cover Cotton Chili Pepper 6-1/2x3-1/2"" Case of 12 Pcs",1
8.83E+12,GLLX-2YM,CAC China GLLX-2YM Glove Latex Yellow Medium /Each,1
8.83E+12,GLLX-2KL,CAC China GLLX-2KL Glove Latex Black Large /Each,1
8.83E+12,FSSQ-68CV-R,CAC China FSSQ-68CV-R Cover Food Storage Container Square Red for 6QT & 8QT Case of 12 Pcs,1
8.83E+12,FSSQ-24CV-G,CAC China FSSQ-24CV-G Cover Food Storage Container Square Green for 2QT & 4QT Case of 12 Pcs,1
8.83E+12,FSSQ-1282CV-BL,"CAC China FSSQ-1282CV-BL Cover Food Storage Container Square Blue for 12QT, 18QT & 22QT Case of 6 Pcs",1
8.83E+12,FSBV-6,CAC China FSBV-6 Beverage Dispenser/Container Poly 22.7L/6Gal Set,1
8.83E+12,FS2R-24CV-T,CAC China FS2R-24CV-T Cover Food Storage CTR. Round PP Trans. for 2QT&4QT Case of 12 Pcs,1
8.83E+12,FS2R-1CV-T,CAC China FS2R-1CV-T Cover Food Storage CTR. Round PP Trans. for 1QT Case of 12 Pcs,1
8.83E+12,FS2P-22T,CAC China FS2P-22T Food Storage CTR. Round PP Trans. 22QT Case of 6 Pcs,1
8.83E+12,FS1R-68CV-C,CAC China FS1R-68CV-C Cover Food Storage Container Round PC Clear for 6QT&8QT Case of 12 Pcs,1
8.83E+12,FS1F-CV-C,"CAC China FS1F-CV-C Cover Food Storage Box PC Full Size Clear 26x18"" Case of 12 Pcs",1
8.83E+12,FPWD-6PB,"CAC China FPWD-6PB 6-Section Push Block for FPWD Series, Each",1
8.83E+12,FPWD-10BDS,"CAC China FPWD-10BDS 10-Section Blade Assembly for FPWD Series, Each",1
8.83E+12,FPWD-10,CAC China FPWD-10 10-Section Fruit/Vegetable Wedge Cutter,1
8.83E+12,FPSL-316PB,"CAC China FPSL-316PB 3/16"" Push Head for FPSL Series Case of 10 Pcs",1
8.83E+12,FPSL-14,"CAC China FPSL-14 Manual Tomato Slicer for 1/4"" slices",1
8.83E+12,FPMT-OV6,"CAC China FPMT-OV6 Therm Oven 40-500F/10-260C 2""Dia  /Each",1
8.83E+12,FPFC-500PB,"CAC China FPFC-500PB Push Block for FPFC-500, Each",1
8.83E+12,FPFC-500,"CAC China FPFC-500  French Fry Cutter  for 1/2"" Square Cuts, Set",1
8.83E+12,FPFC-375PB,"CAC China FPFC-375PB Push Block for FPFC-375, Each",1
8.83E+12,FPDC-375SPB,"CAC China FPDC-375SPB 3/8"" Push Block for FPDC-S & FPFC-W Series, Each",1
8.83E+12,FPDC-375S,"CAC China FPDC-375S Small Vegetable Dicer with 3/8"" Blade, Set",1
8.83E+12,ELSW-100K,"CAC China ELSW-100K 13-5/8"" Dia. Stainless Steel Soup Warmer, Black, 10.5QT, Set",1
8.83E+12,DBPA-9,"CAC China DBPA-9 Dough Pan AL 96oz 9""Dia /Each",1
8.83E+12,CKSV-5K,CAC China CKSV-5K Server Order Book W/ 4 Pockets 9x4-1/2? /Each,1
8.83E+12,CITP-8,"CAC China CITP-8 Tortilla Press Cast Iron 8""Dia /Each",1
8.83E+12,CCSN-SET6,CAC China CCSN-SET6 Stanchion/Sign Set PRACTICE SOCIAL DISTANCING Set,1
8.83E+12,CCSN-ET1,CAC China CCSN-ET1 Sign Stanchion PLEASE ENTER HERE /Each,1
8.83E+12,CBPH-1830W,"CAC China CBPH-1830W Cutting Board PE White 30x18"" Case of 6 Pcs",1
8.83E+12,CBPH-1824W,"CAC China CBPH-1824W Cutting Board PE White 24x18"" Case of 6 Pcs",1
8.83E+12,CBPH-1218G,"CAC China CBPH-1218G Cutting Board PE Green 18x12"" Case of 6 Pcs",1
8.83E+12,CAMS-107,CAC China CAMS-107 Chafer Marmite Soup SS 7QT Set,1
8.83E+12,CAFR-WP,CAC China CAFR-WP Water Pan Full Size for Chafer Case of 6 Pcs,1
8.83E+12,CAFR-501,CAC China CAFR-501 Atlantis Chafer Full Size 8QT Set,1
8.83E+12,CAFR-101,CAC China CAFR-101 Modish Chafer Full Size 8QT Folding Set,1
8.83E+12,BVSR-20W,CAC China BVSR-20W Beverage Server Swirl Insulated White 20oz /Each,1
8.83E+12,BVPT-20BL,CAC China BVPT-20BL Tumbler Poly Pebbled Blue 20oz 12-PC/PK Case of 24 Pcs,1
8.83E+12,BVPT-16CL,CAC China BVPT-16CL Tumbler Poly Pebbled Clear 16 Oz 12-PC/PK Case of 72 Pcs,1
8.83E+12,BVFP-12,CAC China BVFP-12 Frothing Pitcher 18/8 SS 12 Oz /Each,1
8.83E+12,BTUC-17BK,"CAC China BTUC-17BK Utility Cart Black 31-7/8x17-1/8x35-7/8""H Set",1
8.83E+12,BTPZ-0524R,"CAC China BTPZ-0524R BagTec Dlv. Bag Pizza Red 24x24x5"" Case of 6 Pcs",1
8.83E+12,BTDB-7GY,"CAC China BTDB-7GY Bus Box Gray 7""H /Each",1
8.83E+12,BTCV-57BK,CAC China BTCV-57BK Cover Bus Box Black for BTDB Series /Each,1
8.83E+12,BSKS-15,CAC China BSKS-15 Bar Shaker Cup SS 15 Oz /Each,1
8.83E+12,BRMT-27BK,"CAC China BRMT-27BK Bar Mat Plastic Drink Rail Black 27x3-1/4"" /Each",1
8.83E+12,BRMT-18BN,"CAC China BRMT-18BN Bar Mat Plastic Service Brown 18x12"" Case of 12 Pcs",1
8.83E+12,BMSW-5SC,"CAC China BMSW-5SC Bread Mold Sub Sandwich Silicone 5-Roll 12""  /Each",1
8.83E+12,BMSC-1625,"CAC China BMSC-1625 Baking Mat Silicone 24-1/2x16-3/8"" Case Pack of 10 Pcs",1
8.83E+12,BCDY-6,CAC China BCDY-6 Bar Caddy Plastic Black 6-Compartment Case of 12 Pcs,1
8.83E+12,B7DT-52,CAC China B7DT-52 Decorating Tip Set SS 52PC /Each,1
8.83E+12,B6SV-14,"CAC China B6SV-14 Sieve SS #20 Mesh 14""Diax3""H Case of 6 Pcs",1
8.83E+12,B2BG-30S,"CAC China B2BG-30S Oven/Broiler/Grill Brush W/ SS Bristle 30"" Hdl /Each",1
8.83E+12,B1CP-092,"CAC China B1CP-092 Cake Pan AL 9""Diax2""H /Each",1
8.83E+12,B14PB-24,"CAC China B14PB-24 Pastry Bag PU-Lined Cotton 24"" /Each",1
8.83E+12,B14PB-14,"CAC China B14PB-14 Pastry Bag PU-Lined Cotton 14"" /Each",1
8.83E+12,B14PB-12,"CAC China B14PB-12 Pastry Bag PU-Lined Cotton 12"" /Each",1
8.83E+12,ASPZ-220BK,"CAC China ASPZ-220BK Sheet Pan Nesting Rack 20-Tier, Set",1
8.83E+12,ASPR-10BK,"CAC China ASPR-10BK 20"" Sheet Pan Rack 10-Tier, Set",1
8.83E+12,ASHP-1826E,"CAC China ASHP-1826E Sheet Pan AL Full Size 26x18"" 18Ga. Case of 12 Pcs",1
8.83E+12,ASHP-0610,"CAC China ASHP-0610 Sheet Pan AL 1/8 Size 10x6"" 20Ga. /Each",1
8.83E+12,APZR-987,"CAC China APZR-987 Pizza Stand Chrome-Plt 9x8x7"" Case of 20 Pcs",1
8.83E+12,APZR-15,"CAC China APZR-15 Chrome Plated Pizza Pan Rack 15-Tier, Case of 2 Pcs",1
8.83E+12,APVL-3BN,"CAC China APVL-3BN Apron Dishwashing Vinyl HW Brown 40x27-1/2"" /Each",1
8.83E+12,APNL-2K,"CAC China APNL-2K Apron Dishwashing Nylon Blend Black 40x25-1/2"" /Each",1
8.83E+12,APHT-2WT,"CAC China APHT-2WT Chef's Pride Hat Floppy Toque 13""H White /Each",1
8.83E+12,APHT-2BR,"CAC China APHT-2BR Chef's Pride Hat Floppy Toque 13""H Bright Red /Each",1
8.83E+12,APBB-2BK,CAC China APBB-2BK Chef's Pride Apron Bib Full Length w/ Pocket Black /Each,1
8.83E+12,ALSC-5,CAC China ALSC-5 Scoop AL 5oz /Each,1
8.83E+12,ALPC-20ST,"CAC China ALPC-20ST Aluminium Pasta Cooker, 5 Piece Set",1
8.83E+12,ALID-80,CAC China ALID-80 Lid AL for 80QT Stock Pot Case of 6 Pcs,1
8.83E+12,ALID-20,CAC China ALID-20 Lid AL for 20QT Stock Pot Case of 6 Pcs,1
8.83E+12,ALID-12,CAC China ALID-12 Lid AL for 10/12QT Stock Pot Case of 6 Pcs,1
8.83E+12,ALCL-16CH,CAC China ALCL-16CH Colander AL Chinese Loop-Hdl 16QT Case of 6 Pcs,1
8.83E+12,ALCL-16C,CAC China ALCL-16C Colander AL Chinese 16QT Case of 12 Pcs,1
8.83E+12,ALCL-12SH,CAC China ALCL-12SH Colander AL Flat-Hdl & Footed 12QT Case of 4 Pcs,1
8.83E+12,ALCL-12C,CAC China ALCL-12C Colander AL Chinese 12QT Case of 12 Pcs,1
8.83E+12,ALCL-08SH,CAC China ALCL-08SH Colander AL Flat-Hdl & Footed 8QT Case of 4 Pcs,1
8.83E+12,AICS-20,CAC China AICS-20 Ice Cream Scoop AL 2oz #20 Case of 12 Pcs,1
8.83E+12,ACTH-75,"CAC China ACTH-75 Card Holder Acrylic Tabletop 5x7"" Case of 12 Pcs",1
8.83E+12,ACO3-3D,CAC China ACO3-3D Cup/Lid Organizer Black 3-Tier 3-Stack Case of 4 Pcs,1
8.83E+12,ACO3-2C,CAC China ACO3-2C Cup/Lid Organizer Black 3-Tier 2-Stack Case of 4 Pcs,1
8.83E+12,ACO2-2A,CAC China ACO2-2A Cup/Lid Organizer Black 2-Tier 2-Stack Case of 4 Pcs,1
8.83E+12,ACDC-3,"CAC China ACDC-3 Bakery Display Case Acrylic, 3-Tier Set",1
8.83E+12,ACDC-2,"CAC China ACDC-2 Bakery Display Case Acrylic, 2-Tier Set",1
8.83E+12,ACCW-2448S,"CAC China ACCW-2448S Cart Chrome-Plt. Wire 3-Tier 24x48x42""H Set",1
8.83E+12,ACCW-1836S,"CAC China ACCW-1836S Cart Chrome-Plt. Wire 3-Tier 18x36x42""H Set",1
8.83E+12,A9SA-3-7,CAC China A9SA-3-7 Saucepan AL Tapered Standard 3mm 7QT Case of 6 Pcs,1
8.83E+12,A9SA-3-10,CAC China A9SA-3-10 Saucepan AL Tapered Standard 3mm 10QT Case of 6 Pcs,1
8.83E+12,A9SA-3-1,CAC China A9SA-3-1 Saucepan AL Tapered Standard 3mm 1.5QT Case of 12 Pcs,1
8.83E+12,A3FP-8N,"CAC China A3FP-8N Fry Pan AL Non-Stick 8"" Case of 6 Pcs",1
8.83E+12,A3FP-7N,"CAC China A3FP-7N Fry Pan AL Non-Stick 7"" Case of 6 Pcs",1
8.83E+12,8006-12,"CAC China 8006-12 Lux Butter Spreader 18/8 Xtra. HW 6 3/4"" Case of 12 Pcs",1
8.83E+12,8005-10,"CAC China 8005-10 Exquisite Tablespoon 18/8 Xtra. HW 8 5/8"" Case of 12 Pcs",1
8.83E+12,8002-07,"CAC China 8002-07 Elite Oyster Fork 18/8 Xtra. HW 5 3/4"" Case of 12 Pcs",1
8.83E+12,8002-06,"CAC China 8002-06 Elite Salad Fork 18/8 Xtra. HW 6 3/4"" Case of 12 Pcs",1
8.83E+12,8002-04,"CAC China 8002-04 Elite Bouillon Spoon 18/8 Xtra. HW 5 7/8"" Case of 12 Pcs",1
8.83E+12,8002-02,"CAC China 8002-02 Elite Iced Tea spoon 18/8 Xtra. HW 7 3/8"" Case of 12 Pcs",1
8.83E+12,8001-07,"CAC China 8001-07 Royal Oyster Fork 18/8 Xtra. HW 5 3/4"" Case of 12 Pcs",1
8.83E+12,3033-06,"CAC China 3033-06 Tulip Salad Fork 18/0 Xtra. HW 6-7/8"" Case of 12 Pcs",1
8.83E+12,3033-04,"CAC China 3033-04 Tulip Bouillon Spoon 18/0 Xtra. HW 6"" Case of 12 Pcs",1
8.83E+12,3033-03,"CAC China 3033-03 Tulip Dinner Spoon 18/0 Xtra. HW 7-1/4"" Case of 12 Pcs",1
8.83E+12,3023-38,"CAC China 3023-38 Louvre Ladle 18/0 SS Xtra. HW 4oz 11-1/2"" Case of 12 Pcs",1
8.83E+12,3023-35,"CAC China 3023-35 Louvre Fork Pot 18/0 SS Xtra. HW 13"" Case of 12 Pcs",1
8.83E+12,3023-17,"CAC China 3023-17 Louvre Spoon Solid 18/0 SS Xtra. HW 11-3/4"" Case of 12 Pcs",1
8.83E+12,3015-12,"CAC China 3015-12 Celtic Butter Spreader 18/0 HW 6-3/4"" Case of 12 Pcs",1
8.83E+12,3015-11,"CAC China 3015-11 Celtic Tablefork 18/0 HW 8-1/2"" Case of 12 Pcs",1
8.83E+12,3015-07,"CAC China 3015-07 Celtic Oyster Fork 18/0 HW 5-3/4"" Case of 12 Pcs",1
8.83E+12,3015-03,"CAC China 3015-03 Celtic Dinner Spoon 18/0 HW 7-3/8"" Case of 12 Pcs",1
8.83E+12,3015-02,"CAC China 3015-02 Celtic Iced Tea spoon 18/0 HW 7-1/2"" Case of 12 Pcs",1
8.83E+12,3013-06,"CAC China 3013-06 Thames Salad Fork 18/0 HW 6 1/2"" Case of 12 Pcs",1
8.83E+12,3008-07,"CAC China 3008-07 Black Pearl Oyster Fork 18/0 HW 5 5/8"" Case of 12 Pcs",1
8.83E+12,3008-06,"CAC China 3008-06 Black Pearl Salad Fork 18/0 HW 6 1/4"" Case of 12 Pcs",1
8.83E+12,3005-03,"CAC China 3005-03 Seine Dinner Spoon 18/0 HW 7 1/4"" Case of 12 Pcs",1
8.83E+12,3003-04,"CAC China 3003-04 Continental Bouillon Spoon 18/0 HW 5 7/8"" Case of 12 Pcs",1
8.83E+12,3001-04,"CAC China 3001-04 Phoenix Bouillon Spoon 18/0 HW 6 3/8"" Case of 12 Pcs",1
8.83E+12,1001-02,"CAC China 1001-02 Dominion Iced Tea Spoon 18/0 Med Wgt 7 7/8"" Case of 12 Pcs",1
8.83E+12,1001-01,"CAC China 1001-01 Dominion Teaspoon 18/0 Med Wgt 5 7/8""",1
8.83E+12,VCT-6,"CAC China VCT-6 Deep Coupe Square Plate 6"" Case of 36 Pcs",1
8.83E+12,UVS-12,"CAC China UVS-12 Oval Platter 10 5/8"" Case of 24 Pcs",1
8.83E+12,TSP-7,"CAC China TSP-7 Rect. Serving Tray 15 1/2"" Case of 12 Pcs",1
8.83E+12,TRG-9-R,"CAC China TRG-9-R Triangular Flat Plate Red 8 1/2"" Case of 24 Pcs",1
8.83E+12,TPW-1,"CAC China TPW-1 Teapot W/ Raised Lid 15 Oz 7 1/2"" Case of 36 Pcs",1
8.83E+12,TM-8-LBU,"CAC China TM-8-LBU Tierra Mug Light Blue 8oz 3 1/8"" Case of 36 Pcs",1
8.83E+12,TG-17-PCK,"CAC China TG-17-PCK Mug Peacock 8oz 3 1/4"" Case of 36 Pcs",1
8.83E+12,TG-13C-BLK,"CAC China TG-13C-BLK Coupe Oval Platter Black 11 1/2"" Case of 12 Pcs",1
8.83E+12,STU-B4,"CAC China STU-B4 Salad Bowl 10 Oz 4 1/4"" Case of 36 Pcs",1
8.83E+12,SOH-TP,"CAC China SOH-TP Teapot 15 Oz 7 1/2"" Case of 24 Pcs",1
8.83E+12,SI-8-W,"CAC China SI-8-W Sierra Mug EuroW 8oz 3 3/8"" Case of 36 Pcs",1
8.83E+12,SHER-21,"CAC China SHER-21 Plate 12"" Case of 12 Pcs",1
8.83E+12,SHA-5,"CAC China SHA-5 Square Plate 4 1/4"" Case of 36 Pcs",1
8.83E+12,SC-9G,"CAC China SC-9G Plate #8 Gold Band 9 5/8"" Case of 24 Pcs",1
8.83E+12,SC-10G,"CAC China SC-10G Grapefruit Dish #1 Gold Band 11 Oz 6 3/4"" Case of 36 Pcs",1
8.83E+12,RKF-C4-G,"CAC China RKF-C4-G Straight Ramekin Green 5oz 3"" Case of 24 Pcs",1
8.83E+12,RKF-3-BLU,"CAC China RKF-3-BLU Ramekin Fluted Blue 3oz 3"" Case of 48 Pcs",1
8.83E+12,RID-5,"CAC China RID-5 Plate #3 5 1/2"" Case of 36 Pcs",1
8.83E+12,REC-56,"CAC China REC-56 Cappuccino Cup 14 Oz 4 3/4"" Case of 36 Pcs",1
8.83E+12,REC-1-S,"CAC China REC-1-S Stacking Cup, 8.5oz 3 1/2"" Case of 36 Pcs",1
8.83E+12,REC-107,"CAC China REC-107 Deep Pasta Bowl 22oz 10 1/2"" Case of 12 Pcs",1
8.83E+12,RCN-41,"CAC China RCN-41 Oval Platter 13 3/4"" Case of 12 Pcs",1
8.83E+12,RCN-139,"CAC China RCN-139 Mediterranean Pasta Bowl 5oz 4 3/4"" Case of 36 Pcs",1
8.83E+12,R-7-BLU,"CAC China R-7-BLU Plate R.E. Blue 7 1/4"" Case of 36 Pcs",1
8.83E+12,R-14NR-R,"CAC China R-14NR-R Oval Platter N.R. Red 13 1/2"" Case of 12 Pcs",1
8.83E+12,R-125-G,"CAC China R-125-G Pasta Bowl Green 30oz 12 3/4"" Case of 12 Pcs",1
8.83E+12,R-120-G,"CAC China R-120-G Pasta Bowl Green 26oz 12"" Case of 12 Pcs",1
8.83E+12,QE-13,"CAC China QE-13 Rect. Platter W/ Striped Rim 12"" Case of 12 Pcs",1
8.83E+12,PTS-66-SET,"CAC China PTS-66-SET Cup 2oz W/ Spoon 4 1/2"" Set",1
8.83E+12,PTC-2-S,"CAC China PTC-2-S Cup 7oz & Saucer Set W/ Spoon [Cup I Saucer] 6 3/4 I 7"" Set",1
8.83E+12,PS-E16,"CAC China PS-E16 Eiffel Dipping Plate  10 1/4"" Case of 12 Pcs",1
8.83E+12,PNS-120,"CAC China PNS-120 Square Pasta Bowl 22oz 12"" Case of 12 Pcs",1
8.83E+12,PMS-SQ8-G,"CAC China PMS-SQ8-G Square Plate Light Green 8 1/4"" Case of 24 Pcs",1
8.83E+12,PMS-SQ6-G,"CAC China PMS-SQ6-G Square Plate Light Green 6"" Case of 36 Pcs",1
8.83E+12,PMS-SQ16-G,"CAC China PMS-SQ16-G Square Plate Light Green 10"" Case of 12 Pcs",1
8.83E+12,PMS-RT61-G,"CAC China PMS-RT61-G Rect. Platter Light Green 16"" Case of 12 Pcs",1
8.83E+12,PHA-7,"CAC China PHA-7 Plate 7 1/2"" Case of 36 Pcs",1
8.83E+12,OC-12-W,"CAC China OC-12-W Onion Soup Crock AW 12 Oz 5"" Case of 24 Pcs",1
8.83E+12,NRC-22,"CAC China NRC-22 Plate N.R. #6 8 1/4"" Case of 36 Pcs",1
8.83E+12,NGA-9,"CAC China NGA-9 Square Plate 9"" Case of 24 Pcs",1
8.83E+12,NGA-1,"CAC China NGA-1 Square Cup 8oz "" Case of 36 Pcs",1
8.83E+12,NCN-6,"CAC China NCN-6 Plate N.R. 6 3/8"" Case of 36 Pcs",1
8.83E+12,NCN-22,"CAC China NCN-22 Plate N.R. 8 1/4"" Case of 36 Pcs",1
8.83E+12,NCN-16,"CAC China NCN-16 Plate N.R. 10 1/2"" Case of 12 Pcs",1
8.83E+12,NCN-1,"CAC China NCN-1 Cup Short 7.5oz 3 3/4"" Case of 36 Pcs",1
8.83E+12,MXB-12,"CAC China MXB-12 Mix Bowl 56oz 12"" Case of 6 Pcs",1
8.83E+12,MUG-C12,"CAC China MUG-C12 C-Handle Mug PW 12 Oz 3"" Case of 36 Pcs",1
8.83E+12,MDN-8,"CAC China MDN-8 Square Plate 8 1/2"" Case of 24 Pcs",1
8.83E+12,MDN-6,"CAC China MDN-6 Square Plate 6 1/4"" Case of 36 Pcs",1
8.83E+12,MDN-1,"CAC China MDN-1 Cup 7.5oz 4 3/4"" Case of 36 Pcs",1
8.83E+12,MB-7-BLU,"CAC China MB-7-BLU Pasta Bowl Marine Blue 25oz 7 1/2"" Case of 24 Pcs",1
8.83E+12,MAJ-TP,"CAC China MAJ-TP Teapot 46oz 10 1/2"" Case of 12 Pcs",1
8.83E+12,MAJ-PC,"CAC China MAJ-PC Creamer 4oz 2"" Case of 24 Pcs",1
8.83E+12,KSE-B104,"CAC China KSE-B104 Square Bowl 8oz 4"" Case of 36 Pcs",1
8.83E+12,KSE-91,"CAC China KSE-91 Rect. Platter 20"" Case of 4 Pcs",1
8.83E+12,KSE-88,"CAC China KSE-88 Deep Square Bowl W/ Wide Rim 22oz 9 1/4"" Case of 12 Pcs",1
8.83E+12,KSE-81,"CAC China KSE-81 Rect. Platter 18"" Case of 4 Pcs",1
8.83E+12,KSE-541,"CAC China KSE-541 Deep Coupe Rect. Platter 13 1/2"" Case of 12 Pcs",1
8.83E+12,KSE-54,"CAC China KSE-54 Square Cup 4.5oz 3"" Case of 36 Pcs",1
8.83E+12,KSE-51,"CAC China KSE-51 Rect. Platter 14 1/2"" Case of 12 Pcs",1
8.83E+12,KSE-40,"CAC China KSE-40 Long Rect. Platter 10"" Case of 36 Pcs",1
8.83E+12,KSE-210,"CAC China KSE-210 Square Pasta Bowl W/ Lid 20oz 10"" Set",1
8.83E+12,KSE-208,"CAC China KSE-208 Square Pasta Bowl W/ Lid 10 Oz 8"" Set",1
8.83E+12,KSE-16,"CAC China KSE-16 Square Plate 10"" Case of 12 Pcs",1
8.83E+12,KRW-S5,"CAC China KRW-S5 Small Dish 7oz 5"" Case of 48 Pcs",1
8.83E+12,KRW-4,"CAC China KRW-4 Rice Soup Bowl 7oz 4"" Case of 36 Pcs",1
8.83E+12,KC-B6-PLM,"CAC China KC-B6-PLM Square Bowl Plum 15 Oz 6"" Case of 24 Pcs",1
8.83E+12,KC-B6-PCK,"CAC China KC-B6-PCK Square Bowl Peacock 15 Oz 6"" Case of 24 Pcs",1
8.83E+12,KC-8-PLM,"CAC China KC-8-PLM Square Plate Plum 8"" Case of 24 Pcs",1
8.83E+12,KC-8-PCK,"CAC China KC-8-PCK Square Plate Peacock 8"" Case of 24 Pcs",1
8.83E+12,KC-6-PCK,"CAC China KC-6-PCK Square Plate Peacock 6"" Case of 36 Pcs",1
8.83E+12,KC-51-SFL,"CAC China KC-51-SFL Rect. Platter Sunflower 14 1/2"" Case of 12 Pcs",1
8.83E+12,KC-51-PLM,"CAC China KC-51-PLM Rect. Platter Plum 14 1/2"" Case of 12 Pcs",1
8.83E+12,KC-2-R,"CAC China KC-2-R Square Saucer Red For KC-1-R 6"" Case of 36 Pcs",1
8.83E+12,KC-2-PLM,"CAC China KC-2-PLM Square Saucer Plum For KC-1-PLM 6"" Case of 36 Pcs",1
8.83E+12,KC-2-CBU,"CAC China KC-2-CBU Square Saucer Cobalt Blue For KC-1-CBU 6"" Case of 36 Pcs",1
8.83E+12,KC-2-BLK,"CAC China KC-2-BLK Square Saucer Black For KC-1-BLK 6"" Case of 36 Pcs",1
8.83E+12,KC-21-SFL,"CAC China KC-21-SFL Square Plate Sunflower 12"" Case of 12 Pcs",1
8.83E+12,KC-21-R,"CAC China KC-21-R Square Plate Red 12"" Case of 12 Pcs",1
8.83E+12,H-SQ16,"CAC China H-SQ16 Round In Square Plate 10"" Case of 12 Pcs",1
8.83E+12,HMY-HSP,"CAC China HMY-HSP Sugar Packet Holder 4"" Case of 36 Pcs",1
8.83E+12,HMY-9,"CAC China HMY-9 Plate 9 3/4"" Case of 24 Pcs",1
8.83E+12,HAR-12-3,"CAC China HAR-12-3 Hartford Mug 12 Oz AW 3 1/2"" Case of 36 Pcs",1
8.83E+12,GW-7,"CAC China GW-7 Plate R.E. 7 1/4"" Case of 36 Pcs",1
8.83E+12,GW-57,"CAC China GW-57 Saucer For GW-56 6 7/8"" Case of 36 Pcs",1
8.83E+12,GW-51,"CAC China GW-51 Oval Platter R.E. 15 1/4"" Case of 12 Pcs",1
8.83E+12,GW-37,"CAC China GW-37 Cup Short 7.5oz 3 3/4"" Case of 36 Pcs",1
8.83E+12,GW-2,"CAC China GW-2 Saucer For GW-1, GW-1-S, etc. 5 3/4"" Case of 36 Pcs",1
8.83E+12,GW-1-S,"CAC China GW-1-S Stacking Cup, 8.5oz 3 1/2"" Case of 36 Pcs",1
8.83E+12,GW-16,"CAC China GW-16 Plate R.E. 10 1/2"" Case of 12 Pcs",1
8.83E+12,GW-120,"CAC China GW-120 Pasta Bowl 26oz 12"" Case of 12 Pcs",1
8.83E+12,GW-1,"CAC China GW-1 Tall Cup 7.5oz 3 1/2"" Case of 36 Pcs",1
8.83E+12,GS-95,"CAC China GS-95 Jung Bowl 9.5oz 4 3/8"" Case of 36 Pcs",1
8.83E+12,GS-8,"CAC China GS-8 Plate R.E. #7 9"" Case of 24 Pcs",1
8.83E+12,GS-34,"CAC China GS-34 Oval Platter R.E. #6 9 3/8"" Case of 24 Pcs",1
8.83E+12,GS-3,"CAC China GS-3 Rim Soup Plate R.E. #7 10 Oz 9"" Case of 24 Pcs",1
8.83E+12,GS-23,"CAC China GS-23 Stacking Cup, 7oz 3 1/4"" Case of 36 Pcs",1
8.83E+12,GS-2,"CAC China GS-2 Saucer For GS-1 6"" Case of 36 Pcs",1
8.83E+12,GS-17,"CAC China GS-17 Ventura Mug 8oz 3 1/8"" Case of 36 Pcs",1
8.83E+12,GS-11,"CAC China GS-11 Fruit Dish R.E. #3 1/2 5oz 4 3/4"" Case of 36 Pcs",1
8.83E+12,GMJ-3,"CAC China GMJ-3 Gourmet Jar W/ Lid 2oz 3 1/4"" Case of 48 Pcs",1
8.83E+12,GDC-HSP,"CAC China GDC-HSP Sugar Packet Holder 3 3/8"" Case of 36 Pcs",1
8.83E+12,GDC-9,"CAC China GDC-9 Plate 9 3/4"" Case of 24 Pcs",1
8.83E+12,GDC-5,"CAC China GDC-5 Plate 5 1/2"" Case of 36 Pcs",1
8.83E+12,GDC-37,"CAC China GDC-37 Cup Short 7.5oz 3 3/4"" Case of 36 Pcs",1
8.83E+12,GDC-21,"CAC China GDC-21 Plate 12"" Case of 12 Pcs",1
8.83E+12,GDC-18,"CAC China GDC-18 Nappie 16 Oz 6 1/4"" Case of 36 Pcs",1
8.83E+12,GDC-16,"CAC China GDC-16 Plate 10 1/2"" Case of 12 Pcs",1
8.83E+12,GDC-120,"CAC China GDC-120 Pasta Bowl 26oz 12"" Case of 12 Pcs",1
8.83E+12,GDC-12,"CAC China GDC-12 Oval Platter 10 1/2"" Case of 24 Pcs",1
8.83E+12,GDC-105,"CAC China GDC-105 Pasta Bowl 16 Oz 10 1/2"" Case of 12 Pcs",1
8.83E+12,GDC-1,"CAC China GDC-1 Cup Tall 7.5oz 3 1/4"" Case of 36 Pcs",1
8.83E+12,GBK-21,"CAC China GBK-21 Square Book Plate 11 1/2"" Case of 12 Pcs",1
8.83E+12,GAD-7,"CAC China GAD-7 Plate 7 1/4"" Case of 36 Pcs",1
8.83E+12,F-2S,"CAC China F-2S Rect. Tray White 8 3/4"" Case of 24 Pcs",1
8.83E+12,EVT-105,"CAC China EVT-105 Pasta Bowl English Foot 16 Oz 10 1/2"" Case of 12 Pcs",1
8.83E+12,E-75-CBU,"CAC China E-75-CBU Cup & Saucer Set Cobalt Blue 7.5oz [Cup I Saucer] 3 5/8 I 5 7/8"" Set",1
8.83E+12,E-3,"CAC China E-3 Cup & Saucer Set White 3.5oz [Cup I Saucer] 2 3/4 I 4 7/8"" Set",1
8.83E+12,E-11-R,"CAC China E-11-R Cup & Saucer Set Red 11 Oz [Cup I Saucer] 4 1/2 I 6 1/2"" Set",1
8.83E+12,E-11-BLK,"CAC China E-11-BLK Cup & Saucer Set Black 11 Oz [Cup I Saucer] 4 1/2 I 6 1/2"" Set",1
8.83E+12,CTY-77,"CAC China CTY-77 3 Compartment Rect. Tray 3.5ozx3 9"" Case of 24 Pcs",1
8.83E+12,CRO-14,"CAC China CRO-14 Oval Platter 12 1/2"" Case of 12 Pcs",1
8.83E+12,COP-SQ16,"CAC China COP-SQ16 Coupe Square Plate 10"" Case of 12 Pcs",1
8.83E+12,COP-14,"CAC China COP-14 Coupe Oval Platter 13"" Case of 12 Pcs",1
8.83E+12,COL-P8,"CAC China COL-P8 Round Party Plate W/ Wine Glass Hole 9"" Case of 24 Pcs",1
8.83E+12,COL-F61,"CAC China COL-F61 Fish Platter 15"" Case of 12 Pcs",1
8.83E+12,COL-3,"CAC China COL-3 3 Compartment Leaf Shape Tray Large 7.5ozx3 14 3/4"" Case of 12 Pcs",1
8.83E+12,COA-15-P,"CAC China COA-15-P Oval Welsh Rarebit PW 15 Oz 10 1/2"" Case of 36 Pcs",1
8.83E+12,COA-12-W,"CAC China COA-12-W Oval Welsh Rarebit AW 12 Oz 10"" Case of 36 Pcs",1
8.83E+12,CN-PS,"CAC China CN-PS Pepper Shaker 1 1/4"" Case of 48 Pcs",1
8.83E+12,CFB-35,"CAC China CFB-35 Cup & Saucer Set 3.5oz [Cup I Saucer] 2 3/4 I 5"" Set",1
8.83E+12,CES-95,"CAC China CES-95 Jung Bowl 9.5oz 4 3/8"" Case of 36 Pcs",1
8.83E+12,CES-4,"CAC China CES-4 Bouillon 7.25oz 4"" Case of 36 Pcs",1
8.83E+12,CES-2,"CAC China CES-2 Saucer For CES-1 6"" Case of 36 Pcs",1
8.83E+12,CES-11,"CAC China CES-11 Fruit Dish N.R. #3 1/2 5oz 4 3/4"" Case of 36 Pcs",1
8.83E+12,CAS-12,"CAC China CAS-12 Casserole W/ Handle 12 Oz 7 1/4"" Case of 24 Pcs",1
8.83E+12,BLU-95,"CAC China BLU-95 Jung Bowl 9.5oz 4 3/8"" Case of 36 Pcs",1
8.83E+12,BLU-35,"CAC China BLU-35 Cup A.D. 3.5oz 2 1/2"" Case of 36 Pcs",1
8.83E+12,BLU-3,"CAC China BLU-3 Rim Soup Plate R.E. #7 10 Oz 9"" Case of 24 Pcs",1
8.83E+12,BLU-2,"CAC China BLU-2 Saucer For BLU-1 6"" Case of 36 Pcs",1
8.83E+12,BLU-12,"CAC China BLU-12 Oval Platter R.E. #7 10 3/8"" Case of 24 Pcs",1
8.83E+12,BLU-105,"CAC China BLU-105 Pasta Bowl 16 Oz 10 1/2"" Case of 12 Pcs",1
8.83E+12,BKW-8,"CAC China BKW-8 Oval Baking Dish PW 8oz 6 1/4"" Case of 24 Pcs",1
8.83E+12,BHM-MB12,"CAC China BHM-MB12 Salad/Pasta Bowl 89.5oz 12"" Case of 12 Pcs",1
8.83E+12,BF-R17,"CAC China BF-R17 Divided Round Pan 15 3/8"" Case of 4 Pcs",1
8.83E+12,BF-101,"CAC China BF-101 1/1 GN Pan 20 7/8"" Case of 4 Pcs",1
8.83E+12,AZ-95,"CAC China AZ-95 Jung Bowl 9.5oz 4 3/8"" Case of 36 Pcs",1
8.83E+12,AZ-2,"CAC China AZ-2 Saucer For AZ-1 6"" Case of 36 Pcs",1
8.83E+12,AZ-11,"CAC China AZ-11 Fruit Dish N.R. #3 1/2 5oz 4 3/4"" Case of 36 Pcs",1
8.83E+12,ATC-21,"CAC China ATC-21 Seashell Plate PW 12"" Case of 12 Pcs",1
8.83E+12,ASP-26,"CAC China ASP-26 Square Plate 15"" Case of 12 Pcs",1
8.83E+12,ART-110,"CAC China ART-110 Pasta Bowl 60oz 11 1/4"" Case of 12 Pcs",1
8.83E+12,ARA-RT9,"CAC China ARA-RT9 Coupe Rect. Platter 9"" Case of 24 Pcs",1
8.83E+12,ARA-RT10,"CAC China ARA-RT10 Coupe Rect. Platter 10"" Case of 12 Pcs",1
8.83E+12,ANM-12,"CAC China ANM-12 7 Cute Animal Dishes 3.5ozx7 5"" Set",1
8.83E+12,6-S16-BLK,"CAC China 6-S16-BLK Square Plate Non-Glare Glaze Black 10"" Case of 12 Pcs",1
8.83E+12,666-WP-W,"CAC China 666-WP-W Wine Pot 6oz Creamy White 1 3/4"" Case of 36 Pcs",1
8.83E+12,666-WP-G,"CAC China 666-WP-G Wine Pot 6oz Golden Green 1 3/4"" Case of 36 Pcs",1
8.83E+12,666-WP-BLU,"CAC China 666-WP-BLU Wine Pot 6oz Lake Blue 1 3/4"" Case of 36 Pcs",1
8.83E+12,666-32-BLU,"CAC China 666-32-BLU Sauce Dish Lake Blue 3 1/4"" Case of 48 Pcs",1
8.83E+12,105-MB7,"CAC China 105-MB7 Soup Bowl 36oz 7 1/4"" Case of 24 Pcs",1
8.83E+12,105-95,"CAC China 105-95 Jung Bowl 9oz 4 1/2"" Case of 36 Pcs",1
8.83E+12,105-9,"CAC China 105-9 Plate R.E. 9 1/4"" Case of 24 Pcs",1
8.83E+12,105-1-S,"CAC China 105-1-S Stacking Cup, 8oz 3 1/2"" Case of 36 Pcs",1
8.83E+12,103-55,"CAC China 103-55 Cup 5oz 3"" Case of 72 Pcs",1
8.83E+12,103-54,"CAC China 103-54 Cup 4.5oz 2 4/5"" Case of 72 Pcs",1
8.83E+12,103-38,"CAC China 103-38 Soup Plate 8oz 8"" Case of 36 Pcs",1
8.83E+12,101-BV,"CAC China 101-BV Bud Vase 1 1/2"" Case of 36 Pcs",1
8.83E+12,101-74,"CAC China 101-74 Noodle Bowl 21oz 7"" Case of 24 Pcs",1
8.83E+12,101-15,"CAC China 101-15 Nappie 12.5oz 5 5/8"" Case of 36 Pcs",1
8.82E+12,SLSSP4100,"Thunder Group SLSSP4100 10 qt, 7"" Diameter Sauce Pan with 7"" Diameter x 1/2"" Thickness Lid",1
8.82E+12,SLSSP4076,"Thunder Group SLSSP4076 7-3/5 qt, 10-1/4"" Diameter Sauce Pan with 10"" Diameter x 1/2"" Thickness Lid",1
8.82E+12,SLSSP4045,"Thunder Group SLSSP4045 4-1/2 qt, 8-3/8"" Diameter Sauce Pan with 8-3/8"" Diameter x 1/2"" Thickness Lid",1
8.82E+12,SLSSP4020,"Thunder Group SLSSP4020 2 qt, 7"" Diameter x 4"" Sauce Pan with 7"" Diameter x 1/2"" Thickness Lid",1
8.82E+12,SLSPS4020,"Thunder Group SLSPS4020 20 qt, 12-3/8"" Diameter x 10-1/2"" Height, 2-1/2"" Welded Handle, Stock Pot with 12-3/8"" Diameter x 5/8"" Thickness Lid",1
8.82E+12,SLSPS4016,Thunder Group SLSPS4016 16 qt Stainless Steel Stock Pot with Cover,1
8.82E+12,SLSPS4008,"Thunder Group SLSPS4008 8 qt, 10"" Diameter x 6-5/8"" Height, 2-1/2"" Welded Handle, Stock Pot with 10"" Diameter x 1/2"" Thickness Lid",1
8.82E+12,SLSFP4009,"Thunder Group SLSFP4009 9-1/2"" Diameter Stainless Steel Fry Pan",1
8.82E+12,SLSBP4020,"Thunder Group SLSBP4020 20 qt, 16-1/2"" Diameter Brazier Pot with 1/2"" Thickness Lid",1
8.82E+12,PLCBR006,"Thunder Group PLCBR006 12"" Powder-Coated Cutting Board Rack, Fits 6 Boards",1
8.82E+12,39093SG,"Thunder Group 39093SG Classic Stone Grey 45 oz Melamine Wavy Soup Bowl, Pack of 12",1
8.82E+12,24006SG,"Thunder Group 24006SG Classic Stone Grey 6"" x 6"" Square Melamine Flare Plate, Pack of 12",1
8.82E+12,24006SB,"Thunder Group 24006SB Classic Stone Blue 6"" x 6"" Square Melamine Flare Plate, Pack of 12",1
8.82E+12,19001SG,"Thunder Group 19001SG Classic Stone Grey 2 oz Melamine Sauce Dish, Pack of 12",1
8.82E+12,1806VT,"Thunder Group 1806VT Victoria 6"" Melamine Lotus Shape Plate, Pack of 12",1
8.82E+12,1806SS,"Thunder Group 1806SS Seaside 6"" Melamine Lotus Shape Plate, Pack of 12",1
8.82E+12,1707VT,"Thunder Group 1707VT Victoria 7-1/2"" Melamine Round Plate, Pack of 12",1
8.82E+12,1704VT,"Thunder Group 1704VT Victoria 4"" Melamine Round Plate, Pack of 12",1
8.82E+12,1704SS,"Thunder Group 1704SS Seaside 4"" Melamine Round Plate, Pack of 12",1
8.82E+12,9036,Reserve by Libbey 9036 12 oz. Modernist DOF Glass - Case of 24 Pcs,1
8.82E+12,9862324,Libbey 9862324 1.5 oz. Tequila Shooter Glass - Case of 72 Pcs,1
8.82E+12,97084,Libbey 97084 16 oz. Customizable Drinking Jar with Handle - Case of 12 Pcs,1
8.82E+12,9562269,Libbey 9562269 2 oz. Tequila Shooter Glass - Case of 72 Pcs,1
8.82E+12,92397,Libbey 92397 15.5 oz. Infinium Wake Tritan Plastic Medium Snack Bowl - Case of 12 Pcs,1
8.82E+12,92170,Libbey 92170 33 oz. Kinetix Glass Water Bottle with Metal Lid - Case of 12 Pcs,1
8.82E+12,92139,Libbey 92139 40.25 oz. Helio Water Bottle - Case of 12 Pcs,1
8.82E+12,92136,Libbey 92136 Gold Metal Drinking Jar / Mason Jar Solid Lid - Case of 72 Pcs,1
8.82E+12,92103,Libbey 92103 16 oz. Drinking Jar / Mason Jar - Case of 12 Pcs,1
8.82E+12,8417,Libbey 8417 16.75 oz. Grande Collection Customizable Fiesta Grande Margarita Glass - Case of 12 Pcs,1
8.82E+12,70216,Libbey 70216 32 oz. Amber Growler with Lid - Case of 12 Pcs,1
8.82E+12,6759B12,Libbey 6759B12 12 1/2 oz. Blue Ribbon Impressions Glass - Case of 12 Pcs,1
8.82E+12,5310,Libbey 5310 11.5 oz. Soda Glass - Case of 24 Pcs,1
8.82E+12,5221,Libbey 5221 1.25 oz. Salt and Pepper Shaker - Case of 24 Pcs,1
8.82E+12,5065,Libbey 5065 11.5 oz. Glass Hottle Server with Black Band - Case of 24 Pcs,1
8.82E+12,3715,Libbey 3715 10.5 oz. Embassy Poco Grande Glass - Case of 24 Pcs,1
8.82E+12,2934VJR75,Libbey 2934VJR75 25.25 oz. Flashback Stirring Glass - Case of 6 Pcs,1
8.82E+12,1965,Libbey 1965 4.75 oz. Glass Votive Candle Holder - Case of 36 Pcs,1
8.82E+12,1794710,Libbey 1794710 21.5 oz. Tempo Square Glass Bowl - Case of 12 Pcs,1
8.82E+12,1789268,Libbey 1789268 26.75 oz. Moderno Glass Cereal Bowl - Case of 12 Pcs,1
8.82E+12,1785473,Libbey 1785473 18 oz. Schooner Glass - Case of 12 Pcs,1
8.82E+12,1722471,Libbey 1722471 21 oz. Schooner Glass - Case of 12 Pcs,1
8.82E+12,17207223,Libbey 17207223 6.75 oz. Garden Jar with Clamp Lid - Case of 6 Pcs,1
8.82E+12,13150121,Libbey 13150121 34 oz. Glacier Oil / Vinegar / Water Bottle with Red Wire Bail Lid - Case of 6 Pcs,1
8.82E+12,6126-HBF600S,"Hamilton Beach 6126-HBF600S Stainless Steel Blender Container, 64 Oz.",1
8.82E+12,BB72HC-1-G-PT-B,"Beverage-Air BB72HC-1-G-PT-B 72"" Black Counter Height Glass Door Pass Through Back Bar Refrigerator",1
8.82E+12,WTR36AHC,"Beverage-Air WTR36AHC 36"" Two Door Worktop Refrigerator with 4"" Foamed In Place Backsplash",1
8.82E+12,311-0080.0000,"American Dish HT-25 4 Wire Single Rack Upright Dish Machine, 3-Door Up, No Booster",1
8.82E+12,BSOT-11,"Winco BSOT-11 11"" Solid Basting Spoon, 1.2mm, Stainless Steel",1
8.82E+12,TN32,"Winco TN32 Turner w/Offset, Wooden Handle, 2"" x 2-1/4"" Blade",1
8.82E+12,BHSP-11,"Winco BHSP-11 11"" Slotted Basting Spoon, Stop Hook Plastic Handle, Stainless Steel",1
8.82E+12,NC-LD,"Winco NC-LD Ladle, Nylon, Heat Resistant",1
8.82E+12,BST-4P,"Winco BST-4P Bar Strainer, 4 Prongs, Stainless Steel",1
8.82E+12,TWP-30,"Winco TWP-30 Mini Turner w/Offset, White PP Handle, 2"" x 2-1/4"" Blade",1
8.82E+12,APZS-8,"Winco APZS-8 8"" Seamless Pizza Screen, Aluminium",1
8.82E+12,CVST-12K,"Winco CVST-12K 12"" PC Serving Tong, Black, Curve",1
8.82E+12,RVS-4,"Winco RVS-4 Tent Sign, ""Reserved"", Stainless Steel",1
8.82E+12,PTOS-8,"Winco PTOS-8 7-3/4"" Salad Tong, Stainless Steel",1
8.82E+12,MSPD-4X,"Winco MSPD-4X Measuring Spoon Set, 4-piece, Deluxe, Stainless Steel",1
8.82E+12,BSON-11,"Winco BSON-11 Winco Prime One-piece Stainless Steel 11"" Solid Basting Spoon, NSF Certified",1
8.82E+12,C-F6,"Winco C-F6 Chafing Fuel, 6 hour, twist cap, 24pcs per box",1
8.82E+12,TMT-RF4,"Winco TMT-RF4 Freezer/Refrig Thermometer, 3-1/2""L, Suction Cup",1
8.82E+12,SC-6R,"Winco SC-6R 6"" Wire Skimmer, Nickel Plated",1
8.82E+12,SP7602,"Winco SP7602 PC Food Pan, 1/6 Size, 2-1/2""",1
8.82E+12,CBWT-610,"Winco CBWT-610 Cutting Board, 6"" x 10"" x 1/2"", White",1
8.82E+12,TMT-RF2,"Winco TMT-RF2 Freezer/Refrig Thermometer, 2"" Dial",1
8.82E+12,CSP-6,Winco CSP-6 Coffee scoop,1
8.82E+12,BR-24,"Winco BR-24 Fryer Brush, L-shaped, 24-1/2""",1
8.82E+12,PPC-2,"Winco PPC-2 Pizza Cutter, 2-1/2""Dia Blade, Black PP Handle",1
8.82E+12,BHON-15,"Winco BHON-15 Winco Prime 15"" Stainless Steel Solid Basting Spoon with Plastic Handle, NSF Certified",1
8.82E+12,BHPN-15,"Winco BHPN-15 Winco Prime 15"" Stainless Steel Perf Basting Spoon with Plastic Handle, NSF Certified",1
8.82E+12,WWB-14,"Winco WWB-14 14"" Salad Bowl, Wooden",1
8.82E+12,TMT-P2,"Winco TMT-P2 Pocket Test Thermometer, -40 to 180F Range",1
8.82E+12,APZS-14,"Winco APZS-14 14"" Seamless Pizza Screen, Aluminium",1
8.82E+12,SPCS,"Winco SPCS Stainless Steel Steam Pan Cover, 1/6 Size, Slotted",1
8.82E+12,TMT-RF1,"Winco TMT-RF1 Freezer/Refrig Thermometer, 2-7/8""L, 2/pk, Suction Cup",1
8.82E+12,0004-02,"Winco 0004-02 Elegance Iced Teaspoon, 18/0 Heavyweight",1
8.82E+12,PPB-1W,"Winco PPB-1W 1qt Liquor/Juice Pour Bottle, White Spout & Lid",1
8.82E+12,PPB-1O,"Winco PPB-1O 1qt Liquor/Juice Pour Bottle, Orange Spout & Lid",1
8.82E+12,CH-13BG,"Winco CH-13BG Chef Hat, 13"", Velcro Closure, Burgundy",1
8.82E+12,TMT-CDF2,"Winco TMT-CDF2 Deepfry/Candy Thermometer, 2"" Dial, 5"" Probe",1
8.82E+12,BW-SL2,"Winco BW-SL2 11-3/4"" Slotted Spoon, Hollow Handle, Stainless Steel",1
8.82E+12,TWP-91P,"Winco TWP-91P Perf Flexible Turner w/Offset, Purple PP Handle, 8-1/4"" x 2-7/8""Blade, AllergenFree",1
8.82E+12,SPJH-1802,"Winco SPJH-1802 Straight-sided Steam Pan, 1/18 Size, 2"", 22 Ga Stainless Steel",1
8.82E+12,BW-DK9,"Winco BW-DK9 9"" Slicer/Wedding Cake Knife, Hollow Handle, Stainless Steel",1
8.82E+12,SPJH-902,"Winco SPJH-902 Anti-jam Steam Pan, 1/9 Size, 2-1/2"", 22 Ga Stainless Steel",1
8.82E+12,FB-DIV,"Winco FB-DIV Fryer Basket Divider, Fits FB-10/25/30",1
8.82E+12,PWC-4,"Winco PWC-4 Pizza Cutter, 4""Dia Blade, Wooden Handle",1
8.82E+12,PSUD-32,"Winco PSUD-32 32oz Syrup Dispenser, Plastic",1
8.82E+12,SP7302,"Winco SP7302 PC Food Pan, 1/3 Size, 2-1/2""",1
8.82E+12,GLP-M,"Winco GLP-M Disposable Gloves, PE Textured, MED, 500pcs/box",1
8.82E+12,FST-6,"Winco FST-6 Fish Spatula, Wooden Handle, 6.5"" Blade",1
8.82E+12,KDB-7,"Winco KDB-7 Kady Bowl with Welded Handles, Stainless Steel, 40 oz., 7"" Dia., 1.5"" H",1
8.82E+12,SPS4,"Winco SPS4 Straight-sided Steam Pan, 1/6 Size, 4"", 25 Ga Stainless Steel",1
8.82E+12,0002-08,"Winco 0002-08 Windsor Dinner Knife, 18/0 Medium Weight",1
8.82E+12,PSUD-48,"Winco PSUD-48 48oz Syrup Dispenser, Plastic",1
8.82E+12,SPSCT,"Winco SPSCT Stainless Steel Steam Pan Cover, 1/3 Size, Solid",1
8.82E+12,SPCT,"Winco SPCT Stainless Steel Steam Pan Cover, 1/3 Size, Slotted",1
8.82E+12,SBS-11PP,"Winco SBS-11PP Purple Silicone Baking Mat, Quarter-size, 8-1/4"" x 11-3/4"", Allergen Free",1
8.82E+12,SGN-802,"Winco SGN-802 Stanchion  Sign, ""Please Wait To Be Seated""",1
8.82E+12,SPJL-604,"Winco SPJL-604 Anti-jam Steam Pan, 1/6 Size, 4"", 25 Ga Stainless Steel",1
8.82E+12,SP7304,"Winco SP7304 PC Food Pan, 1/3 Size, 4""",1
8.82E+12,PGW-1216,"Winco PGW-1216 Pan Grate for Half-size Sheet Pan, 12"" x 16-1/2"", Chrome Plated",1
8.82E+12,AES-1,"Winco AES-1 Egg Slicer, Round, Aluminum",1
8.82E+12,PGWS-810,"Winco PGWS-810 Pan Grate for Half-size Steam Pan, 8"" X 10"", Stainless Steel",1
8.82E+12,HLP-53,"Winco HLP-53 Loaf Pan, 3/8 Lb, 5-5/8""x3-1/8""x2-1/4""H, 0.4mm, Silicon Glaze, Aluminium Steel",1
8.82E+12,SPS-TS8,"Winco SPS-TS8 8"" Drizzling Plating Spoon w/ Tapered Spout",1
8.82E+12,PCM-1416,"Winco PCM-1416 Double-sided Cake Marker, 14 & 16 Slices, White",1
8.82E+12,0081-08,"Winco 0081-08 Dominion Dinner Knife, 1doz/pk, 18/0 Medium Weight",1
8.82E+12,JB2920,"Winco JB2920 20oz Teapot, Gooseneck, Stainless Steel",1
8.82E+12,BTM-16W,"Winco BTM-16W Microfiber Towel, 16"" x 16"", 6pcs/pk, White",1
8.82E+12,BTM-16AC,"Winco BTM-16AC Microfiber Towel, 16"" x 16"", 6pcs/pk, Various Colors",1
8.82E+12,APL-10,"Winco APL-10 10"" Sizzle Platter, Aluminium",1
8.82E+12,SAP-1.5,"Winco SAP-1.5 1-1/2qt Sauce Pan, Mirror Finish, Stainless Steel",1
8.82E+12,KWP-61N,"Winco KWP-61N 6"" Boning Knife, Brown PP Handle, Narrow",1
8.82E+12,SF-5,"Winco SF-5 5"" Funnel, Wide Mouth, Stainless Steel",1
8.82E+12,WRP-20F,"Winco WRP-20F French Rolling Pin, Tapered, Wood",1
8.82E+12,TTG-8S,"Winco TTG-8S Tweezer tong, straight, 8""",1
8.82E+12,KWP-60R,"Winco KWP-60R 6"" Boning Knife, Red PP Handle, Curved",1
8.82E+12,JB2928,"Winco JB2928 28oz Teapot, Gooseneck, Stainless Steel",1
8.82E+12,0010-01,"Winco 0010-01 Lisa Teaspoon, 18/0 Heavyweight",1
8.82E+12,PSW-16R,"Winco PSW-16R 16oz Squeeze Bottles, Wide Mouth, Red, 6pcs/pk",1
8.82E+12,PSW-16,"Winco PSW-16 16oz Squeeze Bottles, Wide Mouth, Clear, 6pcs/pk",1
8.82E+12,SPJP-604,"Winco SPJP-604 Anti-jam Steam Pan, 1/6 Size, 4"", 23 Ga Stainless Steel",1
8.82E+12,WPCB-60,"Winco WPCB-60 60oz PC Beer Pitcher, Clear",1
8.82E+12,KC-201R,"Winco KC-201R Chinese Cleaver, Wooden Handle, 2"" Blade",1
8.82E+12,TTH-1,"Winco TTH-1 Toilet Tissue Holder, Single Roll, Chrome Plated",1
8.82E+12,SPH1,"Winco SPH1 Straight-sided Steam Pan, Half-size, 1-1/4"", 25 Ga Stainless Steel",1
8.82E+12,ICD-6,"Winco ICD-6 Ice Cream Disher, Size 6, Plastic Handle, White",1
8.82E+12,ICD-20,"Winco ICD-20 Ice Cream Disher, Size 20, Plastic Handle, Yellow",1
8.82E+12,ICD-10,"Winco ICD-10 Ice Cream Disher, Size 10, Plastic Handle, Ivory",1
8.82E+12,PTSC-6,"Winco PTSC-6 6qt Square Storage Container, Translucent, PP",1
8.82E+12,SPH2,"Winco SPH2 Straight-sided Steam Pan, Half-size, 2-1/2"", 25 Ga Stainless Steel",1
8.82E+12,TWP-42P,"Winco TWP-42P Turner w/Offset, Purple PP Handle, 8"" x 4"" Blade, Allergen Free",1
8.82E+12,UTPH-16B,"Winco UTPH-16B 16"" Stainless Steel Utility Tong, PP Handle, Blue",1
8.82E+12,SPJH-906GN,"Winco SPJH-906GN GN Steam Pan, 1/9 Size, 6"", 22 Ga Stainless Steel",1
8.82E+12,TTG-10C,"Winco TTG-10C Tweezer tong, curved, 10""",1
8.82E+12,SPS6,"Winco SPS6 Straight-sided Steam Pan, 1/6 Size, 6"", 25 Ga Stainless Steel",1
8.82E+12,BTW-30,"Winco BTW-30 Cotton Bar Towel, 16"" x 19"", White",1
8.82E+12,AFP-7NS,"Winco AFP-7NS 7"" Aluminium Fry Pan, Majestic, Non-stick",1
8.82E+12,G-105,"Winco G-105 Paneled Shakers, 1oz, Mushroom Tops",1
8.82E+12,SBW-35,"Winco SBW-35 Butter Warmer, 4-pc Set",1
8.82E+12,ST-105SF,"Winco ST-105SF 10-1/2"" Salad Tong, Spoon/Fork Scissor Style, Stainless Steel",1
8.82E+12,SPJH-604,"Winco SPJH-604 Anti-jam Steam Pan, 1/6 Size, 4"", 22 Ga Stainless Steel",1
8.82E+12,SIZ-11B,"Winco SIZ-11B Sizzle Platter, Rectangular, 11"" x 7"", Stainless Steel",1
8.82E+12,NLG-816,"Winco NLG-816 Natural Latex Gloves, 8-1/2"" x 16"", Yellow",1
8.82E+12,SIZ-11,"Winco SIZ-11 Sizzle Platter, Oval, 11"", Stainless Steel",1
8.82E+12,SPJL-606,"Winco SPJL-606 Anti-jam Steam Pan, 1/6 Size, 6"", 25 Ga Stainless Steel",1
8.82E+12,VC-LF,"Winco VC-LF Self Leveling Foot for VC & VEX-series Wire Shelves, 4 SET",1
8.82E+12,ACP-122,"Winco ACP-122 Layer Cake Pan, 12""Dia x 2""H, Aluminium",1
8.82E+12,0014-08,"Winco 0014-08 Heavy Dominion Dinner Knife, 18/0 Heavyweight",1
8.82E+12,RFM-3W,"Winco RFM-3W 3oz Fluted Ramekins, White",1
8.82E+12,GCRA-M,"Winco GCRA-M Cut Resistant Glove, M, Antimicrobial Agent, ANSI Lvl A5, Gray, Green Wristband",1
8.82E+12,PMU-200,"Winco PMU-200 2qt Measuring Cup, PC",1
8.82E+12,WA-2819K,"Winco WA-2819K Bistro Apron, 28""x19"", half size, Black",1
8.82E+12,TB-22,"Winco TB-22 Taco Salad Bowl Fry Basket, Triangle, 18"" Handle",1
8.82E+12,SPJM-202,"Winco SPJM-202 Anti-jam Steam Pan, Half-size, 2-1/2"", 24 Ga Stainless Steel",1
8.82E+12,SBS-16PP,"Winco SBS-16PP Purple Silicone Baking Mat, Half-size, 11-5/8"" x 16-1/2"", Allergen Free",1
8.82E+12,KWP-70R,"Winco KWP-70R 7"" Santoku Knife, Red PP Handle",1
8.82E+12,KWP-70N,"Winco KWP-70N 7"" Santoku Knife, Brown PP Handle",1
8.82E+12,CBWT-1218,"Winco CBWT-1218 Cutting Board, 12"" x 18"" x 1/2"", White",1
8.82E+12,0004-08,"Winco 0004-08 Elegance Dinner Knife, 18/0 Heavyweight",1
8.82E+12,0026-03,"Winco 0026-03 Elite Dinner Spoon, 18/0 Heavyweight",1
8.82E+12,KFP-50,"Winco KFP-50 5"" Utility Knife, Triple Riveted, Full Tang Forged Blade",1
8.82E+12,AFP-7,"Winco AFP-7 7"" Aluminium Fry Pan, Majestic, Mirror Finish",1
8.82E+12,WB-4,Winco WB-4 4qt Wine Bucket,1
8.82E+12,AMT-2,"Winco AMT-2 Meat Tenderizer, 2-Sided, Aluminium",1
8.82E+12,PMSB-4,"Winco PMSB-4 4oz Molcajete Salsa Bowls, 4pcs/pk",1
8.82E+12,RFM-4K,"Winco RFM-4K 4oz Fluted Ramekins, Black",1
8.82E+12,RFM-4B,"Winco RFM-4B 4oz Fluted Ramekins, Bone",1
8.82E+12,HLF-150,"Winco HLF-150 1-1/2 Lb. Loaf Pan, 10""L x 5""W x 3""H, Aluminium Steel",1
8.82E+12,TBN-100,"Winco TBN-100 Table Numbers, 1-100, 4"" x 3-3/4"", Plastic",1
8.82E+12,MMSC-2W,"Winco MMSC-2W 2-1/2oz Melamine Sauce Cups, White",1
8.82E+12,HSP-083,"Winco HSP-083 8""Dia x 2-3/4""H Springform Cake Pan, Aluminium Steel",1
8.82E+12,0030-09,"Winco 0030-09 Shangarila Demitasse Spoon, 18/8 Extra Heavyweight",1
8.82E+12,WA-3129BK,"Winco WA-3129BK Bistro Apron, Full Length, Black",1
8.82E+12,NLG-1018,"Winco NLG-1018 Natural Latex Gloves, 10"" x 18"", Black",1
8.82E+12,PTMP-18S,"Winco PTMP-18S Potato Masher, Square, 4-1/2"" x 17-3/4"", Plastic Handle",1
8.82E+12,PTMP-18R,"Winco PTMP-18R Potato Masher, Round, 4"" x 18"", Plastic Handle",1
8.82E+12,BAW-2540BK,"Winco BAW-2540BK Dishwashing Apron, 27.5""x 40"", Lightweight, Black",1
8.82E+12,KSTK-102,"Winco KSTK-102 SofTek, 10"" Wide Bread/Pastry Knife, Soft Grip Handle",1
8.82E+12,MXB-2000Q,"Winco MXB-2000Q 20qt Mixing Bowl, Economy, Stainless Steel",1
8.82E+12,SIZ-11BST,"Winco SIZ-11BST Sizzle Platter Set, Rectangular, 11"" x 7"", Stainless Steel with Bakelite Underliner",1
8.82E+12,SPJH-202,"Winco SPJH-202 Anti-jam Steam Pan, Half-size, 2-1/2"", 22 Ga Stainless Steel",1
8.82E+12,MH-2,"Winco MH-2 Menu & Card Holder, Ring, 2-1/2"" x 2 1/3""",1
8.82E+12,SPF1,"Winco SPF1 Straight-sided Steam Pan, Full-size, 1-1/4"", 25 Ga Stainless Steel",1
8.82E+12,KWP-100R,"Winco KWP-100R 10"" Cook's Knife, Red PP Handle",1
8.82E+12,HLP-124,"Winco HLP-124 Loaf Pan, 1-1/2 Lb, 12-1/4""x4-1/2""x2-3/4""H, 0.6mm,Silicon Glaze,Aluminium Steel",1
8.82E+12,CD-64K,"Winco CD-64K 64oz Coffee Decanter, Black, Stainless Steel Base",1
8.82E+12,SPJH-304,"Winco SPJH-304 Anti-jam Steam Pan, 1/3 Size, 4"", 22 Ga Stainless Steel",1
8.82E+12,BABS-12CS,"Winco BABS-12CS After 5, Bar Spoon, 12""L, Teadrop End, 18/8 SS, Crafted Steel Finish",1
8.82E+12,SPJH-606,"Winco SPJH-606 Anti-jam Steam Pan, 1/6 Size, 6"", 22 Ga Stainless Steel",1
8.82E+12,0030-01,"Winco 0030-01 Shangarila Teaspoon, 18/8 Extra Heavyweight",1
8.82E+12,PCSC-6C,"Winco PCSC-6C 6qt Square Storage Container, Clear, PC",1
8.82E+12,BAW-2740BN,"Winco BAW-2740BN Dishwashing Apron, 25.5""x 40"", Heavyweight, Vinyl, Brown",1
8.82E+12,BR-10,"Winco BR-10 Pizza Oven Brush Head, Brass Bristles w/Scraper",1
8.82E+12,UNF-1WS,"Winco UNF-1WS Cook Shirt, Short Sleeves, White, Small",1
8.82E+12,JC-4,"Winco JC-4 Citrus Juicer Set, 5""Dia, Stainless Steel",1
8.82E+12,SPHP4,"Winco SPHP4 Perforated Steam Pan, Half-size, 4"", Stainless Steel",1
8.82E+12,WRP-15,"Winco WRP-15 15"" Wooden Rolling Pin",1
8.82E+12,ASS-10,"Winco ASS-10 Spaghetti Strainer, 10"", Aluminium",1
8.82E+12,CCOD-15S,"Winco CCOD-15S 15"" Colanders, Chinese Style, 2.5mm Holes, Stainless Steel",1
8.82E+12,MXHV-1300,"Winco MXHV-1300 13qt Mixing Bowl, Shallow, Heavy-duty Stainless Steel,0.65mm",1
8.82E+12,0030-04,"Winco 0030-04 Shangarila Bouillon Spoon, 18/8 Extra Heavyweight",1
8.82E+12,SD-100,"Winco SD-100 1L Soap Dispenser, Manual, White",1
8.82E+12,PESC-18,"Winco PESC-18 18qt Square Storage Container, White, PP",1
8.82E+12,BTH-2028G,"Winco BTH-2028G Stripe Herringbone Towel, Green",1
8.82E+12,CBI-1218,"Winco CBI-1218 Cutting Board, Grooved, 12"" x 18"" x-1/2"", White",1
8.82E+12,APP-20,"Winco APP-20 20"" Aluminium Pizza Peel, 6-3/4"" x 9"" Blade",1
8.82E+12,UNF-1KL,"Winco UNF-1KL Cook Shirt, Short Sleeves, Black, Large",1
8.82E+12,PMU-400,"Winco PMU-400 4qt Measuring Cup, PC",1
8.82E+12,SPJP-406,"Winco SPJP-406 Anti-jam Steam Pan, 1/4 Size, 6"", Stainless Steel",1
8.82E+12,SPCTT,"Winco SPCTT Stainless Steel Steam Pan Cover, 2/3 Size, Slotted",1
8.82E+12,CKS-13C,Winco CKS-13C Cover for CKS-13 Cake Stand,1
8.82E+12,SPJH-101,"Winco SPJH-101 Anti-jam Steam Pan, Full Size 1-1/4""D, Stainless Steel",1
8.82E+12,SPJM-306,"Winco SPJM-306 Anti-jam Steam Pan, 1/3 Size, 6"", 24 Ga Stainless Steel",1
8.82E+12,G-117,"Winco G-117 Paneled Shaker, 3oz, Mushroom Top",1
8.82E+12,TMT-DG6,Winco TMT-DG6 Digital Roasting Thermometer w/ Timer & Probe,1
8.82E+12,AFP-10A,"Winco AFP-10A 10"" Aluminium Fry Pan, Gladiator, Natural Finish",1
8.82E+12,SPSCF,"Winco SPSCF Stainless Steel Steam Pan Cover, Full-size, Solid",1
8.82E+12,PTC-10W,"Winco PTC-10W 10 Gallon Round Trash Can, White",1
8.82E+12,SBS-21PP,"Winco SBS-21PP Purple Silicone Baking Mat, Two Third-size 14-7/16"" x 20-1/2"", Allergen Free",1
8.82E+12,SPJH-202PF,"Winco SPJH-202PF Perforated Steam Pan, Half Size 2-1/2""D, 22 Ga Stainless Steel",1
8.82E+12,0031-02,"Winco 0031-02 Peacock Iced Teaspoon, 18/8 Extra Heavyweight",1
8.82E+12,WPP-1442,"Winco WPP-1442 42"" Wood Pizza Peel, 14""x15"" Blade",1
8.82E+12,508-FP,Winco 508-FP Food Pan for 508,1
8.82E+12,KFP-70,"Winco KFP-70 7"" Santoku Knife, Triple Riveted, Full Tang Forged Blade",1
8.82E+12,WB-8,Winco WB-8 8qt Wine Bucket,1
8.82E+12,WBS-R,"Winco WBS-R Wine Bottle Stopper, Red Collar",1
8.82E+12,0039-01,"Winco 0039-01 Chantelle Teaspoon, 18/8 Extra Heavyweight",1
8.82E+12,PTRC-18,"Winco PTRC-18 18qt Round Storage Container, Translucent, PP",1
8.82E+12,SPF4,"Winco SPF4 Straight-sided Steam Pan, Full-size, 4"", 25 Ga Stainless Steel",1
8.82E+12,PESC-22,"Winco PESC-22 22qt Square Storage Container, White, PP",1
8.82E+12,UNF-5WXXL,"Winco UNF-5WXXL Relaxed Chef's Jacket, White, 2XL",1
8.82E+12,UNF-5WS,"Winco UNF-5WS Relaxed Chef's Jacket, White, Small",1
8.82E+12,UNF-5WM,"Winco UNF-5WM Relaxed Chef's Jacket, White, Medium",1
8.82E+12,MXBT-2000Q,"Winco MXBT-2000Q 20qt All-Purpose True Capacity Mixing Bowl, Stainless Steel",1
8.82E+12,SPJH-204PF,"Winco SPJH-204PF Perforated Steam Pan, Half Size 4""D, 22 Ga Stainless Steel",1
8.82E+12,SPJL-104,"Winco SPJL-104 Anti-jam Steam Pan, Full-size, 4"", 25 Ga Stainless Steel",1
8.82E+12,MMPR-6,"Winco MMPR-6 6-3/8"" Melamine Round Plates, Tan",1
8.82E+12,AFP-12S,"Winco AFP-12S 12"" Aluminium Fry Pan, Majestic, Satin Finish",1
8.82E+12,BR-30,"Winco BR-30 Pizza Oven Brush, Stainless Steel Bristles, 30"" Handle",1
8.82E+12,WPP-1642,"Winco WPP-1642 42"" Wood Pizza Peel, 16""x17-1/2"" Blade",1
8.82E+12,0035-03,"Winco 0035-03 Victoria Dinner Spoon, 18/8 Extra Heavyweight",1
8.82E+12,SPJH-306,"Winco SPJH-306 Anti-jam Steam Pan, 1/3 Size, 6"", 22 Ga Stainless Steel",1
8.82E+12,PFFW-3,"Winco PFFW-3 Food Storage Box, 18"" x 26"" x 3"", White, PP",1
8.82E+12,UNF-2KM,"Winco UNF-2KM Chef Pants, Black, Medium",1
8.82E+12,PCRC-12,"Winco PCRC-12 12qt Round Storage Container, Clear, PC",1
8.82E+12,UNF-6WXXL,"Winco UNF-6WXXL Tapered Chef Men's Jacket, White, 2XL",1
8.82E+12,KFP-85,"Winco KFP-85 8"" Chef's Knife, With Short Bolster",1
8.82E+12,0036-04,"Winco 0036-04 Deluxe Pearl Bouillon Spoon, 18/8 Extra Heavyweight",1
8.82E+12,AFP-12A,"Winco AFP-12A 12"" Aluminium Fry Pan, Gladiator, Natural Finish",1
8.82E+12,0033-03,"Winco 0033-03 Oxford Dinner Spoon, 18/8 Extra Heavyweight",1
8.82E+12,SPJM-104,"Winco SPJM-104 Anti-jam Steam Pan, Full-size, 4"", 24 Ga Stainless Steel",1
8.82E+12,SP-612,"Winco SP-612 Salt & Pepper Grinder Set, Wooden, Black",1
8.82E+12,BGPZ-20,"Winco BGPZ-20 Pizza Delivery Bag, 20"" x 20"" x 5""",1
8.82E+12,TD-120S,"Winco TD-120S Toilet Paper Dispenser, Single Jumbo Roll, 11""Dia",1
8.82E+12,KFP-101,"Winco KFP-101 10"" Granton Edge Slicer, Triple Riveted, Full Tang Forged Blade",1
8.82E+12,CBRD-1824,"Winco CBRD-1824 Cutting Board, 18"" x 24"" x 1/2"", Red",1
8.82E+12,SPF2-HD,"Winco SPF2-HD Steam Pan w/Handles, Full-size, Stainless Steel",1
8.82E+12,0035-08,"Winco 0035-08 Victoria Dinner Knife, Extra Heavyweight",1
8.82E+12,ASET-3,"Winco ASET-3 Elemental Aluminium, 3 Qt Saute Pan, 4mm",1
8.82E+12,0030-08,"Winco 0030-08 Shangarila Dinner Knife, Extra Heavyweight",1
8.82E+12,0035-16,"Winco 0035-16 Victoria Salad Knife, Extra Heavyweight",1
8.82E+12,AFP-12NS,"Winco AFP-12NS 12"" Aluminium Fry Pan, Majestic, Non-stick",1
8.82E+12,CSFP-11,"Winco CSFP-11 10-3/8"" French Style Fry Pan, Polished Carbon Steel (Spain)",1
8.82E+12,EPSG-P52D,"Winco EPSG-P52D Handle for Twin Grills (EPG-2 / ESG-2), Include Metal Rod and 2 Screws",1
8.82E+12,AFP-12,"Winco AFP-12 12"" Aluminium Fry Pan, Majestic, Mirror Finish",1
8.82E+12,SSFP-8NS,"Winco SSFP-8NS 8"" Stainless Steel Fry Pan, Non-stick",1
8.82E+12,SDML-1K,"Winco SDML-1K Pur-Clean, Manual Liquid Soap Dispenser, Black, 1000ml",1
8.82E+12,CSPP-14E,"Winco CSPP-14E 14-1/8"" Paella Pan, Enameled Carbon Steel (Spain)",1
8.82E+12,KFP-84,"Winco KFP-84 Chef's Knife with Hollow Ground, 8""",1
8.82E+12,SPJH-102PF,"Winco SPJH-102PF Stainless Steel Perforated Steam Pan, 2-1/2""",1
8.82E+12,ISP-3,"Winco ISP-3 Cast Iron Fajita Platter with Gripper, 3 Piece Set",1
8.82E+12,FCS-3,Winco FCS-3 Stainless Steel Food Chopper with Plastic Base,1
8.82E+12,CBK-1520RD,"Winco CBK-1520RD Red Cutting Board with Hook, 15"" x 20"" x 1/2""",1
8.82E+12,CCP-10A,"Winco CCP-10A Non-stick Aluminium Carbon Steel Angel Food Cake Pan, 10""",1
8.82E+12,708-WP,Stainless Steel Round Water Pan for 6 Qt. 708 Crown Chafer,1
8.82E+12,AFP-12NS-H,"Winco AFP-12NS-H Non-stick Aluminium Fry Pan with Sleeve, 12""",1
8.82E+12,SPFD-2R,Winco SPFD-2R Round Divided Food Pan for 6 Qt. Chafer,1
8.82E+12,ALXP-1200,"Winco ALXP-1200 Aluminum Sheet Pan, 18"" x 26""",1
8.82E+12,AMT-4,Winco AMT-4 2 Sided Heavy Aluminum Meat Tenderizer,1
8.82E+12,MXB-3000Q,Winco MXB-3000Q 30qt Stainless Steel Mixing Bowl,1
8.82E+12,TD-300,Winco TD-300 M-Fold and C-Fold Paper Towel Dispenser,1
8.82E+12,602-FP,Winco 602-FP Food Pan for 602 Chafers,1
8.82E+12,SPP-1218,"Winco SPP-1218 Sicilian Non-stick Pizza Pan, 12"" x 18"" x 1""",1
8.82E+12,PCSC-18C,"Winco PCSC-18C Square Clear Polycarbonate Storage Container, 18 Qt",1
8.82E+12,SPJP-106,"Winco SPJP-106 6"" Stainless Steel Full-size Anti-jam Steam Pan, 23 Gauge",1
8.82E+12,PFSH-9,"Winco PFSH-9 Clear Polycarbonate Food Storage Box, 12"" x 18"" x 9""",1
8.82E+12,ASET-5,"Winco ASET-5 Elemental Aluminum Saute Pan, 5 Qt, 4mm",1
8.82E+12,AFP-14NS,"Winco AFP-14NS Non-stick Aluminium Fry Pan, 14""",1
8.82E+12,MMPR-8W,"Winco MMPR-8W Round Melamine Plates, 7-7/8""",1
8.82E+12,MMPR-8,"Winco MMPR-8 Tan Melamine Round Plates, 7-7/8""",1
8.82E+12,40006,"Winco 40006 Benchmark Popcorn Portion Packs for 6 oz Popcorn Machines, 24 Packs",1
8.82E+12,SPJH-104PF,"Winco SPJH-104PF 4"" Stainless Steel Perforated Steam Pan, 22 Gauge",1
8.82E+12,AFP-12XC-H,"Winco AFP-12XC-H 12"" Aluminum Fry Pan with Handle Sleeve and Excalibur Non-Stick Coating",1
8.82E+12,AFP-14,"Winco AFP-14 Aluminium Fry Pan with Mirror Finish, 14""",1
8.82E+12,TGFP-7,"Winco TGFP-7 Triply Stainless Steel Fry Pan, 7""",1
8.82E+12,TPC-8C,"Winco TPC-8C Cast Iron Tortilla Press, 8""",1
8.82E+12,0039-08,"Winco 0039-08 Chantelle Dinner Knife, Extra Heavyweight",1
8.82E+12,AFPI-12H,"Winco AFPI-12H 12"" Induction Ready Aluminum Fry Pan with Stainless Steel Bottom with Sleeves",1
8.82E+12,PCRC-22,"Winco PCRC-22 Polycarbonate Clear Round Storage Container, 22 Qt",1
8.82E+12,SSSP-3,"Winco SSSP-3 Stainless Steel Sauce Pan with Cover, 3-1/2qt",1
8.82E+12,WOK-14W,"Winco WOK-14W Stainless Steel Welded Joint Wok, 14-Inch",1
8.82E+12,ALST-12,"Winco ALST-12 Elemental Aluminium Stock Pot, 12 Qt, 4mm",1
8.82E+12,0039-10,"Winco 0039-10 Chantelle Tablespoon, Extra Heavyweight",1
8.82E+12,SPP-1616,"Winco SPP-1616 Non-Stick Sicilian Pizza Pan, 16"" x 16"" x 1""",1
8.82E+12,PTCS-23BE,"Winco PTCS-23BE 23 Gallon Beige Square Trash Can, 15-5/8"" x 30-3/4""",1
8.82E+12,PL-6N,"Winco PL-6N Plastic Dough Box, 25-1/2"" x 17-1/2"" x 6""",1
8.82E+12,40017,"Winco 40017 Benchmark Buttery Popcorn Topping, 1 Gallon",1
8.82E+12,SSFP-11NS,"Winco SSFP-11NS Stainless Steel Non-Stick Fry Pan, 11""",1
8.82E+12,SSET-3,"Winco SSET-3 Stainless Steel Saute Pan with Cover, 3 Qt",1
8.82E+12,EHL-PH-B,Winco EHL-PH-B Black Universal Dump Station Pan Holder for EHL-3C,1
8.82E+12,AP-535,"Winco AP-535 Stainless Steel Glass Lined Airpot with Push Button Top, 3L",1
8.82E+12,603-FP,Winco 603-FP Food Pan for 603 Chafing Dishes,1
8.82E+12,MG-10,Winco MG-10 Heavy-Duty Manual Cast Iron Meat Grinder #10 Hub,1
8.82E+12,MHH-36,"Winco MHH-36 Mop / Broom Rack with Rubber Bristles, 36""",1
8.82E+12,GBK-348,"Winco GBK-348 Grill Brick, 3-1/2"" x 4"" x 8""",1
8.82E+12,40011,"Winco 40011 Benchmark Popcorn Coconut Oil, 1 Gallon",1
8.82E+12,AMF-24NS,"Winco AMF-24NS 24 Cup Aluminium Non-stick Muffin Pan, 3 Oz",1
8.82E+12,SPB-35,"Winco SPB-35 Stainless Steel Punch Bowl with Handles, 3-1/2 Gallon",1
8.82E+12,41001,"Winco 41001 Benchmark Paper Popcorn Bags, 1 Oz",1
8.82E+12,TGFP-10,"Winco TGFP-10 Triply Stainless Steel Fry Pan, 10""",1
8.82E+12,WCB-1520,"Winco WCB-1520 Wooden Cutting Board, 15"" x 20""",1
8.82E+12,VEX-1448,"Winco VEX-1448 Epoxy Coated Wire Shelf, 14"" x 48""",1
8.82E+12,SCAL-D22,Winco SCAL-D22 Digital 22 Round Portion Control Scale,1
8.82E+12,SST-8,"Winco SST-8 Stainless Steel Stock Pot with Cover, 8qt",1
8.82E+12,ALRP-1826,Winco ALRP-1826 Aluminium Bake/Roast Pan,1
8.82E+12,VCB-24,"Winco VCB-24 Chrome Plated Wall Mount Shelving Brackets, 24""W, 1 Pair",1
8.82E+12,NPM-7,"Winco NPM-7 Stainless Stell Pasta Maker with Detachable Cutter, 7""",1
8.82E+12,101-WP,Winco 101-WP Water Pan for 101A & 101B Virtuoso Chafer,1
8.82E+12,FMC-35C,"Winco FMC-35C Charcoal Carpet Floor Mat, 3' x 5'",1
8.82E+12,RBM-35R,"Winco RBM-35R Red Beveled Edges Rubber Floor Mat, 3' x 5' x 1/2""",1
8.82E+12,PTCS-35G,"Winco PTCS-35G 35 Gallon Gray Square Trash Can, 19-1/2"" x 27-5/8""",1
8.82E+12,PTCS-35BE,"Winco PTCS-35BE 35 Gallon Beige Square Trash Can, 19-1/2"" x 27-5/8""",1
8.82E+12,KBG-29,"Winco KBG-29 Triple-zip Knife Bag, 29 Slots",1
8.82E+12,ALHP-12,"Winco ALHP-12 Elemental Aluminium Stock Pot, 12 Qt, 6mm",1
8.82E+12,TGAP-2,"Winco TGAP-2 Triply Stainless Steel Sauce Pan with Cover, 1.5 Qt",1
8.82E+12,ALB-18,"Winco ALB-18 Elemental Aluminium Brazier, 18 Qt, 4mm",1
8.82E+12,ABPN-6,"Winco ABPN-6 6 Slots Aluminium Baguette Pan, 18""x26""x1""",1
8.82E+12,207,"Winco 207 Stainless Steel Soup Warmer, 7 Qt",1
8.82E+12,41002,"Winco 41002 Benchmark Paper Popcorn Bags, 1.5 oz., 1000 Bags/Pack",1
8.82E+12,RBM-35R-R,"Winco RBM-35R-R Red Beveled Edges Rubber Floor Mat, 3' x 5' x 1/2""",1
8.82E+12,C-3080B,"Winco C-3080B Stainless Steel Newburg Chafer, 8 Qt",1
8.82E+12,TGET-2,"Winco TGET-2 Triply Stainless Steel Saute Pan with Cover, 2 Qt",1
8.82E+12,904,"Winco 904 2-1/4 Gallon Beverage Dispenser, 9-1/8"" x 10"" x 22""",1
8.82E+12,HMF-35T,"Winco HMF-35T 3.8 Oz Aluminium Steel Cupcake Pan, 17-7/8"" x 25-7/8""",1
8.82E+12,ALRP-1826H,"Winco ALRP-1826H Aluminium Bake/Roast Pan with Handle, 17-3/4"" x 25-3/4"" x 3-1/2""",1
8.82E+12,ASHP-14,"Winco ASHP-14 Elemental Aluminium Sauce Pot, 14 Qt, 6mm",1
8.82E+12,VEX-2172,"Winco VEX-2172 Epoxy Coated Wire Shelf, 21"" x 72""",1
8.82E+12,VTS-3G,Winco VTS-3G Turning Slicer,1
8.82E+12,TGAP-4,"Winco TGAP-4 Triply Stainless Steel Sauce Pan with Cover, 3.5 Qt",1
8.82E+12,SSET-7,"Winco SSET-7 Stainless Steel Saute Pan with Cover, 7 Qt",1
8.82E+12,ASSP-40,"Winco ASSP-40 Elemental Aluminium Sauce Pot, 40 Qt, 4mm",1
8.82E+12,HMF-24S,"Winco HMF-24S Aluminium Steel Jumbo Muffin Pan, 17-7/8""x 25-7/8"", 7 Oz",1
8.82E+12,FMC-46U,"Winco FMC-46U Burgundy Carpet Floor Mat, 4' x 6'",1
8.82E+12,FMC-46C,"Winco FMC-46C Charcoal Carpet Floor Mat, 4' x 6'",1
8.82E+12,TGSP-6,"Winco TGSP-6 Triply Stainless Steel Stock Pot with Cover, 6 Qt",1
8.82E+12,VC-2172,"Winco VC-2172 Chrome Plated Wire Shelf, 21"" x 72""",1
8.82E+12,ASDR-1448,"Winco ASDR-1448 Aluminium Dunnage Rack, 14"" x 48"" x 8""",1
8.82E+12,TDAC-8W,Winco TDAC-8W Pur-Clean White Auto Cut Roll Towel Dispenser,1
8.82E+12,TGSP-8,"Winco TGSP-8 Triply Stainless Steel Stock Pot with Cover, 8 Qt",1
8.82E+12,XLB-44,"Winco XLB-44 AccelMix Commercial Blender, 44 oz, 120V",1
8.82E+12,MBBE-1,Winco MBBE-1 Natural Display Easel with Wooden Frame,1
8.82E+12,C-RCF,"Winco C-RCF Roll Top Cover for Food Pan, 20-3/4 x 13"" x 11-7/8""",1
8.82E+12,408-1,"Winco 408-1 Crown Stainless Steel Chafer, 8 Qt",1
8.82E+12,SSDB-12S,"Winco SSDB-12S Stainless Steel Steamer/Pasta Cooker, 12 Qt",1
8.82E+12,TGAP-7,"Winco TGAP-7 Triply Stainless Steel Sauce Pans with Cover, 7 Qt",1
8.82E+12,RBMH-35R-R,"Winco RBMH-35R-R Red Grease-Proof Rubber Floor Mat, 3' x 5' x 3/4""",1
8.82E+12,ALBH-28,"Winco ALBH-28 Elemental Aluminium Brazier, 28 Qt, 6mm",1
8.82E+12,ADRK-2048,"Winco ADRK-2048 Aluminium Dunnage Rack, 20"" x 48"" x 12""",1
8.82E+12,ALST-60,"Winco ALST-60 Elemental Aluminium Stock Pot, 60 Qt, 4mm",1
8.82E+12,CBM-1218,Winco CBM-1218 Custom Made Cutting Board for FVS-1 Mounting,1
8.82E+12,SST-24,Winco SST-24 24qt Stainless Steel Stock Pot with Cover,1
8.82E+12,SSLB-20,"Winco SSLB-20 Stainless Steel Brazier, 20 Qt",1
8.82E+12,ALRP-1824L,"Winco ALRP-1824L Aluminium Roast Pan with Straps and Lugs,18"" x 24"" x 4-1/2""",1
8.82E+12,G-116,"Winco G-116 Syrup Dispenser, 14oz",1
8.82E+12,APS-20,"Winco APS-20 Aluminium Pasta Cooker, 20 Qt",1
8.82E+12,SPC-7H,Winco SPC-7H 7-Piece Stainless Steel Cookware Set,1
8.82E+12,PMG-1M,Winco PMG-1M Stainless Steel Medium Reversible Red Protective Mesh Glove,1
8.82E+12,EWB-100A,"Winco EWB-100A Stainless Steel Water Boiler, 110-120V, 1500W",1
8.82E+12,ALB-40,"Winco ALB-40 Elemental Aluminium Brazier, 40 Qt, 4mm",1
8.82E+12,HCD-500,"Winco HCD-500 Kattex Quick Slice 1/2"" Chopper and Dicer",1
8.82E+12,FW-7R250,"Winco FW-7R250 7 Qt Electric Round Food Warmer, 120V, 550W",1
8.82E+12,ASHP-60,"Winco ASHP-60 Elemental Aluminium Sauce Pot, 60 Qt, 6mm",1
8.82E+12,OS-250B,"Winco OS-250B 1/4"" Blade Set Assembly for Kattex OS-188 / OS-250 Onion Slicers, 2 Pieces",1
8.82E+12,TGBZ-14,Winco TGBZ-14 14qt Triply Stainless Steel Brazier with Cover,1
8.82E+12,SUC-40,"Winco SUC-40 Stainless Steel 3 Tiers Utility Trolley, 33.5""x18""x35.5""",1
8.82E+12,TTS-250S,"Winco TTS-250S Kattex 1/4"" Serrated Blade Tomato Slicer",1
8.82E+12,EIC-400E,"Winco EIC-400E Commercial Countertop Induction Range / Cooker - 120v, 1800w",1
8.82E+12,908,"Winco 908 Beverage Dispenser 3-1/8 Gallon Capacity 11-1/2"" X 13-1/2"" X 21""",1
8.82E+12,FW-11R500,"Winco FW-11R500 11 Qt, Round Food Warmer/Cooker, 120V, 1250 W",1
8.82E+12,TGSP-20,Winco TGSP-20 20 Qt. Tri-Ply Induction Ready Stock Pot with Cover,1
8.82E+12,ESH-36,"Winco ESH-36 36"" Electric Strip Heater With Undermount Brackets, 7.0A, 850W",1
8.82E+12,ECU-100A-I,"Winco ECU-100A-I Commercial 100-Cup Stainless Steel Coffee Urn, 220-240V, 1650W",1
8.82E+12,IB-21,Winco IB-21 21 Gallon Ingredient Bin with Brake Casters and Scoop,1
8.82E+12,ESH-1,"Winco ESH-1 24"" Electric Strip Heater with Adjustable Stand",1
8.82E+12,SST-60,Winco SST-60 60 Qt Stainless Steel Stock Pot with Cover,1
8.82E+12,64020,Winco 64020 Benchmark Plexiglass Sneeze Guard for 20 Dog Roller Grill,1
8.82E+12,SBD-1.5,Winco SBD-1.5 1.5 Gallon Beverage Dispenser with Sight Glass,1
8.82E+12,ALRK-3,Winco ALRK-3 Aluminum Sheet Pan Truck,1
8.82E+12,ALHP-120,"Winco ALHP-120 120 Qt Elemental Aluminium Stock Pot with 4 Handles, 6mm",1
8.82E+12,AWRK-10,"Winco AWRK-10 10-Tier Aluminium Sheet Pan Rack, Half-Height, 3"" Spacing",1
8.82E+12,ABBC-6,Winco ABBC-6 6 Tiers Bus Box Cart,1
8.82E+12,30080,Winco 30080 Benchmark Pedestal Base for Premiere Popcorn Machines,1
8.82E+12,POP-8RC,"Winco POP-8RC Red Popcorn Cart with 22"" Spoked Wheels for POP-8R",1
8.82E+12,PKTS-2D,Winco PKTS-2D Condiment Dispenser with 2 Standard Pumps,1
8.82E+12,EHDG-7R,Winco EHDG-7R Spectrum Hot Dog Roller with Non-Stick 7 Rollers with Teflon Coating,1
8.82E+12,ADC-4,Winco ADC-4 Acrylic Display Case with 4 Trays,1
8.82E+12,EMW-1000SD,"Winco EMW-1000SD Spectrum Commercial Stainless Steel Dial Control Microwave, 1000 W",1
8.82E+12,EICS-18C,"Winco EICS-18C Commercial Countertop Induction Cooker with NEMA 5-20P Plug, 120V, 1800W",1
8.82E+12,EIDS-34,"Winco EIDS-34 Commercial Drop-In Induction Cooker, 240V, 3400W",1
8.82E+12,905B,Winco 905B 5 Gallon Stainless Steel Virtuoso Coffee Urn,1
8.82E+12,62010,"Winco 62010 Benchmark Stainless Steel 10 Hot Dog Roller Grill, 120V, 420W",1
8.82E+12,POP-8R,"Winco POP-8R Show Time Red Electric 8 Oz. Popcorn Machine, 120V, 1350 W",1
8.82E+12,EGD-16M,"Winco EGD-16M 16"" Spectrum Electric Griddle, 120 V",1
8.82E+12,EPG-1C,"Winco EPG-1C Single Panini Grill with 14"" Ribbed Plate, 120V, 1750W, 14.5A",1
8.82E+12,51072W,"Winco 51072W Benchmark Chicken Wings Warmer, 120V",1
8.82E+12,51073H,"Winco 51073H Benchmark Hot Fudge/Caramel Warmer with Pump, Ladle and Lid, 120V",1
8.82E+12,60072,"Winco 60072 Benchmark Mini Cart Hot Dog Steamer, 120 V",1
8.82E+12,108A,"Winco 108A Vintage Stainless Stee 8qt Full-size Chaferl with Gold Accent, Extra Heavyweight",1
8.82E+12,CCM-28M,"Winco CCM-28M ShowTime Cotton Candy Machine with 20.5"" Stainless Steel Bowl and Cart, 1080W",1
8.82E+12,EGD-24M,"Winco EGD-24M Spectrum 24"" Electric Griddle with Plug and Lead, 240 Volts",1
8.82E+12,51074P,"Winco 51074P Benchmark Dual Well Warmer 2- Pumps, 120v",1
8.82E+12,51074H,"Winco 51074H Benchmark Hot Fudge/Caramel Warmer 2-pumps, 120v",1
8.82E+12,51074A,"Winco 51074A Benchmark Chili & Cheese Warmer 2-pumps, 120v",1
8.82E+12,NGGD-24M,"Winco NGGD-24M 24"" Natural Gas Countertop Griddle with Manual Control",1
8.82E+12,ALCR-9,Winco ALCR-9 9-Tier Aluminum Stationary Can Storage Rack,1
8.82E+12,NGCB-24R,"Winco NGCB-24R 24"" Natural Gas Radiant Countertop Charbroiler",1
8.82E+12,NGHP-4,"Winco NGHP-4 24"" 4-Burner Natural Gas Countertop Hot Plate",1
8.82E+12,ESVC-28,"Winco ESVC-28 Countertop Electric Sous Vide Cooker Tank, 28L Capacity, 120V, 1800W",1
8.82E+12,NGCB-36R,"Winco NGCB-36R Stainless Steel 36"" Spectrum Countertop Gas Charbroiler",1
8.82E+12,51012,"Winco 51012 Benchmark 12"" Humidified Rotating Pizza / Pretzel Warmer Display, 120v",1
8.82E+12,CRD-1,"Winco - CRD-1 110-120V Countertop Refrigerated Beverage Display with Curved Doors, 230W",1
8.82E+12,NGCB-48R,"Winco NGCB-48R 48"" Countertop Natural Gas Charbroiler",1
8.82E+12,NGGD-48M,"Winco NGGD-48M 48"" Natural Gas Griddle with Manual Control",1
8.82E+12,EVPM-12,"Winco EVPM-12 Chamber Vacuum Packaging Machine with 11.6'' Seal Bar and Dry Pump, 120V, 630W",1
8.82E+12,EDM-1PT,"Winco EDM-1PT Red Electric Display Merchandiser, Pass Through Warmer, 120V, 1500W",1
8.82E+12,9332,Reserve by Libbey 9332 8 oz. Champagne Prism Flute Glass - Case of 12 Pcs,1
8.82E+12,9232,Reserve by Libbey 9232 18 oz. Contour Customizable Wine Glass - Case of 12 Pcs,1
8.82E+12,9152,Reserve by Libbey 9152 16 oz. Contour Customizable Wine Glass - Case of 12 Pcs,1
8.82E+12,9039,Reserve by Libbey 9039 15 oz. Modernist Customizable Beverage Glass - Case of 24 Pcs,1
8.82E+12,9038/69477,Reserve by Libbey 9038/69477 12 oz. Renewal Crosshatch Beverage Glass - Case of 24 Pcs,1
8.82E+12,9034,Reserve by Libbey 9034 9 oz. Modernist Rocks / Old Fashioned Glass - Case of 24 Pcs,1
8.82E+12,9025/69474,Reserve by Libbey 9025/69474 12 oz. Renewal Chisel Cooler Glass - Case of 12 Pcs,1
8.82E+12,1009304,"Reserve by Libbey 1009304 Virtuoso Coupe Glass - Case of 12 Pcs, 6.75 oz.",1
8.82E+12,N99576,"Libbey N99576 11.Punk Series 75 oz Lead-Free Crystal Water Tumbler Glass, Case of 12 Pcs",1
8.82E+12,4998024,"Libbey 4998024 Beer Classics Series 16 oz Pilsner Glass with Stemmed Base, Case of 12 Pcs",1
8.82E+12,4808001,"Libbey 4808001 Authentic Series 15.5 oz Spiegelau Lead Free Crystal Stemless Red Wine Glass, Case of 12",1
8.82E+12,4728001,"Libbey 4728001 Spiegelau Salute 18.5 oz Platinum Stemmed Lead Free Crystal Stemmed Red Wine Glass, Case of 12 Pcs",1
8.82E+12,4678007,"Libbey 4678007 Style Series 8 oz Spiegelau Flute Glass with Long Stem and Break-resistant for Champagne, Mimosas, and Sparkling Wine, Case of 12 Pcs",1
8.82E+12,4678001,"Libbey 4678001 Style Series 21.25 oz Spiegelau Round Red Wine Glass / Water Goblet with Stemmed Base, Case of 12 Pcs",1
8.82E+12,4518024,"Libbey 4518024 Vino Grande Style 12.5 oz Spiegelau Pilsner Glass with Stemmed Base and Large Bowl, Case of 12 Pcs",1
8.82E+12,4508025,"Libbey 4508025 Perfect Serve Series 5.5 oz. Spiegelau Martini Glass with Embellished Foot, Case of 12 Pcs",1
8.82E+12,4468016,"Libbey 4468016 Specialty Series 11.5 oz. Round Spiegelau Whiskey Tumbler Glass, Case of 12 Pcs",1
8.82E+12,4408031,"Libbey 4408031 Authentis Series Spiegelau 10.75 oz. Round Wine Tasting Glass with Stemmed Base and Sheer Rim, Case of 12 Pcs",1
8.82E+12,4098035,"Libbey 4098035 Winelovers Series 19.5 oz. Round Spiegelau Bordeaux Wine Glass with Stemmed Base, Case of 12 Pcs",1
8.82E+12,4098002,"Libbey 4098002 Winelovers Series 12.75 oz. Round Spiegelau White Wine Glass with Stemmed Base, Case of 12 Pcs",1
8.82E+12,4098001,"Libbey 4098001 Winelovers Series 15.5 oz. Spiegelau Red Wine Glass with Stemmed Base, Case of 12 Pcs",1
8.82E+12,4078013,"Libbey 4078013 Soiree Series 11.5 oz. Spiegelau Highball Glass with Crystal Break-resistant Glass,Case of 12 Pcs",1
8.82E+12,4028035,"Libbey 4028035 Festival Series 15.5 oz. Round Spiegelau Bordeaux Wine Glass with Stemmed Base, Case of 12 Pcs",1
8.82E+12,92307,"Libbey 92307 Aruba Series 24 oz. Round Customizable Martini Glass with Cobalt Rim and Base, Case of 12 Pcs",1
8.82E+12,97287,"Libbey 97287 Double Old Fashioned Customizable Repurposed Wine Bottle Tumbler, Green, Case of 12 Pcs",1
8.82E+12,97285,"Libbey 97285 Customizable 12 oz. Repurposed Wine Bottle Tumbler, Blue, Case of 12 Pcs",1
8.82E+12,97284,"Libbey 97284 Customizable 16 oz. Repurposed Wine Bottle Tumbler, Green, Case of 12 Pcs",1
8.82E+12,92424,"Libbey 92424 Infinium Series 55 oz Tritan Plastic Pitcher,BPA Free, Dishwasher Safe, Case of 6 Pcs",1
8.82E+12,92314,"Libbey 92314 Aruba Series 21 oz. Round and Customizable Cocktail Glass with Cobalt Blue Rim and Base, Case of 12 Pcs",1
8.82E+12,92313,"Libbey 92313 Aruba Series 10 oz. Round and Customizable Rocks / Old Fashioned Glass with Cobalt Blue Rim, Case of 12 Pcs",1
8.82E+12,92303R,"Libbey 92303R Aruba Series 16 oz. Round Customizable Cooler Glass with Red Rim and Clear Base, Case of 12 Pcs",1
8.82E+12,92173,"Libbey 920291 Munique Series 13.5 oz. Round Customizable Stemmed Pilsner Glass with Stemmed Base, Case of 24 Pcs",1
8.82E+12,918CD,"Libbey 918CD Finedge Series 13.5 oz. Round Rocks / Double Old Fashioned Glass with Heavy Base,Case of 36 Pcs",1
8.82E+12,8766,"Libbey 8766 Napa Country Series 6.5 oz Customizable Tall Wine Glass with Faceted Stem and Curved Bowl, Case of 36 Pcs",1
8.82E+12,8572SR,"Libbey 8565SR Bristol Valley Series 8.5 oz Customizable Round Chalice Wine Glass with SheerRim Dura-Temp Edge and Stemmed Base, Case of 24 Pcs",1
8.82E+12,8552,"Libbey 8552 Vina Series 12.75 oz Customizable Wine Taster Glass with Wide Bowl,Thick stem, and Large foot, Case of 24 Pcs",1
8.82E+12,8515SR,"Libbey 8515SR Bristol Valley Series 13.5 oz Wine Glass with Thick Stem and Wide Base, and Rounded Bowl,Case of 24 Pcs",1
8.82E+12,8476,"Libbey 8476 Citation Gourmet 9 oz Customizable Round Stemmed Tulip Champagne Glass, Case of 12 Pcs",1
8.82E+12,8472,"Libbey 8472 Citation Series 11 oz Customizable Stemmed White Wine Glass, Case of 24 Pcs",1
8.82E+12,8464,"Libbey 8464 Citation Series 8 oz Customizable Round and Stemmed Wine Glass, Case of 24 Pcs",1
8.82E+12,8427,"Libbey 8427 Magna Grande Series 27.25 oz Dishwasher Safe Margarita Glass with Stemmed Base, Case of 12 Pcs",1
8.82E+12,8405,"Libbey 8405 Citation Series 12 oz Round Customizable Brandy Glass with Chip-Resistant Rim, Case of 36",1
8.82E+12,825503,"Libbey 825503 Profile Series 13.5 oz Round Customizable Pilsner Glass For Beer , Case of 12",1
8.82E+12,814CD,"Libbey 814CD Heavy Base Series 12.5 oz Round Beverage Glass with Finedge Rim, Case of 36",1
8.82E+12,795,"Libbey 795 40 oz Round and Lead Free Glass Decanter, Case of 12 Pcs",1
8.82E+12,763,"Libbey 763 3.25 oz Round Votive Shot Glass with Rolled Finedge Rim for Drinks, Desserts, and Candles, Case of 36 Pcs",1
8.82E+12,7553,"Libbey 7553 Vina Series 17 oz Customizable Tall and Stemmed Wine Glass for Red or White Wine,Case of 12 Pcs",1
8.82E+12,7552,"Libbey 7552 Vina Series 6.5 oz Customizable Trumpet Flute Glass with triangular bowl, Bold Styling,and Chip-resistant Rim, Case of 12 Pcs",1
8.82E+12,7533,"Libbey 7533 Vina Collection Series 16 oz with Elongated Bowl and Thin Stem For Red Wine and White Wine, Case of 12 Pcs",1
8.82E+12,7512,"Libbey 7512 Vina 8 oz. Round Customizable Martini Glass, Case of 12 Pcs",1
8.82E+12,7510/1178N,"Libbey 7510-1178N Vina 16 oz. Round Tall Wine Glass with Pour Lines, Case of 12 Pcs",1
8.82E+12,7504,"Libbey 7504 Vina 18.5 oz. Round Customizable Tall Wine Glass , Case of 12 Pcs",1
8.82E+12,7502,"Libbey 7502 Vina 12 oz. Round Customizable Tall Wine Glass , Case of 12 Pcs",1
8.82E+12,7401,"Libbey 7401 Linear 8.5 oz. Round Coupe Glass , Case of 12 Pcs",1
8.82E+12,6779B12,"Libbey 6779B12 16.75 oz. Round Impressions Blue Ribbon Cooler Glass , Case of 12 Pcs",1
8.82E+12,546,"Libbey 546 Kearny 17 oz. Round Stackable Stemless Wine Glass , Case of 12 Pcs",1
8.82E+12,5303,"Libbey 5303 19.5 oz. Round Thumbprint Beer Mug , Case of 24 Pcs",1
8.82E+12,5292,"Libbey 5292 Classics 8 oz. Round Irish Glass Coffee Mug , Case of 24 Pcs",1
8.82E+12,5210,"Libbey 5210 Hoffman House 10 oz. Round Footed Goblet Glass , Case of 12 Pcs",1
8.82E+12,5201,"Libbey 5201 10 oz. Round Warm Beverage Mug , Case of 12 Pcs",1
8.82E+12,5139,"Libbey 5139 Restaurant Basics 16 oz. Round Customizable Mixing Glass / Pint Glass , Case of 24 Pcs",1
8.82E+12,5138,"Libbey 5138 1 oz. Round Tall Shot Glass , Case of 48 Pcs",1
8.82E+12,5137,"Libbey 5137 Restaurant Basics 20 oz. Round Customizable Mixing Glass , Case of 24 Pcs",1
8.82E+12,5127,"Libbey 5127 1.5 oz. Round Fluted Shot Glass , Case of 48 Pcs",1
8.82E+12,5126/A0007,"Libbey 5126/A0007 2 oz. Round Fluted Shot Glass with 1 oz. Pour Line , Case of 48 Pcs",1
8.82E+12,5120/A0007,"Libbey 5120/A0007 1.5 oz. Round Shot Glass with 1 oz. Pour Line , Case of 72 Pcs",1
8.82E+12,5031,"Libbey 5031 1 oz. Round Tall Shot Glass , Case of 72 Pcs",1
8.82E+12,503005,"Libbey 503005 1924 8.5 oz. Round Customizable Cocktail Glass , Case of 12 Pcs",1
8.82E+12,501308,"Libbey 501308 1924 4.75 oz. Round Customizable Coupe Cocktail Glass , Case of 12 Pcs",1
8.82E+12,4198029,Libbey 4198029 10 oz. Champagne Glass Dishwasher Safe - Case of 12 Pcs,1
8.82E+12,3915,Libbey 3915 14.75 oz. Teardrop Customizable Stemmed Pilsner Glass - Case of 36 Pcs,1
8.82E+12,37799,Libbey 37799 9.25 oz. Z-Stems Customizable Martini Glass - Case of 12 Pcs,1
8.82E+12,3752HT,Libbey 3752HT 10.5 oz. Embassy Customizable Banquet Goblet - Case of 24 Pcs,1
8.82E+12,3730,Libbey 3730 14 oz. Embassy Stemmed Pilsner Glass - Case of 24 Pcs,1
8.82E+12,3065,Libbey 3065 8 oz. Perception Customizable Wine Glass - Case of 24 Pcs,1
8.82E+12,3065,Libbey 3060 20 oz. Perception Customizable Tall Wine Glass - Case of 12 Pcs,1
8.82E+12,3056,Libbey 3056 10 oz. Perception Customizable Red Wine Glass - Case of 24 Pcs,1
8.82E+12,2518,Libbey 2518 10.5 oz. Chicago Customizable Tall Highball Glass - Case of 12 Pcs,1
8.82E+12,2339,Libbey 2339 12.5 oz. Lexington Customizable Rocks / Double Old Fashioned Glass - Case of 36 Pcs,1
8.82E+12,23106,Libbey 23106 10.5 oz. Nob Hill Customizable Tall Highball Glass - Case of 36 Pcs,1
8.82E+12,2303,Libbey 2303 3 oz. Lexington Customizable Shot Glass / Votive Holder - Case of 36 Pcs,1
8.82E+12,224,Libbey 224 13.5 oz. Stemless Martini Glass - Case of 12 Pcs,1
8.82E+12,209,Libbey 209 16 oz. Beer Can Glass - Case of 24 Pcs,1
8.82E+12,207,Libbey 207 9 oz. Stemless Wine Glass - Case of 12 Pcs,1
8.82E+12,171B,Libbey 171B 17.25 oz. Cobalt Customizable Cooler Glass - Case of 12 Pcs,1
8.82E+12,1623,Libbey 1623 23 oz. Giant Pilsner Glass - Case of 12 Pcs,1
8.82E+12,15971,Libbey 15971 11.5 oz. Gallery Customizable Stackable Beverage Glass - Case of 12 Pcs,1
8.82E+12,15789,Libbey 15789 14 oz. Restaurant Basics Customizable Rim Tempered Stackable Mixing Glass - Case of 24 Pcs,1
8.82E+12,15457,Libbey 15457 10 oz. Winchester Rocks / Old Fashioned Glass - Case of 36 Pcs,1
8.82E+12,15436,Libbey 15436 12 oz. Everest Short Stackable Beverage Glass - Case of 36 Pcs,1
8.82E+12,15245,Libbey 15245 7 oz. Gibraltar Tall Rocks / Old Fashioned Glass - Case of 36 Pcs,1
8.82E+12,15238,Libbey 15238 12 oz. Gibraltar Beverage Glass - Case of 36 Pcs,1
8.82E+12,14801HT,Libbey 14801HT 20 oz. No-Nik Customizable English Pub / Nonic Glass - Case of 36 Pcs,1
8.82E+12,1418015,Libbey 1418015 11.5 oz. Whiskey Glass Dishwasher Safe - Case of 12 Pcs,1
8.82E+12,135,Libbey 135 8 oz. Room Tumbler - Case of 48 Pcs,1
8.82E+12,124,Libbey 124 5.5 oz. Heavy Base Rocks / Old Fashioned Glass - Case of 72 Pcs,1
8.82E+12,11106721,Libbey 11106721 14.25 oz. Series V Customizable Highball Glass - Case of 12 Pcs,1
8.82E+12,1102,Libbey 1102 14 oz. Symbio Customizable Coupe Glass - Case of 12 Pcs,1
8.82E+12,1101,Libbey 1101 15 oz. Symbio Cocktail Glass - Case of 12 Pcs,1
8.82E+12,1100,Libbey 1100 9.5 oz. Symbio Flute Glass - Case of 12 Pcs,1
8.82E+12,109303,Libbey 109303 12 oz. Infinium Wake Tidal Blue Tritan Plastic Stackable Rocks / Double Old Fashioned Glass - Case of 12 Pcs,1
8.82E+12,1082,Libbey 1082 17 oz. Molten Hammered Stemless Wine Glass - Case of 12 Pcs,1
8.82E+12,1009361,"Libbey 1009361 12.5 oz. Beer Can Glass, Clear - Case of 24 Pcs",1
8.82E+12,1009305,Libbey 1009305 8 oz. Virtuoso Champagne Glass - Case of 12 Pcs,1
8.82E+12,1009133,Libbey 1009133 9.5 oz. Symbio Flute Glass - Case of 12 Pcs,1
8.82E+12,WDTSB018,"Thunder Group WDTSB018 18"" Diameter x 4"" Height, Woven Wood Bowl, Keyaki Wood, 3 Ply, 1.7mm Thickness",1
8.82E+12,WDTSB006,"Thunder Group WDTSB006 6"" Diameter x 1-1/2"" Height, Woven Wood Bowl, Keyaki Wood, 3 Ply, 1.7mm Thickness",1
8.82E+12,WDTHMP060,"Thunder Group WDTHMP060 60"" Overall 7-1/8"" x 3-1/8"", Wooden Mixing Paddle with 52-7/8"" Handle",1
8.82E+12,WDTHMP054,"Thunder Group WDTHMP054 54"" Overall 7-1/8"" x 3-1/8"", Wooden Mixing Paddle with 46-7/8"" Handle",1
8.82E+12,WDTHMP042,"Thunder Group WDTHMP042 42"" Overall 7-1/8"" x 3-1/8"", Wooden Mixing Paddle with 34-7/8"" Handle",1
8.82E+12,WDTHBS018,"Thunder Group WDTHBS018 11-4/5"" x 11-4/5"" x 10-5/8"", Natural Wood Finished, Children Booster Seat, Rubber Wood with Harness Straps",1
8.82E+12,WDRNP013,"Thunder Group WDRNP013 13"" Overall Length with 3-1/4"" Diameter Wooden Rolling Pin",1
8.82E+12,WDPP1242,"Thunder Group WDPP1242 42"" Overall 13-3/4"" x 12"" Blade with 28-1/2"" Length x 1-5/8"" Diameter Handle, Wooden Pizza Peel",1
8.82E+12,WDPP1236,"Thunder Group WDPP1236 36"" Overall 13-3/4"" x 12"" Blade with 22-1/4"" Length x 1-5/8"" Diameter Handle, Wooden Pizza Peel",1
8.82E+12,WDBS027H,"Thunder Group WDBS027H 27"" x 7"" x 3"", Wire Brush with Scraper, Black Metal Wire Brush with Long Wooden Handle",1
8.82E+12,TF002,"Thunder Group TF002 14"" Diameter Non-Stick Coating Wok, Carbon Steel body with Wooden Handle",1
8.82E+12,STPA5160CS,Thunder Group STPA5160CS Slotted Cover for Sixth Size Steam Pans,1
8.82E+12,STPA5140C,Thunder Group STPA5140C Solid Cover for Quarter Size Steam Pans,1
8.82E+12,STPA4122,"Thunder Group STPA4122 Half Size, 2-1/2"" Deep, Anti-Jam",1
8.82E+12,STPA4006,"Thunder Group STPA4006 Full Size, 6"" Deep, Anti-Jam",1
8.82E+12,STPA3232,"Thunder Group STPA3232 Two-Thirds Size, 2-1/2"" Deep, Anti-Jam",1
8.82E+12,STPA2122,"Thunder Group STPA2122 Half Size, 2-1/2"" Deep, Anti-Jam",1
8.82E+12,SSCD005,"Thunder Group SSCD005 14-7/8"" x 5-7/8"" x 3-3/8"", 5 Compartment Condiment (Open Bottom)",1
8.82E+12,SLYK212,"Thunder Group SLYK212 York Table Fork, Stainless Steel 18/10, Dishwasher Safe",1
8.82E+12,SLYK209,"Thunder Group SLYK209 York Dinner Knife, Stainless Steel 420, Dishwasher Safe",1
8.82E+12,SLYK204,"Thunder Group SLYK204 York Dinner Spoon, Stainless Steel 18/10, Dishwasher Safe",1
8.82E+12,SLWT43096F,"Thunder Group SLWT43096F 96"" Stainless Steel Flat Top Worktable with Rounded Edges",1
8.82E+12,SLWT43072F4,"Thunder Group SLWT43072F4 72"" Stainless Steel Flat Top Worktable with Flat Edges and 4"" Backsplash",1
8.82E+12,SLWT43060F4,"Thunder Group SLWT43060F4 60"" Stainless Steel Flat Top Worktable with Flat Edges and 4"" Backsplash",1
8.82E+12,SLWT42448F,"Thunder Group SLWT42448F 48"" Stainless Steel Flat Top Worktable with Rounded Edges",1
8.82E+12,SLWT42418F,"Thunder Group SLWT42418F 18""  Stainless Steel Flat Top Worktable with Rounded Edges",1
8.82E+12,SLWPF014,"Thunder Group SLWPF014 14"" French Whip, Stainless Steel Wire & Handle",1
8.82E+12,SLWPF012,"Thunder Group SLWPF012 12"" French Whip, Stainless Steel Wire & Handle",1
8.82E+12,SLWG1622,"Thunder Group SLWG1622 16"" x 22"" Icing Rack with Built-in Feet, Chrome Plated",1
8.82E+12,SLWD109,"Thunder Group SLWD109 Winsor Heavy Dinner Knife, Stainless Steel, 2.5mm Thickness, Dishwasher Safe",1
8.82E+12,SLWD006,"Thunder Group SLWD006 Winsor Dinner Fork, Stainless Steel, 1.5mm Thickness, Dishwasher Safe",1
8.82E+12,SLTWPC004,"Thunder Group SLTWPC004 9-1/4"" x 4-1/2"" x 7/8"" Pizza Cutter, 4"" Blade Size, Stainless Steel Blade with White Plastic Handle",1
8.82E+12,SLTWDS006,"Thunder Group SLTWDS006 6"" x 4"" x 1/2"", Dough Scraper, Stainless Steel Blade with Wooden Handle",1
8.82E+12,SLTWBS007,"Thunder Group SLTWBS007 7-7/8"" x 1-5/8"" x 5/8"", Blade Size:  4"", Sandwich Spreader, Stainless Steel Blade with Wooden Handle",1
8.82E+12,SLTS002,"Thunder Group SLTS002 19"" x 17-1/8"" x 31-1/2"", Double Bar Chrome Plated Tray Stand, Chrome Plated Iron",1
8.82E+12,SLTR023F,"Thunder Group SLTR023F 8-3/8"" x 4"" x 2"", 2-3 Compartment Taco Holder",1
8.82E+12,SLTMA024,"Thunder Group SLTMA024 6-3/8"" x 5-1/8"" x 24"", Square Shape Potato Masher , Iron Plated with Wooden Handle",1
8.82E+12,SLTL004,"Thunder Group SLTL004 3 oz, 2-1/2"" Diameter x 1-1/4"" Height Ladle Bowl",1
8.82E+12,SLTL002,"Thunder Group SLTL002 1 oz, 1-7/8"" Diameter x 1"" Height Ladle Bowl",1
8.82E+12,SLTL001,"Thunder Group SLTL001 1/2 oz, 1-5/8"" Diameter x 3/4"" Height Ladle Bowl",1
8.82E+12,SLTHUT112,"Thunder Group SLTHUT112 12"" x 1-1/4"" x 1-3/8"", Flat Spring Utility Tong with Locking Ring, Stainless Steel, 1mm Thickness, Heavy-Duty",1
8.82E+12,SLTHDP112,"Thunder Group SLTHDP112 3 oz, 7-1/8"" x 2"" x 1-5/8"", Non-Stick Dipper, Yellow Color",1
8.82E+12,SLTHDP012,"Thunder Group SLTHDP012 3 oz, 7-1/8"" x 2"" x 1-5/8"", Dipper, Yellow Color",1
8.82E+12,SLTG816B,"Thunder Group SLTG816B 16"" x 6-1/2"" x 1-1/2"", Tong, Blue Color",1
8.82E+12,SLTD101,"Thunder Group SLTD101 6"" x 2-5/8"" x 4-1/2"", Locking Toilet Tissue Dispenser",1
8.82E+12,SLTB001,"Thunder Group SLTB001 2"" Diameter x 1-3/8"" Height, Tea Ball with chain and mesh",1
8.82E+12,SLSTR30,"Thunder Group SLSTR30 3-1/2"" Diameter x 2"" Height, Sink Strainer with 2-1/2"" Stopper",1
8.82E+12,SLST002,"Thunder Group SLST002 15.50"" Stainless Steel and Cast Iron Double Stove, Zinc Plated Stove, LPG, 29,700 BTU",1
8.82E+12,SLSS009,"Thunder Group SLSS009 Sea Shell Dinner Knife, Stainless Steel, Dishwasher Safe",1
8.82E+12,SLSP1826,"Thunder Group SLSP1826 18"" x 26"" Full Size Sheet Pan, Stainless Steel 18/8, 20 Gauge, Dishwasher Safe, Oven Safe, NSF",1
8.82E+12,SLSKR65,"Thunder Group SLSKR65 6-1/2"" Diameter, Round Fine Mesh Skimmer, Stainless Steel",1
8.82E+12,SLSK008,"Thunder Group SLSK008 4-1/2"" Pointed Tip Steak Knife, Stainless Steel with Wooden Handle",1
8.82E+12,SLSF116,"Thunder Group SLSF116 Sunflower Dinner Fork, Stainless Steel, Bright Finish, Dishwasher Safe",1
8.82E+12,SLSD040V,"Thunder Group SLSD040V 40 oz, 8-1/4"" x 5-1/4"" x 4-7/8"", Vertical Rectangular Soap Dispenser",1
8.82E+12,SLRD020,"Thunder Group SLRD020 8-1/8"" x 3-1/4"", with 1"" diameter Handle, Half Size Roller Docker with Pins",1
8.82E+12,SLRCF8533,"Thunder Group SLRCF8533 8 qt, 26-1/2"" x 14"" x 16-1/2"", Full Size Rectangular Deluxe Chafer",1
8.82E+12,SLRCF113,"Thunder Group SLRCF113 6-3/8"" x 3-1/2"" x 2-5/8"" Fuel Holder, Stainless Steel",1
8.82E+12,SLRCF100,"Thunder Group SLRCF100 Stainless Steel 5-5/8"" x 1"" x 1"" Clip for Chafer Cover Holder",1
8.82E+12,SLRCF0834GH,"Thunder Group SLRCF0834GH Stainless Steel 17"" x 11-5/8"" x 12-5/8"" Gold Accented Chafer Set",1
8.82E+12,SLRCF0831GH,"Thunder Group SLRCF0831GH Stainless Steel 16-1/2"" x 13-1/2"" x 12"" Gold Accented Round Chafer Set",1
8.82E+12,SLRCF0171G,"Thunder Group SLRCF0171G 8 Qt Stainless Steel 25-1/4"" x 14-3/4"" Roll Top Chafer Set",1
8.82E+12,SLRCF005,Thunder Group SLRCF005 8 Qt Stainless Steel Full Size Chafer with Foldable Frame Set,1
8.82E+12,SLRCF001,"Thunder Group SLRCF001 23-3/8"" x 13-7/8"" Stainless Steel Full Size Welded Chafer Set",1
8.82E+12,SLRACK1624,"Thunder Group SLRACK1624 16"" x 23-3/4"" Chrome Plated Wire Cooling Rack with Built-in Feet",1
8.82E+12,SLRACK1313,"Thunder Group SLRACK1313 13-1/2"" x 13-1/2"" Nickle Plated Fryer Screen",1
8.82E+12,SLPSP014,"Thunder Group SLPSP014 18-3/4"" x 1-3/8"" Stainless Steel Flexible Icing Spatula",1
8.82E+12,SLPC230,"Thunder Group SLPC230 9-3/4"" x 2-3/8"" Stainless Steel Multi-fit Plate Cover",1
8.82E+12,SLOP026,"Thunder Group SLOP026 26"" x 18"" x 1-1/4"" Stainless Steel Platter",1
8.82E+12,SLOL003,"Thunder Group SLOL003 2-5/8"" x 1"" Stainless Steel Ladle",1
8.82E+12,SLNS002,"Thunder Group SLNS002 5-1/2"" x 5-3/8"" Stainless Steel Mesh Noodle Skimmer",1
8.82E+12,SLNP009,Thunder Group SLNP009 Stainless Steel Jewel Dinner Knife Pack of 12,1
8.82E+12,SLMP030,"Thunder Group SLMP030 30"" Stainless Steel Mixing Paddle",1
8.82E+12,SLMH012,"Thunder Group SLMH012 12"" Stainless Steel Table Card Stand Pack of 12",1
8.82E+12,SLMH001,"Thunder Group SLMH001 1"" x 1-5/8"" Stainless Steel 18/8 Menu Holder",1
8.82E+12,SLMC2415,"Thunder Group SLMC2415 Stainless Steel Measuring Spoon Set, Set",1
8.82E+12,SLMB209,Thunder Group SLMB209 20 Qt Stainless Steel Flat Base Mixing Bowl,1
8.82E+12,SLMB204,Thunder Group SLMB204 4 Qt Stainless Steel Flat Base Mixing Bowl,1
8.82E+12,SLMB001,Thunder Group SLMB001 3/4 Qt Stainless Steel Mixing Bowl,1
8.82E+12,SLLC006A,"Thunder Group SLLC006A 6"" x 1-4/9"" x 3/8"", Lobster Cracker, Zinc Alloy",1
8.82E+12,SLKVP006RD,"Thunder Group SLKVP006RD 6"" x 1"" x 1/2"", Vegetable Peeler 3 Piece/Pack Set",1
8.82E+12,SLKR012,"Thunder Group SLKR012 13"" x 12"" x 2-1/2"" Iron Plated Knife Rack",1
8.82E+12,SLKF017,"Thunder Group SLKF017 7-1/2"" x 4"" Cast Iron Meat Knife",1
8.82E+12,SLIL003,Thunder Group SLIL003 8 Qt Stainless Steel Colander with Handles,1
8.82E+12,SLIL001,Thunder Group SLIL001 3 Qt Stainless Steel Colander with Handles,1
8.82E+12,SLIG004,Thunder Group SLIG004 28 oz Stainless Steel Cocktail Mixer,1
8.82E+12,SLHF2016,"Thunder Group SLHF2016 16"" Stainless Steel Hood Filter",1
8.82E+12,SLHF1625,"Thunder Group SLHF1625 16"" Stainless Steel Hood Filter",1
8.82E+12,SLFN006,"Thunder Group SLFN006 6"" x 6-3/4"" Stainless Steel Funnel with Removable Strainer",1
8.82E+12,SLFFB001R,"Thunder Group SLFFB001R 9"" x 9"" x 2-3/8"" Stainless Steel 18/8 French Fry Bagger With Bakelite Right Handle",1
8.82E+12,SLFBP014,"Thunder Group SLFBP014 14-1/2"" x 5-3/4"" Nickel Plated Fry Basket Press",1
8.82E+12,SLFB007,"Thunder Group SLFB007 4.38"" Nickel Plated Rectangular Fry Basket with Front Hook and Grey Coated Handle",1
8.82E+12,SLFB001,"Thunder Group SLFB001 11-1/2"" Nickel Plated,  Round Fry Basket and Fits ALSF003 Sauce Pan",1
8.82E+12,SLES109,Thunder Group SLES109 Stainless Steel Esquire Dinner Knife Pack of 12,1
8.82E+12,SLEL202,Thunder Group SLEL202 Stainless Steel 18/10 Elizabeth Teaspoon Pack of 12,1
8.82E+12,SLEC002,"Thunder Group SLEC002 2"" x 2-1/8"" Stainless Steel Egg Cup",1
8.82E+12,SLDS220G,"Thunder Group SLDS220G 1-5/8"" x 2-3/4"" Stainless Steel 18/8 Disher Yellow",1
8.82E+12,SLDS030,"Thunder Group SLDS030 8-1/4"" x 2-3/4"" Stainless Steel 18/8 Ice Cream Disher Black",1
8.82E+12,SLDO109,Thunder Group SLDO109 Stainless Steel 2.5mm Domilion Heavy Dinner Knife Pack of 12,1
8.82E+12,SLDO104,Thunder Group SLDO104 Stainless Steel 2.5mm Domilion Heavy Dessert Spoon Pack of 12,1
8.82E+12,SLDO006,Thunder Group SLDO006 Stainless Steel 1.5mm Domilion Dinner Fork Pack of 12,1
8.82E+12,SLDM206,Thunder Group SLDM206 Stainless Steel 18/10 Diamond Dinner Fork Pack of 12,1
8.82E+12,SLDM203,Thunder Group SLDM203 Stainless Steel 18/10 Diamond Bouillon Spoon Pack of 12,1
8.82E+12,SLDA060,Thunder Group SLDA060 9/16 oz Stainless Steel 18/8 Ambidextrous Scoop,1
8.82E+12,SLDA020,Thunder Group SLDA020 2-1/2 oz Stainless Steel 18/8 Ambidextrous Scoop,1
8.82E+12,SLDA010,Thunder Group SLDA010 3-3/4 oz Stainless Steel 18/8 Ambidextrous Scoop,1
8.82E+12,SLCT318,"Thunder Group SLCT318 18"" Stainless Steel Round Tray with Narrow Rim",1
8.82E+12,SLCT314,"Thunder Group SLCT314 14"" Stainless Steel Round Tray with Narrow Rim",1
8.82E+12,SLCS3172,"Thunder Group SLCS3172 3-1/2"" x 1-2/3"" Stainless Steel ""Hot Tea"" Chain Sign",1
8.82E+12,SLCN005,"Thunder Group SLCN005 15"" x 5-7/8"" Stainless Steel Body 5 Compartment Condiment Dispenser",1
8.82E+12,SLCIL11S,"Thunder Group SLCIL11S 11"" x 3-7/8"" Stainless Steel 2.0mm Colander Holes",1
8.82E+12,SLBO003,"Thunder Group SLBO003 4-1/4"" x 3/4"" Stainless Steel Can Opener",1
8.82E+12,SLBO002,"Thunder Group SLBO002 7"" x 2"" Stainless Steel Flat Bottle Opener",1
8.82E+12,SLBM006,Thunder Group SLBM006 8-1/4 qt Stainless Steel Bain Marie Pot,1
8.82E+12,SLBF012,"Thunder Group SLBF012 14-1/4"" x 4-1/4"" Stainless Steel 18-0 Round Skimmer",1
8.82E+12,SLBF007,Thunder Group SLBF007 2 oz Stainless Steel 18-0 Spout Ladle,1
8.82E+12,SLAT218,Thunder Group SLAT218 Stainless Steel 420 Atlantic European Size Table Knife Pack of 12,1
8.82E+12,SEJ92000,"Thunder Group SEJ92000 19-2/7"" x 13-7/9"" Freestanding Dual Heat lamp Set",1
8.82E+12,SEJ74000,Thunder Group SEJ74000 Stainless Steel 60 Cups Sushi Rice Pot,1
8.82E+12,SEJ72000,"Thunder Group SEJ72000 Stainless Steel 15"" dia. 40 Cups Sushi Rice Pot",1
8.82E+12,SEJ60000,"Thunder Group SEJ60000 15.00"" Stainless Steel 33 Cups Electric Rice Cooker, 1,780W",1
8.82E+12,SEJ45000C,"Thunder Group SEJ45000C 16-1/2"" Stainless Steel Commercial Electric Induction Cooker, 1,800W",1
8.82E+12,SEJ22000,Thunder Group SEJ20000 Stainless Steel Electric 50 Cups Rice Warmer,1
8.82E+12,SEJ21000,Thunder Group SEJ18000 Wood Grain Electric 50 Cups Rice Warmer,1
8.82E+12,SD6018H,"Thunder Group SD6018H 14-3/4"" x 4-3/4"" Melamine Deep Bowl With 1-5/8"" Handles",1
8.82E+12,SCSL003,"Thunder Group SCSL003 Stainless Steel Flat Platform Scale, 11 LB.",1
8.82E+12,RF1020BW,"Thunder Group RF1020BW 20"" Melamine Two Tone Round Plate",1
8.82E+12,RF1020B,"Thunder Group RF1020B 20"" Melamine Black Pearl Round Plate",1
8.82E+12,RF1006BW,"Thunder Group RF1006BW 8-1/8"" Melamine Two Tone Round Salad Plate",1
8.82E+12,RER55ASN,"Thunder Group RER55ASN 18.50"" Aluminum 55 Cups Rinnai Gas Rice Cooker, Natural Gas, Silver,35,000 BTU",1
8.82E+12,PS9475RD,Thunder Group PS9475RD 23 oz Melamine Passion Red Mug,1
8.82E+12,PS3214W,"Thunder Group PS3214W 13-3/4"" x 13-3/4"" Melamine Passion White Square Plate",1
8.82E+12,PS3111W,Thunder Group PS3111W 128 oz Melamine Passion White Round Square Bowl,1
8.82E+12,PS3106W,Thunder Group PS3106W 20 oz Melamine Round Square Bowl Passion White,1
8.82E+12,PS3008W,"Thunder Group PS3008W 8-1/4"" x 8-1/4"" Melamine Round Square Plate White",1
8.82E+12,PLTW085BR,"Thunder Group PLTW085BR 8.5"" dia. Tortilla Warmer Terra, Polypropylene, Cotta Color",1
8.82E+12,PLTN4025,"Thunder Group PLTN4025 4"" x 4"" PolyVinyl Plastic Table Numbers 1-25 PACK",1
8.82E+12,PLTHWG023RC,Thunder Group PLTHWG023RC 23 oz Polycarbonate Wine Glass Clear,1
8.82E+12,PLTHWG011RC,Thunder Group PLTHWG011RC 11 oz Polycarbonate Wine Glass Clear,1
8.82E+12,PLTHTB032R,Thunder Group PLTHTB032R 32 oz Traditional Red Tall Tumbler Pack of 12,1
8.82E+12,PLTHTB024B,Thunder Group PLTHTB024B 24 oz Traditional Blue Tumbler Pack of 12,1
8.82E+12,PLTHTB012B,Thunder Group PLTHTB012B 12 oz Traditional Blue Tumbler Pack of 12,1
8.82E+12,PLTHSS016C,Thunder Group PLTHSS016C 16 oz Polycarbonate Shot Shaker 3 Piece/Set,1
8.82E+12,PLTHSN024C,Thunder Group PLTHSN024C 24 oz Polycarbonate Schooner Clear Color,1
8.82E+12,PLTHSG015CC,Thunder Group PLTHSG015CC 1-1/2 oz Polycarbonate Straight Round Shot Glass Clear,1
8.82E+12,PLTHSG002CC,Thunder Group PLTHSG002CC 2 oz Polycarbonate Straight Round Shot Glass Clear,1
8.82E+12,PLTHSG002AC,Thunder Group PLTHSG002AC 2 oz Polycarbonate Flair Shot Glass Clear,1
8.82E+12,PLTHSB032CW,Thunder Group PLTHSB032CW 32 oz Polyethylene Wide-Mouth Squeeze Bottle Clear PACK,1
8.82E+12,PLTHMR009C,Thunder Group PLTHMR009C 9 oz Polycarbonate Clear Margarita Glass,1
8.82E+12,PLTHMG020C,Thunder Group PLTHMG020C 20 oz Polycarbonate Clear Mixing Glass,1
8.82E+12,PLTHCG008C,Thunder Group PLTHCG008C 8 oz Polycarbonate Clear Cocktail Glass,1
8.82E+12,PLTHBK140C,"Thunder Group PLTHBK140C Polycarbonate 4 Qt Clear Ice Bucket with 6"" Tong for Bottle Service",1
8.82E+12,PLTC044GL,"Thunder Group PLTC044GL Polyethylene 24-1/8"" x 1-1/2"" Lid for PLTC044G Gray",1
8.82E+12,PLTC032G,Thunder Group PLTC032G Polyethylene 32 Gallon Round Trash Can Gray,1
8.82E+12,PLTC023RP,"Thunder Group PLTC023RP Polypropylene 20-2/3"" x 11-3/5"" Recycle Lid for Paper fits for PLTC023R Blue",1
8.82E+12,PLTC023K,"Thunder Group PLTC023K 20"" x 11-1/4"" x 29-3/4"" Polyethylene Trash Can Black",1
8.82E+12,PLTC023G,Thunder Group PLTC023G 23 Gallon Polyethylene Trash Can Gray,1
8.82E+12,PLTC023B,"Thunder Group PLTC023B 20"" x 11-1/4"" x 29-3/4"" Polyethylene Trash Can Brown",1
8.82E+12,PLSS211RD,"Thunder Group PLSS211RD Polycarbonate 13"" x 2-7/8"" Solid Serving Spoon Red Pack of 12",1
8.82E+12,PLSS113GR,"Thunder Group PLSS113GR Polycarbonate 11"" x 2-7/8"" Perforated Serving Spoon Green Pack of 12",1
8.82E+12,PLSP1826C,"Thunder Group PLSP1826C 18"" x 26"" Polypropylene Full Size Sheet Pan Cover Clear",1
8.82E+12,PLSP032WT,"Thunder Group PLSP032WT 3-1/2"" x 2-1/2"" x 2"" Acrylonitrile Sugar Packet Holder White Pack of 12",1
8.82E+12,PLSFT0608C,Thunder Group PLSFT0608C Polyethylene Red Square Container Lid fits 6 Qt & 8 Qt,1
8.82E+12,PLSFT0204C,Thunder Group PLSFT0204C Polyethylene Green Square Container Lid fits 2 Qt,1
8.82E+12,PLSFT018PC,Thunder Group PLSFT018PC 18 Qt Polycarbonate Square Food Storage Container Clear,1
8.82E+12,PLSFT008PC,Thunder Group PLSFT008PC 8 Qt Polycarbonate Square Food Storage Container Clear,1
8.82E+12,PLSFT002TL,Thunder Group PLSFT002TL 2 Qt Polypropylene Square Food Storage Container Translucent,1
8.82E+12,PLSFT002PP,Thunder Group PLSFT002PP 2 Qt Polypropylene Square Food Storage Container White,1
8.82E+12,PLSFT002PC,Thunder Group PLSFT002PC 2 Qt Polycarbonate Square Food Storage Container Clear,1
8.82E+12,PLRT014,"Thunder Group PLRT014 14"" Acrylonitrile Round Anti-Slip Tray With Textured Surface Black",1
8.82E+12,PLRFT322PC,Thunder Group PLRFT322PC Polycarbonate 22 Qt Round Clear Food Storage Container,1
8.82E+12,PLRFT318PC,Thunder Group PLRFT318PC Polycarbonate 18 Qt Round Clear Food Storage Container,1
8.82E+12,PLRFT312PC,Thunder Group PLRFT312PC Polycarbonate 12 Qt Round Clear Food Storage Container,1
8.82E+12,PLRFT308TL,Thunder Group PLRFT308TL Polypropylene 8 Qt Round Translucent Food Storage Container,1
8.82E+12,PLRFT306PC,Thunder Group PLRFT306PC Polycarbonate 6 Qt Round Clear Food Storage Container,1
8.82E+12,PLRFT302PC,Thunder Group PLRFT302PC Polycarbonate 2 Qt Round Clear Food Storage Container,1
8.82E+12,PLRFT301PP,Thunder Group PLRFT301PP Polypropylene 1 Qt Round White Food Storage Container,1
8.82E+12,PLRFC0204PC,Thunder Group PLRFC0204PC Polycarbonate Container Cover Fits 2 Qt,1
8.82E+12,PLPP011BK,"Thunder Group PLPP011BK Nylon 12"" x 4"" x 2-1/4"" Solid Turner Black",1
8.82E+12,PLPP005BK,"Thunder Group PLPP005BK Nylon 11-1/2"" x 2-1/3"" x 1-7/9"" Slotted Spoon Black",1
8.82E+12,PLPP004BK,"Thunder Group PLPP004BK Nylon 11-1/2"" x 2-1/3"" x 1-7/9"" Solid Spoon Black",1
8.82E+12,PLPP003BK,"Thunder Group PLPP003BK Nylon 11-3/8"" x 2-3/4"" x 1-4/7"" Pasta Fork Black",1
8.82E+12,PLPCTB320BL,Thunder Group PLPCTB320BL 20 oz Polycarbonate Belize Tumbler Glass Blue Pack of 12,1
8.82E+12,PLPCTB310GR,Thunder Group PLPCTB310GR 10 oz Polycarbonate Belize Tumbler Glass Green Pack of 12,1
8.82E+12,PLPCTB308RD,Thunder Group PLPCTB308RD 8 oz Polycarbonate Belize Tumbler Glass Red Pack of 12,1
8.82E+12,PLPCTB124RD,Thunder Group PLPCTB124RD 24 oz Polycarbonate Diamond Tumbler Glass Red Pack of 12,1
8.82E+12,PLPCTB124GR,Thunder Group PLPCTB124GR 24 oz Polycarbonate Diamond Tumbler Glass Green Pack of 12,1
8.82E+12,PLPCTB120RD,Thunder Group PLPCTB120RD 20 oz Polycarbonate Diamond Tumbler Glass Red Pack of 12,1
8.82E+12,PLPCTB114GR,Thunder Group PLPCTB114GR 14 oz Polycarbonate Diamond Tumbler Glass Green Pack of 12,1
8.82E+12,PLPCTB114BL,Thunder Group PLPCTB114BL 14 oz Polycarbonate Diamond Tumbler Glass Blue Pack of 12,1
8.82E+12,PLPCTB112BL,Thunder Group PLPCTB112BL 12 oz Polycarbonate Diamond Tumbler Glass Blue Pack of 12,1
8.82E+12,PLPCTB110BL,Thunder Group PLPCTB110BL 10 oz Polycarbonate Diamond Tumbler Glass Blue Pack of 12,1
8.82E+12,PLPCTB108RD,Thunder Group PLPCTB108RD 8 oz Polycarbonate Diamond Rock Glass Red Pack of 12,1
8.82E+12,PLPA8164,"Thunder Group PLPA8164 Polycarbonate 4"" Clear Sixth Size Food Pan",1
8.82E+12,PLPA8162BK,"Thunder Group PLPA8162BK Polycarbonate 2-1/2"" Black Sixth Size Food Pan",1
8.82E+12,PLPA8146BK,"Thunder Group PLPA8146BK Polycarbonate 6"" Black Quarter Size Food Pan",1
8.82E+12,PLPA8134BK,"Thunder Group PLPA8134BK Polycarbonate 4"" Black Third Size Food Pan",1
8.82E+12,PLPA8128BK,"Thunder Group PLPA8128BK Polycarbonate 8"" Black Half Size Food Pan",1
8.82E+12,PLPA8126,"Thunder Group PLPA8126 Polycarbonate 6"" Clear Half Size Food Pan",1
8.82E+12,PLPA8124,"Thunder Group PLPA8124 Polycarbonate 4"" Clear Half Size Food Pan",1
8.82E+12,PLPA7190CS,Thunder Group PLPA7190CS Polycarbonate Clear Slotted Cover For Ninth Size Food Pan,1
8.82E+12,PLPA7160CBK,Thunder Group PLPA7160CBK Polycarbonate Black Solid Cover For Sixth Size Food Pan,1
8.82E+12,PLPA7140CS,Thunder Group PLPA7140CS Polycarbonate Clear Slotted Cover For Quarter Size Food Pan,1
8.82E+12,PLPA7120CS,Thunder Group PLPA7120CS Polycarbonate Clear Slotted Cover For Half Size Food Pan,1
8.82E+12,PLOP013BK,"Thunder Group PLOP013BK 13"" x 2-3/8"" Polycarbonate Ladle Black Color",1
8.82E+12,PLOP010BK,"Thunder Group PLOP010BK 10-1/2"" x 2-3/8"" Polycarbonate Ladle Black Color",1
8.82E+12,PLOP009RD,"Thunder Group PLOP009RD 8-1/2"" x 2-1/4"" Polycarbonate Ladle Red Color",1
8.82E+12,PLOP009GR,"Thunder Group PLOP009GR 8-1/2"" x 2-1/4"" Polycarbonate Ladle Green Color",1
8.82E+12,PLOP009CL,"Thunder Group PLOP009CL 8-1/2"" x 2-1/4"" Polycarbonate Ladle Clear Color",1
8.82E+12,PLOP009BK,"Thunder Group PLOP009BK 8-1/2"" x 2-1/4"" Polycarbonate Ladle Black Color",1
8.82E+12,PLMH001,"Thunder Group PLMH001 5-1/2"" x 3-1/2"" Acrylic Table Card Holder",1
8.82E+12,PLMENU-L4GR,"Thunder Group PLMENU-L4GR 8-1/2"" x 11"" Faux Leather 4 Page Book Fold Menu Cover Green",1
8.82E+12,PLMENU-6BR,"Thunder Group PLMENU-6BR 8-1/2"" x 11"" Faux Leather 6 Page Book Fold Menu Cover Brown",1
8.82E+12,PLMENU-2BL,"Thunder Group PLMENU-2BL 8-1/2"" x 11 Faux Leather Double Fold Menu Cover Black",1
8.82E+12,PLMD064CL,Thunder Group PLMD064CL 2 Liter/2 Quart Polycarbonate Measuring Cup with U.S. and Metric Measurements,1
8.82E+12,PLMD032CL,Thunder Group PLMD032CL 1 Liter/1 Quart Polycarbonate Measuring Cup with U.S. and Metric Measurements,1
8.82E+12,PLIS6907RD,"Thunder Group PLIS6907RD 6"" x 9"" x 1/8"" Acrylonitrile Styrene Information Sign with Symbol ""Exit""",1
8.82E+12,PLIB027C,Thunder Group PLIB027C Ingredient Bin with Clear sliding lid and a Matching Color Scoop,1
8.82E+12,PLIB021C,Thunder Group PLIB021C Ingredient Bin with Clear sliding lid and a Matching Color Scoop,1
8.82E+12,PLIB005S,Thunder Group PLIB005S 5 Gallon Polypropylene Shelf Ingredient Bin With Lid And Scoop,1
8.82E+12,PLGL001,"Thunder Group PLGL001 8-1/2"" x 13"" Latex Heavy-Duty Gloves Yellow Pack of 12",1
8.82E+12,PLFTG009WH,"Thunder Group PLFTG009WH 9"" x 2-1/2"" x 1-5/8"" Polycarbonate Flat Grip Tong White",1
8.82E+12,PLFTG006BK,"Thunder Group PLFTG006BK 6"" x 1-5/8"" Polycarbonate Flat Grip Tong Black",1
8.82E+12,PLFTD395,"Thunder Group PLFTD395 11-1/2"" x 4-1/4"" Acrylonitrile Multi-Fold Paper Towel Dispenser",1
8.82E+12,PLFFT1216RR,"Thunder Group PLFFT1216RR 12"" x 16-1/4"" x 7/8"" Polypropylene Rectangular Fast Food Tray Orange",1
8.82E+12,PLFFT1014RD,"Thunder Group PLFFT1014RD 10-1/2"" x 13-5/8"" Polypropylene Rectangular Fast Food Tray Red",1
8.82E+12,PLFB182603PC,Thunder Group PLFB182603PC 5 Gallon Polycarbonate Food Storage Box Clear,1
8.82E+12,PLFB121806PC,Thunder Group PLFB121806PC 3 Gallon Polycarbonate Food Storage Box Clear,1
8.82E+12,PLFB005,"Thunder Group PLFB005 14-1/4"" x 11-1/4"" x 3"" Polypropylene Square Colander",1
8.82E+12,PLCB181205RD,"Thunder Group PLCB181205RD 18"" x 12"" Polyethylene Color Coded Cutting Board Red",1
8.82E+12,PLCB017,"Thunder Group PLCB017 20"" x 30"" x 1-1/8"" Polyethylene Heavy-Duty Cutting Board",1
8.82E+12,PLCB008,"Thunder Group PLCB008 6"" x 10"" Polyethylene Cutting Board",1
8.82E+12,PLCB004,"Thunder Group PLCB004 18"" x 12"" Polyethylene Cutting Board",1
8.82E+12,PLBT505GPF,"Thunder Group PLBT505GPF 20-1/2"" x 15-1/2"" x 5? Polypropylene Perforated Bus Box Gray",1
8.82E+12,PLBT505BPF,"Thunder Group PLBT505BPF 20-1/2"" x 15-1/2"" x 5? Polypropylene Perforated Bus Box Black",1
8.82E+12,PLBT007W,"Thunder Group PLBT007W 20-1/2"" x 15-1/2"" x 7"" Polyethylene Bus Box White",1
8.82E+12,PLBT007B,"Thunder Group PLBT007B 20-1/2"" x 15-1/2"" x 7"" Polyethylene Bus Box Black",1
8.82E+12,PLBT005G,"Thunder Group PLBT005G 20-1/2"" x 15-1/2"" x 5"" Polyethylene Bus Box Gray",1
8.82E+12,PLBT002W,"Thunder Group PLBT002W 14-1/2"" x 12-1/2"" Polyethylene Bus Box White",1
8.82E+12,PLBN1611T,"Thunder Group PLBN1611T 16"" x 11"" Plastic Hand-Woven Basket with Handle",1
8.82E+12,PLBM1624S,"Thunder Group PLBM1624S 16-1/2"" x 24-1/2"" Silicone Rectangular Baking Mat",1
8.82E+12,PLBM1520S,"Thunder Group PLBM1520S 14-5/8"" x 20-1/2"" Silicone Rectangular Baking Mat",1
8.82E+12,PLBM003S,Thunder Group PLBM003S 4.57 oz Silicone 5 Cavities Muffin Baking Mold,1
8.82E+12,PLBK938G,"Thunder Group PLBK938G 9-3/8"" x 5-5/8"" Polypropylene Oval Fast Food Basket Green Pack of 12",1
8.82E+12,PLBC4019B,"Thunder Group PLBC4019B 40-1/2"" x 19-3/4"" 3-Tier Bus Cart Black",1
8.82E+12,PLBC004P,"Thunder Group PLBC004P 18"" x 5"" Polyethylene 4 Compartment Bar Caddy",1
8.82E+12,PLBB850,"Thunder Group PLBB850 8-1/4"" x 4-1/4"" Plastic Oblong Woven Bread Basket Natural Color",1
8.82E+12,PLBB012M,"Thunder Group PLBB012M 12"" x 3"" Wire Round Medium Breading Basket",1
8.82E+12,PH5010TW,"Thunder Group PH5010TW 88 oz Melamine Pho Noodle Bowl, Imperial White Pack of 12",1
8.82E+12,P-222,"Thunder Group P-222 Plastic 7-1/2"" Rice Container with Lid Set",1
8.82E+12,OW356,Thunder Group OW356 Stainless Steel Measuring Spoon Set,1
8.82E+12,NS702W,"Thunder Group NS702W 10"" x 3/4"" Melamine 3 Compartment Plate Pack of 12",1
8.82E+12,NS608-1R,"Thunder Group NS608-1R 8-1/4"" x 1-1/4"" Deep Divided Server Pack of 12",1
8.82E+12,NS303W,"Thunder Group NS303W 4-3/4"" x 1-1/4"" Melamine Fruit Bowl Height Pack of 12",1
8.82E+12,NS107W,"Thunder Group NS107W Melamine 7-1/4"" x 3/4"" Dessert Plate Pack of 12",1
8.82E+12,MRWC001R,"Thunder Group MRWC001R Marble 4-1/2"" x 6"" Black Wine Cooler",1
8.82E+12,ML534C1,Thunder Group ML534C1 1-1/2 oz Melamine Smooth Ramekin Chocolate Color Pack of 12,1
8.82E+12,ML531B1R,Thunder Group ML531B1R Melamine 3 oz Fluted Ramekin Bone Color Retail Pack of 12,1
8.82E+12,ML509W1R,Thunder Group ML509W1R Melamine 2 oz Fluted Ramekin White Color Retail Pack of 12,1
8.82E+12,JAS022006,Thunder Group JAS022006 Plastic Manual Vegetable Shredder with Turn Lever,1
8.82E+12,JAS014240,"Thunder Group JAS014240 Stainless Steel 9-1/2"" x 1-1/2"" Sashimi Knife",1
8.82E+12,JAS012210,"Thunder Group JAS012210 Stainless Steel 8-1/4"" X 1-3/4"" Japanese Cow Knife",1
8.82E+12,IRWK002,"Thunder Group IRWK002 Iron 16"" Wok",1
8.82E+12,IRWK001,"Thunder Group IRWK001 Iron 14"" Wok",1
8.82E+12,IRWC007,"Thunder Group IRWC007 Steel 16"" Wok",1
8.82E+12,IRWC001,"Thunder Group IRWC001 Steel 19"" Curved Rim Wok",1
8.82E+12,IRTC014,"Thunder Group IRTC014 14"" Table Mounted Can Opener",1
8.82E+12,IRSP1108,"Thunder Group IRSP1108 Stainless Steel 11-5/8"" x 8"" Oval Sizzling Platter",1
8.82E+12,IRSH4403,"Thunder Group IRSH4403 Stainless Steel 4-3/4"" x 1-5/8"" Multifunctional Tong",1
8.82E+12,IRSC001,"Thunder Group IRSC001 Steel 7-3/4"" Scissor Pack of 12",1
8.82E+12,IRPA004,Thunder Group IRPA004 Aluminum 32 oz Shabu-Shabu Bowl,1
8.82E+12,IRFFC003,"Thunder Group IRFFC003 IRFFC Series Cast Iron  Square French Fry Cutter For 1/2"" Square Cut",1
8.82E+12,IRFFC002,"Thunder Group IRFFC002 IRFFC Series Cast Iron & Aluminum Frame Square French Fry Cutter Set For  0.38"" cuts",1
8.82E+12,IRFFC001,"Thunder Group IRFFC001 IRFFC Series Cast Iron Square French Fry Cutter Set For 1/4"" Square Cuts, Green",1
8.82E+12,IRBR004CN,"Thunder Group IRBR004CN 18 Nozzle Duck Burner with Cast Iron Base and Copper Nozzles, Natural Gas, 125,000 BTU",1
8.82E+12,IRBR004CL,"Thunder Group IRBR004CL 18 Nozzles Duck Burner with Cast Iron Base and Copper Nozzles, LPG, 56,700 BTU",1
8.82E+12,IRBR003CN,"Thunder Group IRBR003CN 32 Jet Burner with Cast Iron Base and Copper Nozzle, Natural Gas, 160,000 BTU",1
8.82E+12,IRBR002L,"Thunder Group IRBR002L 23 Nozzles Jet Burner For Chinese Ranges, LPG, 71,000 BTU",1
8.82E+12,IRBR001L,"Thunder Group IRBR001L 20 Nozzles Jet Burner for Chinese Ranges, LPG, 62,000 BTU",1
8.82E+12,IRBN003N,Thunder Group IRBN003N Copper Jet Burner Pin Pack of 5,1
8.82E+12,IRBN002N,Thunder Group IRBN002N Copper Natural Gas Duck Burner Nozzle,1
8.82E+12,IRBN002L,Thunder Group IRBN002L Copper Propane Duck Burner Nozzle,1
8.82E+12,IRBN001N,Thunder Group IRBN001N Copper Natural Gas Jet Burner Nozzle,1
8.82E+12,HL-22,"Thunder Group HL-22 16"" Fortune Red Paper Lantern",1
8.82E+12,GLTWTS201,Thunder Group GLTWTS201 1 oz Glass Tower Shaker With Gold Cap Pack of 12,1
8.82E+12,GLTWSJ012,Thunder Group GLTWSJ012 12 oz Sugar/Cheese Dispenser With Flip Cap Pack of 12,1
8.82E+12,GLTWPS001,Thunder Group GLTWPS001 1 oz Glass Paneled Shaker Pack of 12,1
8.82E+12,GLTWCS006,Thunder Group GLTWCS006 6 oz Glass Slotted Swirl Cheese Shaker Pack of 12,1
8.82E+12,GLTWCC205,Thunder Group GLTWCC205 1/2 oz Gold Cube Salt & Pepper Shaker Pack of 12,1
8.82E+12,GLTWCC005,Thunder Group GLTWCC005 1/2 oz Stainless Steel Cube Salt & Pepper Shaker Pack of 12,1
8.82E+12,GLCJ007,"Thunder Group GLCJ007 3-1/8"" x 2-7/8"" Glass Condiment Jar",1
8.82E+12,CRTCH008,"Thunder Group CRTCH008 Chrome Table Card Holder 8""",1
8.82E+12,CRSP956,"Thunder Group CRSP956 Chrome Plated Wire 9"" x 5"" Sugar Pocket Holder",1
8.82E+12,CRSP435,"Thunder Group CRSP435 Chrome Plated 4-1/2"" x 3-1/2"" Sugar Packet Holder",1
8.82E+12,CRPT1015,"Thunder Group CRPT1015 12"" Chrome Plated Steel Welded 15-Tier Pizza Pan Rack",1
8.82E+12,CRHH876,"Thunder Group CRHH876 Chrome Plated 8-1/2"" x 7-1/4"" Wire Ham Holder",1
8.82E+12,CRDB1218,"Thunder Group CRDB1218 Nickel Plated 12"" x 18"" x 2"" Wire Donut Basket",1
8.82E+12,CRCCT038,"Thunder Group CRCCT038 Stainless Steel 8-1/4"" x 3-3/4"" x 3-3/4"" Croissant Dough Cutter",1
8.82E+12,CR9108YW,"Thunder Group CR9108YW 5-1/2"" Melamine Saucer Pack of 12",1
8.82E+12,CR9010V,Thunder Group CR9010V 8 oz Melamine Mug Pack of 12,1
8.82E+12,CR710W,"Thunder Group CR710W 10-1/4"" Melamine 3 Compartment Plate Pack of 12",1
8.82E+12,CR710RD,"Thunder Group CR710RD 10-1/4"" Melamine 3 Compartment Plate Pack of 12",1
8.82E+12,CR5810BU,Thunder Group CR5810BU 12 oz Melamine Pasta Bowl Pack of 12,1
8.82E+12,CR5807W,Thunder Group CR5807W 32 oz Melamine Salad Bowl Pack of 12,1
8.82E+12,CR5712W,Thunder Group CR5712W 15 oz Melamine Soup Bowl Pack of 12,1
8.82E+12,CR106PR,"Thunder Group CR106PR 6-1/2"" Melamine Narrow Rim Plate Pack of 12",1
8.82E+12,CMSV2160,"Thunder Group CMSV2160 Chrome Plated Wire 21"" x 60"" Shelf",1
8.82E+12,CMSV1860,"Thunder Group CMSV1860 Chrome Plated Wire 18"" x 60"" Shelf",1
8.82E+12,CMSV1472,"Thunder Group CMSV1472 Chrome Plated Wire 14"" x 72"" Shelf",1
8.82E+12,CMEP2460,"Thunder Group CMEP2460 Green Epoxy Coated Iron Wire Shelf 24"" x 60""",1
8.82E+12,CMEP1848,"Thunder Group CMEP1848 Green Epoxy Coated Iron Wire Shelf 18"" x 48""",1
8.82E+12,CMEP1460,"Thunder Group CMEP1460 Green Epoxy Coated Iron Wire Shelf 14"" x 60""",1
8.82E+12,CMEP1448,"Thunder Group CMEP1448 Green Epoxy Coated Iron Wire Shelf 14"" x 48""",1
8.82E+12,APPG025D,Thunder Group APPG025D Polypropylene 2.5L Black/Orange Push Button Decaf AirPot,1
8.82E+12,APLG022,Thunder Group APLG022 Polypropylene 2.2L Black Lever Top AirPot,1
8.82E+12,ALTWSC058,Thunder Group ALTWSC058 Aluminum 58 oz Scoop,1
8.82E+12,ALTWSC024,Thunder Group ALTWSC024 Aluminum 24 oz Scoop,1
8.82E+12,ALTWFC004,Thunder Group ALTWFC004 Aluminum 4 oz Flat Bottom Scoop,1
8.82E+12,ALST010,"Thunder Group ALST010 Aluminum 17"" x 21-1/2"" Steamer Set 3/8"" Perforations Set",1
8.82E+12,ALSPR010,"Thunder Group ALSPR010 20-1/4""  Aluminum Tier Sheet Pan Rack with 4 Casters Set,",1
8.82E+12,ALSP1826PG,"Thunder Group ALSP1826PG Aluminum 18"" x 26"" Full Size Fully Perforated Glazed Sheet Pan",1
8.82E+12,ALSP1826PF,"Thunder Group ALSP1826PF Aluminum 18"" x 26"" Full Size Sheet Pan",1
8.82E+12,ALSP1826M,"Thunder Group ALSP1826M Aluminum 18"" x 26"" Full Size Sheet Pan",1
8.82E+12,ALSP1622,"Thunder Group ALSP1622 Aluminum 16"" x 22"" Two-Thirds Size Sheet Pan",1
8.82E+12,ALSKSS002,"Thunder Group ALSKSS002 2-3/4 Qt Aluminum 8-1/4"" x 4"" Sauce Pan",1
8.82E+12,ALSKSP105,"Thunder Group ALSKSP105 Aluminum 13-1/2"" Stock Pot Lid",1
8.82E+12,ALSKSP015,"Thunder Group ALSKSP015 200 Qt Aluminum 24 1/8"" x 6mm Thick Stock Pot With Quad Handles",1
8.82E+12,ALSKSP014,"Thunder Group ALSKSP014 160 Qt Aluminum 21 3/4"" x 6mm Thick Stock Pot With Quad Handles",1
8.82E+12,ALSKSP013,"Thunder Group ALSKSP013 140 Qt Aluminum 23"" x 6mm Thick Stock Pot With Quad Handles",1
8.82E+12,ALSKSP012,"Thunder Group ALSKSP012 120 Qt Aluminum 22"" x 6mm Thick Stock Pot With Quad Handles",1
8.82E+12,ALSKSP011,"Thunder Group ALSKSP011 100 Qt Aluminum 20-1/4"" x 4mm Thick Stock Pot",1
8.82E+12,ALSKSP008,"Thunder Group ALSKSP008 50 Qt Aluminum 16-3/8"" x 4mm Thick Stock Pot",1
8.82E+12,ALSKSP005,"Thunder Group ALSKSP005 24 QtAluminum 13"" x 4mm Thick Stock Pot",1
8.82E+12,ALSKFP104C,"Thunder Group ALSKFP104C 12"" Diameter x 2-1/8"" Height, 9-7/8"" Length x 1-1/8"" Width Plated Iron Riveted Handle, Non-Stick Fry Pan",1
8.82E+12,ALSKFP103C,"Thunder Group ALSKFP103C 10"" Diameter x 2"" Height, 7-3/8"" Length x 7/8"" Width Plated Iron Riveted Handle, Non-Stick Fry Pan",1
8.82E+12,ALSKFP002C,"Thunder Group ALSKFP002C Aluminum 8"" x 3.2mm Thick Fry Pan",1
8.82E+12,ALSKBP007,"Thunder Group ALSKBP007 Aluminum 21-7/8"" x 5-5/8"" Brazier Pot with Lid",1
8.82E+12,ALSKBP001,"Thunder Group ALSKBP001 Aluminum 11-1/2"" x 5-1/2"" Brazier Pot with Lid",1
8.82E+12,ALSKBK005,"Thunder Group ALSKBK005 Aluminum 24 Qt 11-3/8"" x 9-1/2"" Steamer Basket",1
8.82E+12,ALSF002,"Thunder Group ALSF002 Aluminum 10-7/8"" x 5-5/8"" Fryer Sauce Pan",1
8.82E+12,ALSB006,"Thunder Group ALSB006 Aluminum 12"" x 3-1/4 Colander with Tapered Edge",1
8.82E+12,ALSB002,"Thunder Group ALSB002 Aluminum 17-1/2"" x 5"" Colander With Tapered Edge",1
8.82E+12,ALRDH002,Thunder Group ALRDH002 Aluminum 10 oz Dredger without Handle,1
8.82E+12,ALPZ16,"Thunder Group ALPZ16 Aluminum 16"" Seamless Rim Pizza Screen",1
8.82E+12,ALPTCS014,"Thunder Group ALPTCS014 Aluminum 14"" Coupe Style Pizza Tray",1
8.82E+12,ALKAM020,Thunder Group ALKAM020 Aluminum 2 qt Liquid Measure Cup with riveted Handle,1
8.82E+12,ALKAM005,Thunder Group ALKAM005 Aluminum 1/2 qt Liquid Measure Cup with Riveted Handle,1
8.82E+12,ALHP004A,"Thunder Group ALHP004A Aluminum 4-1/2"" Hamburger Press",1
8.82E+12,ALHDCO002,"Thunder Group ALHDCO002 Aluminum 15"" x 7-3/4"" Colander with Handles and Base",1
8.82E+12,ALHDCO001,"Thunder Group ALHDCO001 Aluminum 12-3/8"" x 7-1/4"" Colander with Handles and Base",1
8.82E+12,ALFPEX003C,"Thunder Group ALFPEX003C 10"" Diameter x 2"" Height, 7-3/8"" Length x 7/8"" Width Plated Iron Riveted Handle, Fry Pan, Aluminum, 3.5mm Thickness",1
8.82E+12,ALDN2060,"Thunder Group ALDN2060 20"" Aluminum Heavy-Duty Dunnage Rack, Silver",1
8.82E+12,ALDN2048E,"Thunder Group ALDN2048E 48"" Aluminum Heavy-Duty Dunnage Rack, Silver",1
8.82E+12,ALCP1403,"Thunder Group ALCP1403 14"" x 3"" Aluminum Round Layer Cake Pan",1
8.82E+12,ALCP0602,"Thunder Group ALCP0602 6"" x 2"" Aluminum Round Layer Cake Pan",1
8.82E+12,AD313WS,"Thunder Group AD313WS 5 oz Melamine Dessert Dish, Pack of 12",1
8.82E+12,7008BO,"Thunder Group 7008BO 1-1/2 oz Melamine Rice Ladle, Pack of 12",1
8.82E+12,7003BB,"Thunder Group 7003BB 3/4 oz Melamine Wonton Soup Spoon, Pack of 12",1
8.82E+12,7002BB,"Thunder Group 7002BB 1/2 oz Melamine Soup Spoon, Pack of 12",1
8.82E+12,69008WT,"Thunder Group 69008WT 60 oz Melamine Square Bowl, Pack of 12",1
8.82E+12,63010WT,"Thunder Group 63010WT 22 oz Melamine Pasta Bowl, Pack of 12",1
8.82E+12,5308BB,"Thunder Group 5308BB 48 oz Melamine Swirl Bowl, Pack of 12",1
8.82E+12,49136PR,"Thunder Group 49136PR Classic Pure Red 13"" x 6-1/2"" Melamine Rectangle Tray, Pack of 12",1
8.82E+12,45-5,"Thunder Group 45-5 Wooden Miso Soup Bowl 9 oz, Pack of 12",1
8.82E+12,45-4,"Thunder Group 45-4 Wooden Miso Soup Bowl 9 oz, Pack of 12",1
8.82E+12,3703TM,"Thunder Group 3703TM Tenmoku 3-1/4"" Melamine Sauce dish, Pack of 12",1
8.82E+12,3545J,"Thunder Group 3545J Wei 4-1/2"" Melamine Saucer, Pack of 12",1
8.82E+12,3201BB,"Thunder Group 3201BB Blue Bamboo 20 oz Melamine Bowl, Pack of 12",1
8.82E+12,29110BK,"Thunder Group 29110BK Classic Black 10-1/4"" x 4"" Melamine Rectangular Appetizer Tray, Pack of 12",1
8.82E+12,29012PR,"Thunder Group 29012PR Classic Pure Red 12"" x 12"" Melamine Square Plate, Pack of 12",1
8.82E+12,29009BK,"Thunder Group 29009BK Classic Black 9"" x 9"" Melamine Square Plate, Pack of 12",1
8.82E+12,24140BK,"Thunder Group 24140BK Classic Black 13-1/2"" x 9-1/8"" Melamine Wavy Rectangular Plate, Pack of 12",1
8.82E+12,24007WT,"Thunder Group 24007WT Classic White 7-3/8"" x 7-3/8"" Square Melamine Flare Plate, Pack of 12",1
8.82E+12,2010BB,"Thunder Group 2010BB Blue Bamboo 9-7/8"" x 7-1/4"" Melamine Platter, Pack of 12",1
8.82E+12,2008BB,"Thunder Group 2008BB Blue Bamboo 8"" x 6"" Melamine Platter, Pack of 12",1
8.82E+12,1810TM,"Thunder Group 1810TM Tenmoku 10-1/2"" Melamine Lotus Shape Plate, Pack of 12",1
8.82E+12,1808TM,"Thunder Group 1808TM Tenmoku 8-1/4"" Melamine Lotus Shape Plate, Pack of 12",1
8.82E+12,1708TM,"Thunder Group 1708TM Tenmoku 8-1/4"" Melamine Round Plate, Pack of 12",1
8.82E+12,1704TM,"Thunder Group 1704TM Tenmoku 4"" Melamine Round Plate, Pack of 12",1
8.82E+12,1308BB,"Thunder Group 1308BB Blue Bamboo 8-5/8"" Melamine Dinner Plate, Pack of 12",1
8.82E+12,1305BB,"Thunder Group 1305BB Blue Bamboo 5-1/4"" Melamine Dinner Plate, Pack of 12",1
8.82E+12,1203J,"Thunder Group 1203J Wei 6"" x 5-1/2"" Melamine Oblong Platter, Pack of 12",1
8.82E+12,1102DL,"Thunder Group 1102DL Blue Dragon 2 oz Melamine Twin Sauce Dish, Pack of 12",1
8.82E+12,1101TR,"Thunder Group 1101TR Longevity 1 oz Melamine Sauce Dish, Pack of 12",1
8.82E+12,102.8BB,"Thunder Group 102.8BB Blue Bamboo 2 oz Melamine Sauce Dish, Pack of 12",1
8.82E+12,1014BB,"Thunder Group 1014BB Blue Bamboo 14-1/8"" Melamine Round Plate, Pack of 12",1
8.82E+12,1010BB,"Thunder Group 1010BB Blue Bamboo 10-3/8"" Melamine Round Plate, Pack of 12",1
8.82E+12,1007BB,"Thunder Group 1007BB Blue Bamboo 6-7/8"" Melamine Round Plate, Pack of 12",1
8.82E+12,1006BB,"Thunder Group 1006BB Blue Bamboo 6"" Melamine Round Plate, Pack of 12",1
8.82E+12,1003DL,"Thunder Group 1003DL Blue Dragon 3 oz Melamine Sauce Dish, Pack of 12",1
8.82E+12,0011J,"Thunder Group 0011J Wei 8-1/2"" x 4-3/4"" Rectangular Melamine Sashimi Platter, Pack of 12",1
8.82E+12,3705,"Thunder Group 3705 Gold Orchid 7 oz Melamine Wavy Rice Bowl, Pack of 12",1
8.82E+12,GP-3MINI,"Bar Maid GP-3MINI 110V Glass Polisher with 3 Heads, 290 Glasses/Hr Capacity.",1
8.82E+12,CP-REFILL,Bar Maid CP-REFILL 12.5 lbs Refill Bag of Granulated Cutlery Polisher,1
8.82E+12,BMP-1125C,Bar Maid BMP-1125C Clear 1 1/4oz Premium No Collar Pourers,1
8.82E+12,A-200,Bar Maid A-200 Upright 115v Glass Washing Machine,1
8.81E+12,TPP-AT-60D-2-HC-SPEC3,"True TPP-AT-60D-2-HC-SPEC3 60 1/4"" Spec Series Refrigerated Pizza Prep Table with Two Drawers and One Door,115v/1ph",1
8.81E+12,STR2DT-2S,"True STR2DT-2S 52 5/8""  Spec Series Stainless Steel 2 Section Solid Door Dual Temperature Reach-In Refrigerator/Freezer, 115v/1ph",1
8.81E+12,TDR48-RISZ1-L-B-SG-1,"True TDR48-RISZ1-L-B-SG-1 48"" TBR/TDR Series Powder-Coated Steel Kegerator Beer Dispenser with1 Keg Capacity and 1 Column,Black,115v/1ph",1
8.81E+12,TBR60-RISZ1-L-S-SS-1,"True TBR60-RISZ1-L-S-SS-1 60"" TBR/TDR Series Stainless Steel Narrow Back Bar Refrigerator with Swinging Solid Doors and LED Lighting, 115v/1ph",1
8.81E+12,TBR48-RISZ1-L-S-GG-1,"True TBR48-RISZ1-L-S-GG-1 48"" TBR/TDR Series Stainless Steel Narrow Back Bar Refrigerator with Swinging Glass Doors, Silver,115v/1ph",1
8.81E+12,TBR48-RISZ1-L-B-SS-1,"True TBR48-RISZ1-L-B-SS-1 48"" TBR/TDR Series Stainless Steel Narrow Back Bar Refrigerator with LED Lighting, Black,115v/1ph",1
8.81E+12,TBR108-RISZ1-L-S-GGGG-1,"True TBR108-RISZ1-L-S-GGGG-1 108"" TBR/TDR Series Stainless Steel Bar Refrigerator 4 Swinging Glass Doors with LED Lighting, Silver, 115v/1ph",1
8.81E+12,TBR108-RISZ1-L-B-GGGG-1,"True TBR108-RISZ1-L-B-GGGG-1 108"" TBR/TDR Series Stainless Steel Back Bar Refrigerator with LED Lighting with 4 Swinging Glass Doors, Black,115v/1ph",1
8.81E+12,GDM-41C-48-HC-LD,"True GDM-41C-48-HC-LD 48""  GDM Series Two Section Glass Door Merchandiser with 2 Sliding Doors and Hydrocarbon Refrigerant, Black, 115v",1
8.81E+12,TWT-93-HC,"True TWT-93-HC 93 1/4"" TUC/TWT Series Deep Worktop Refrigerator with 3 Sections and 3 9/16"" Backsplash, Silver,115v/1ph",1
8.81E+12,TWT-67D-4-HC,"True TWT-67D-4-HC 67 1/4"" TUC/TWT Series Stainless Steel Deep Worktop Refrigerator with 4 Drawers, 2 Sections and 3 9/16"" Backsplash,Silver,115v/1ph",1
8.81E+12,TSSU-72-30M-B-ST-FGLID-HC-SPEC3,"True TSSU-72-30M-B-ST-FGLID-HC-SPEC3 72"" Stainless-Steel Mega-Top Solid Door Sandwich/Salad Prep Table with Refrigerated Base,115v/1ph",1
8.81E+12,TRCB-79-86-HC,"True TRCB-79-86-HC 86 1/4"" TRCB Series Stainless Steel and Aluminum Refrigerated Chef Base with 4 Drawers and 3 5/8"" Overhang,115v/1ph",1
8.81E+12,TRCB-72-HC,"True TRCB-72-HC 72 3/8"" TRCB Series Stainless Steel and Aluminum Refrigerated Chef Base with 4 Drawers and Side Mounted Compressor, 115v/1ph",1
8.81E+12,TRCB-52-60-HC,"True TRCB-52-60-HC  60"" TRCB Series Stainless Steel and Aluminum Chef Base Drawered Refrigerator with Hydrocarbon Refrigerant and 2 Drawers, Silver,115v/1ph",1
8.81E+12,TPP-AT-60D-2-HC,"True TPP-AT-60D-2-HC 60 1/4"" TPP Series Stainless Steel and Aluminum Refrigerated Pizza Prep Table with Two Drawers, One Door, and Refrigerated Base, 115v",1
8.81E+12,TPP-AT-119D-4-HC,"True TPP-AT-119D-4-HC 119 1/4"" TPP Series Stainless Steel and Aluminum Pizza Prep Table with Refrigerated Base Four Drawers and Two Doors, Silver,115v/1ph",1
8.81E+12,TPP-AT-119D-2-HC,"True TPP-AT-119D-2-HC 119 1/4"" TPP Series Stainless Steel and Aluminum Pizza Prep Table with Refrigerated Base Two Drawers and Three Doors, Silver,115v/1ph",1
8.81E+12,TOAM-72-HC-TSL01,"True TOAM-72-HC-TSL01 72"" TOAM Series Stainless Steel and Aluminum Refrigerated Air Curtain Merchandiser with 5 Levels and Sign Panel,Black,208 - 230v/1ph",1
8.81E+12,TOAM-72GS-HC-NSL01,"True TOAM-72GS-HC-NSL01 72"" TOAM Series Stainless Steel and Aluminum Refrigerated Vertical Open Air Cooler with 5 Levels, Black, 208-230v/1ph",1
8.81E+12,TOAM-36GS-HC-TSL01,"True TOAM-36GS-HC-TSL01 36"" TOAM Series Stainless Steel and Aluminum Refrigerated Air Curtain Merchandiser with Glass Sides and Sign Panel,Black,115v/1ph",1
8.81E+12,TOAM-30GS-HC-NSL01,"True TOAM-30GS-HC-NSL01 30"" TOAM Series Stainless Steel and Aluminum  Vertical Open Air Cooler with 5 Levels, Black, 115v/1ph",1
8.81E+12,STR2RPT-4HG-2S-HC,"True STR2RPT-4HG-2S-HC 52 5/8"" Spec Series Stainless Steel Two Section Pass Thru Refrigerator with 4 Glass Doors and 2 Solid Doors,Silver, 115v/1ph",1
8.81E+12,STR2HPT-2G-2S,"True STR2HPT-2G-2S 52 5/8"" Spec Series Stainless Steel Full Height Insulated Mobile Heated Cabinet with 6 Pan Capacity, 208-240v/1ph",1
8.81E+12,STR2F-2S-HC,"True STR2F-2S-HC 52 5/8"" Spec Series Stainless Steel Two Section Reach In Freezer, 2 Solid Doors, 115v/1ph",1
8.81E+12,STR2DT-4HS,"True STR2DT-4HS 52 5/8"" Spec Series Stainless Steel Two Section Commercial Combo Refrigerator Freezer with Solid Doors and Dual Temperature, 115v/1ph",1
8.81E+12,STR1RRI89-1S,"True STR1RRI89-1S 35"" Spec Series Stainless Steel Roll In Refrigerator with One Section with Right Hinge Solid Door, 115v.1ph",1
8.81E+12,STR1R-1S-HC,"True STR1R-1S-HC 27 1/2"" Stainless Steel Spec Series Reach-In Refrigerator 1 Right Hinge Solid Door and LED Lighting, Silver, 115v/1ph",1
8.81E+12,STR1FRI-1S,"True STR1FRI-1S 35"" Spec Series Stainless Steel One Section Roll-In Freezer, 1 Solid Door,Silver,115v/1ph",1
8.81E+12,STR1DTA-2HS-HC,"True STR1DTA-2HS-HC 27 1/2"" Spec Series Stainless Steel  Commercial Combo Refrigerator Freezer with Right Hinge Solid Doors and Dual Temperature , Silver,115/1ph",1
8.81E+12,STG2RPT-4HG-2G-HC,"True STG2RPT-4HG-2G-HC  52 5/8"" Spec Series Stainless Steel and Aluminum Pass-Through Refrigerator with Glass Back Full Door and (6) Left/Right Hinge Glass Doors, 115v/1ph",1
8.81E+12,STG2F-4HS-HC,"True STG2F-4HS-HC 52 5/8"" Spec Series Stainless Steel and Aluminum Two Section Reach In Freezer,4 Solid Doors,Silver,115v/1ph",1
8.81E+12,STA2RRI-2G,"True STA2RRI-2G 68"" Spec Series Stainless Steel and Aluminum Two Section Roll In Refrigerator, (2) Left/Right Hinge Glass Doors, 115v/1ph",1
8.81E+12,STA2RPT-2G-2S-HC,"True STA2RPT-2G-2S-HC  52 5/8"" Spec Series Stainless Steel and Aluminum Two Section Pass Thru Refrigerator, (4) Left/Right Hinge Glass Doors,Silver,115v/1ph",1
8.81E+12,STA2FRI-2S,"True STA2FRI-2S 68"" Stainless Steel and Aluminum Spec Series Two Section Roll-In Freezer, 2 Solid Door,  Silver 115v/208-230v, 1ph",1
8.81E+12,STA2F-2S-HC,"True STA2F-2S-HC 52 5/8"" Stainless Steel and Aluminum Spec Series Two Section Reach In Freezer, 2 Solid Door, Silver, 115v/1ph",1
8.81E+12,STA2DT-2S,"True STA2DT-2S  52 5/8"" Stainless Steel and Aluminum Spec Series Solid Door Reach-In Refrigerator / Freezer with Chrome-Plated Shelves, Silver, 115/1ph",1
8.81E+12,STA1RRT-1G-1S,"True STA1RRT-1G-1S 35"" Stainless Steel and Aluminum Spec Series One Section Roll Thru Refrigerator, 1 Glass Door, 1 Solid Door, 115v/1ph",1
8.81E+12,STA1RRI-1G,"True STA1RRI-1G 35"" Stainless Steel and Aluminum Spec Series One Section Roll In Refrigerator, 1 Right Hinge Glass Door, Silver, 115v/1ph",1
8.81E+12,STA1FRI-1S,"True STA1FRI-1S 35"" Spec Series Stainless Steel and Aluminum One Section Roll-In Freezer,1 Solid Door, Silver,115v/1ph",1
8.81E+12,STA1FPT-2HS-2HS,"True STA1FPT-2HS-2HS 27 1/2"" Spec Series Stainless Steel and Aluminum  One Section Pass Thru Freezer, 4 Solid Door, Silver, 115v/1ph",1
8.81E+12,STA1F-1G-HC,"True STA1F-1G-HC 27 1/2"" Spec Series Stainless Steel and Aluminum One Section Reach In Freezer with LED Lighting, 1 Glass Door, 115v/1ph",1
8.81E+12,TSSU-60-12M-B-HC,"True TSSU-60-12M-B-HC 60"" TSSU Series Sandwich/Salad Prep Table with Refrigerated Base and 12 Pans, 115v/1ph",1
8.81E+12,TSSU-60-08-HC,"True TSSU-60-08-HC 60""TSSU Series Stainless Steel and Aluminum Sandwich/Salad Prep Table with Refrigerated Base, Silver, 115v/1ph",1
8.81E+12,TSSU-48-10-HC,"True TSSU-48-10-HC 48"" Stainless Steel and Aluminum TSSU Series Sandwich/Salad Prep Table with Refrigerated Base and Two Doors,115v/1ph",1
8.81E+12,TSD-09G-HC-LD,"True TSD-09G-HC-LD 36"" Stainless Steel and Aluminum Countertop Refrigerator with Front Access Sliding Doors, Silver, 115v/1ph",1
8.81E+12,TS-49F-4-HC,"True TS-49F-4-HC  54"" Stainless Steel Two Section Reach In Freezer with LED Lighting, 4 Solid Doors,Silver, 115v/1ph",1
8.81E+12,TFP-64-24M-FGLID,"True TFP-64-24M-FGLID 64"" TFP Series Stainless Steel Two Section Sandwich / Salad Unit with Two Doors, Silver,115v/1ph",1
8.81E+12,TDD-2CT-HC,True TDD-2CT-HC Club Top Draft Beer Cooler (2) 1/2 Keg Capacity,1
8.81E+12,TDD-1-HC,"True TDD-1-HC 23 1/2"" TBB/TDD Series Stainless Steel Draft Beer Cooler (1) 1/2 Keg Capacity, 1 Column, Black,115v/1ph",1
8.81E+12,TD-95-38-S-HC,"True TD-95-38-S-HC 95"" TD/GC Series Galvanized Steel Forced Air Bottle Cooler Holds (900) 12 oz Bottles, Lid Locks,        Silver,115v/1ph",1
8.81E+12,TBB-4PT-S,"True TBB-4PT-S 90 3/8"" TBB/TDD Series Stainless Steel Bar Refrigerator with 3 Swinging Solid Doors, 115v/1ph",1
8.81E+12,TBB-4G-S-HC-LD,"True TBB-4G-S-HC-LD 90 3/8"" TBB/TDD Series:Stainless Steel and Aluminum Bar Refrigerator 3 Swinging Glass Doors,115v/1ph",1
8.81E+12,TBB-3-S-HC,"True TBB-3-S-HC 69 1/8"" TBB/TDD Series Stainless Steel and Aluminum Solid Door Back Bar Refrigerator with LED Lighting, 115v/1ph",1
8.81E+12,TBB-24GAL-72G-HC-LD,"True TBB-24GAL-72G-HC-LD 71 7/8"" TBB/TDD Series Stainless Steel Bar Refrigerator 3 Swinging Glass Doors, Black, 115v/1ph",1
8.81E+12,TBB-24GAL-60G-HC-LD,"True TBB-24GAL-60G-HC-LD 59"" Two Section Back Bar Cooler",1
8.81E+12,TBB-24-72-S-HC,"True TBB24-72-3S-Z1-SFT-S-1 72 1/8"" TBB/TDD Series Galvanized Steel Bar Refrigerator 3 Swinging Solid Doors,115v/1ph",1
8.81E+12,TBB-24-72G-S-HC-LD,True TBB-24GAL-72G-S-HC-LD 71 7/8 Three Section Back Bar Cooler,1
8.81E+12,T-49FG-HC-FGD01,"True T-49FG-HC-FGD01 54 1/8"" Stainless Steel and Aluminum  2 Section Glass Door Reach-In Freezer with LED Lighting, Silver, 115v/1ph",1
8.81E+12,T-49-2-G-2-HC-FGD01,"True T-49-2-G-2-HC-FGD01 54.13"" T-Series Stainless Steel and Aluminum Two Section Reach In Refrigerator, 2 Glass Doors, 2 Solid Doors, Left/Right Hinge, 115v/1ph",1
8.81E+12,T-23DT-G-HC-FGD01,"True T-23DT-G-HC-FGD01 27"" Aluminum Bottom Mounted Glass Half Door Reach-In Combination Refrigerator / Freezer, Silver, 115v/1ph",1
8.81E+12,T-19FZ-HC,"True T-19FZ-HC 27"" Stainless Steel 1 Section Reach-in 1 Freezer, Silver,115v/1ph",1
8.81E+12,T-19F-HC,"True T-19F-HC_LH 27"" Aluminum 1 Section Reach In Freezer with 1 Left Hinge Solid Door, 115v/1ph",1
8.81E+12,T-11-HC,"True T-11-HC 19.25"" T Series Aluminum One Section Reach In Refrigerator,1 Right Hinge Solid Door, Silver, 115v/1ph",1
8.81E+12,T-11G-HC-TSL01,"True T-11G-HC-TSL01 19 1/4"" Aluminum One Section Reach In Refrigerator, 1 Right Hinge Glass Door, 115v/1ph",1
8.81E+12,STG2RRT-2S-2S,"True STG2RRT-2S-2S 68"" Aluminum Spec Series Two Section Roll Thru Refrigerator, 4 Left/Right Hinge Solid Doors, Silver, 115v/1ph",1
8.81E+12,STG1RRI89-1S,"True STG1RRI89-1S 35"" Spec Series Stainless Steel and Aluminum One Section Roll In Refrigerator, 1 Right Hinge Solid Door, 115v/1ph",1
8.81E+12,STG1RRI-1G,"True STG1RRI-1G 35"" Spec Series Stainless Steel and Aluminum One Section Roll In Refrigerator, 1 Right Hinge Glass Door, 115v/1ph",1
8.81E+12,STG1R-1G-HC,"True STG1R-1G-HC 27 1/2"" Spec Series Stainless Steel and Aluminum One Section Reach In Refrigerator, 1 Right Hinge Glass Door, 115v",1
8.81E+12,STG1DT-2HS-HC,"True STG1DT-2HS-HC 28"" Stainless Steel and Aluminum Spec Series One Section Commercial Combo Refrigerator Freezer - Right Hinge Solid Doors, Dual Temp, 115v/1ph",1
8.81E+12,GDM-49FC-HC-TSL01,"True GDM-49FC-HC-TSL01_WH 54.13"" GDM Series Aluminum and Stainless Steel Two Section Floral Merchandiser Two-section, 115v/1ph",1
8.81E+12,GDM-47RL-HC-LD,"True GDM-47RL-HC-LD_WH  54-1/8"" Aluminum and Stainless Steel Refrigerated Merchandiser Pass Thru, 115v/1ph",1
8.81E+12,GDM-35F-TSL01,"True GDM-35F-HC-TSL01 39 1/2"" GDM Series Aluminum Glass Door Merchandiser Freezer with LED Lighting,Black, 115v",1
8.81E+12,GDM-19T-HC-TSL01,"True GDM-19T-HC-TSL01 27"" One Section Glass Door Merchandiser, 1 Right Hinge Door, Black, 115v/1ph",1
8.81E+12,GDM-12FC-HC-TSL01,"True GDM-12FC-HC-TSL01 24 7/8"" GDM Series Refrigerated Glass Door Floral Case with LED Lighting, Black, 115v/1ph",1
8.81E+12,GDM-10F-HC-TSL01,"True GDM-10F-HC-TSL01 24 7/8"" GDM Series Glass Door Merchandiser Freezer with LED Lighting, Black, 115v/1ph",1
8.81E+12,GDM-09-SQ-S-HC-LD,"True GDM-09-SQ-S-HC-LD 36"" GDM Series Stainless Countertop Refrigerator with Front Access Sliding Doors, Silver, 115v/1ph",1
8.81E+12,GDM-07-S-HC-TSL01,"True GDM-07-S-HC-TSL01 24"" GDM Series Stainless Steel Countertop Refrigerator with Front Access and Swing Door, 115v/1ph",1
8.81E+12,GDM-07F-HC-TSL01,"True GDM-07F-HC-TSL01 24 1/8"" GDM Series Black-Coated Steel Countertop Glass Door  Merchandiser Freezer with LED Lighting, Black, 115v/1ph",1
8.81E+12,GDM-05-HC-TSL01,"True GDM-05-HC-TSL01 23 3/8"" Aluminum and Stainless Steel Countertop Display Refrigerator with Swing Door, Black 115v/1ph",1
8.81E+12,GDIM-49NT-HC-TSL01 (Ice Merchendiser),"True GDIM-49NT-HC-TSL01 54 1/8"" Two Section Black Glass Door Ice Merchandiser with LED Lighting, Black,115v/1ph",1
8.81E+12,FLM-81F-TSL01,"True FLM-81F-TSL01 80 3/4"" Black Glass Door Merchandiser Freezer with LED Lighting and Full Length Doors, White, 115v/1ph",1
8.81E+12,FLM-81-TSL01,"True FLM-81-TSL01 81"" Three Section Glass Door Merchandiser with Swinging Doors, Black, 115v/1ph",1
8.81E+12,GDIM-26NT-HC-TSL01 (Ice Merchendiser),"True GDIM-26NT-HC-TSL01_WH  30"" Indoor Ice Merchandiser with (54) 8 lb Bag Capacity  Glass Door, White, 115v/1ph",1
8.81E+12,FLM-27F-TSL01,"True FLM-27F-TSL01 27"" FLM Series One Section Display Freezer with Swing Door Bottom and Mount Compressor, Black, 115v/1ph",1
8.81E+12,FLM-27-TSL01,"True FLM-27-TSL01 27"" FLM Series One Section Glass Door Merchandiser with LED Lighting, Full-Length Right Hinge Door, 115v/1ph",1
8.81E+12,TWT-72-HC,"True TWT-72-HC 72"" TUC/TWT Series Worktop Refrigerator with 3 Sections, 115v/1ph",1
8.81E+12,TUC-48F-HC,"True TUC-48F-HC 48 3/8"" TUC/TWT Series Stainless Steel and Aluminum Undercounter Freezer with 2 Sections & 2 Doors, 115v/1ph",1
8.81E+12,TSSU-36-08-HC,"True TSSU-36-08-HC 36"" TSSU Series Stainless Steel and Aluminum 2 Door Sandwich/Salad Prep Table with Refrigerated Base, 115v/1ph",1
8.81E+12,TS-23-HC,"True TS-23-HC 27"" TS Series Stainless Steel One Section Reach In Refrigerator, 1 Right Hinge Solid Door, Silver, 115v/1ph",1
8.81E+12,TFP-72-30M-D-6,"True TFP-72-30M-D-6 72"" Sandwich/Salad Prep Table with Refrigerated Base, 115v/1ph",1
8.81E+12,TBB-24-48G-HC-LD,"True TBB-24-48G-HC-LD 49 1/8""  Narrow Glass Door Back Bar Refrigerator with LED Lighting, Black, 115v/1ph",1
8.81E+12,TBB-3G-HC-LD,"True TBB-3G-HC-LD 69 1/8"" Back Bars Refrigerator 2 Swinging Glass Doors, Black, 115v/1ph",1
8.81E+12,T-72F-HC,"True T-72F-HC 78 1/8"" Stainless Steel and Aluminum Back Bar Refrigerator with LED Lighting, Black, 115v/1ph",1
8.81E+12,T-35F-HC,"True T-35F-HC 39 1/2"" Aluminum 2 Section 2 Solid Doors Reach In Freezer, 115v/1ph",1
8.81E+12,GDM-47-HC-LD,"True GDM-47-HC-LD 54 1/8"" GDM Series White Refrigerated Sliding Glass Door Merchandiser with LED Lighting, 115v/1ph",1
8.81E+12,GDM-41-HC-LD,"True GDM-41-HC-LD 47.13"" GDM Series 2 Section Glass Door Merchandiser, 2 Sliding Doors, White & Black,115v/1ph",1
8.81E+12,GDM-23-HC-TSL01,"True GDM-23-HC-TSL01 27"" GDM Series One Section Glass Door Merchandiser 1 Left Hinged Door, White & Black, 115v/1ph",1
8.81E+12,GDM-07-HC-TSL01,"True GDM-07-HC-TSL01 24 7/8"" Countertop Display Refrigerator with Front Access Swing Door, Black,115v/1ph",1
8.81E+12,UYP0240A-251Z,"Manitowoc UYP0240A-251Z NEO 26"" Air Cooled Undercounter Ice Machine With 90 lbs Bin, 219 lbs/day",1
8.81E+12,UYF0310W-161B,"Manitowoc UYF0310W NEO 30"" Water Cooled Undercounter Half Dice Cube Ice Machine with 119 lb. Bin, 120V, 293 lbs/day",1
8.81E+12,UYF0240A-161B,"Manitowoc UYF0240A NEO 26"" Air Cooled Undercounter Half Dice Cube Ice Machine with 90 lb. Bin, 115V, 219 lb.",1
8.81E+12,UYF0190A-251Z,"Manitowoc UYF0190A-251Z 26"" Air Cooled Undercounter Ice Machine With 90 lbs Bin, 193 lbs",1
8.81E+12,UYF0190A-161B,"Manitowoc UYF0190A NEO 26"" Air Cooled Undercounter Half Dice Cube Ice Machine with 90 lb. Bin, 115V, 193 lb.",1
8.81E+12,USP0100A-161,"Manitowoc USP0100A-161 CrystalCraft 20"" Air Cooled Undercounter Square Cube Ice Machine with 38 lb. Bin, 115V, 100 lbs/day",1
8.81E+12,UNP0200A-161*,"Manitowoc UNP0200A-161 20"" Air Cooled Undercounter Nugget Ice Machine, Chewable Ice, 220 lbs/day, 115V",1
8.81E+12,UNK0300AZ-251,"Manitowoc UNK0300AZ 29.06"" Air Cooled Undercounter Nugget Ice Machine with 60 lbs Bin, 300-400 lbs/day, 230V",1
8.81E+12,UFK0350AZ-251,"Manitowoc UFK0350AZ 29.06"" Air Cooled Undercounter Flake Ice Machine with 50 lb. Bin, 300-400 lbs/day, 230V",1
8.81E+12,UDF0310A-161B,"Manitowoc UDF0310A-161B NEO 30"" Air Cooled Undercounter Dice Cube Ice Machine with 119 lb. Bin, 115V, 286 lbs/day",1
8.81E+12,UDF0190A-161B,"Manitowoc UDF0190A-161B NEO 26"" Air Cooled Undercounter Full Cube Ice Machine With Bin, 198 lbs/day",1
8.81E+12,UCP0050A-161,"Manitowoc UCP0050A Top Hat Air Cooled Undercounter Ice Machine, 52 lbs/day",1
8.81E+12,SPA162-251,"Manitowoc SPA162 22"" Vending Ice Dispenser with Touchless Lever 120 lb",1
8.81E+12,RNP0620A-161,"Manitowoc RNP0620A-161 22"" Air Cooled Nugget Ice Machine Head Without Storage Bin, 591 lbs/day, 115V, 1Hp",1
8.81E+12,RNK0620AZ-251,"Manitowoc RNK0620AZ 22"" Air Cooled Nugget Ice Machine Head Without Storage Bin, 500-600 lbs/day, 230V",1
8.81E+12,RNK0320AZ-251,"Manitowoc RNK0320AZ 22"" Air Cooled Nugget Ice Machine Head Without Storage Bin, 300-400 lbs/day, 230V",1
8.81E+12,RFP0620A-161,"Manitowoc RFP0620A-161 22"" Air Cooled Flake Ice Machine Head Without Storage Bin, 682 lbs/day, 115V, 1 hp",1
8.81E+12,RFK1300AZ-251,"Manitowoc RFK1300AZ 30"" Air Cooled Flake Ice Machine Head Without Storage Bin, 1000-1500 lbs/day, 230V",1
8.81E+12,RFK0320AZ-251,"Manitowoc RFK0320AZ-251 22"" Air Cooled Flake Ice Machine Head Without Storage Bin, 370 lbs/day, 230V, 1ph",1
8.81E+12,RFF1300W-261,"Manitowoc RFF1300W 30"" Water Cooled Flake Ice Machine Head Without Storage Bin, 1365 lbs/day, 208-230V",1
8.81E+12,RCUF2200-263,"Manitowoc RCUF2200 QuietQube 34"" Remote Ice Machine Condenser Unit, 208/230V, 3 Phase",1
8.81E+12,LBCS1360- CAP 772 lbs,Manitowoc LBCS1360 Large Bin Cart System for Ice Storage 772 lb.,1
8.81E+12,K00519- Neo,Manitowoc K00519 LuminIce II Growth Inhibitor for U-Series NEO Undercounter U140 - U310,1
8.81E+12,K00496  AR-Pre-P (12),"Manitowoc K00496 Cartridge for Arctic Pure Plus AR-PREP Pre-Filter Water Filtration Systems, 1.5 GPM",1
8.81E+12,"K00481B (48""W X 29.5"" H)",Manitowoc K00481B Top Air Discharge Kit for iT1500 & iT1900 Ice Machines,1
8.81E+12,K00454- Gen II Bulb Std,"Manitowoc K00454 Replacement LuminIce II Bulb, UV Light",1
8.81E+12,K00453- Stand,Manitowoc K-00453 RNS Stand for an RNS-12 or RNS-20 Countertop Unit,1
8.81E+12,K00450- Indigo small,Manitowoc K00450 LuminIce II Growth Inhibitor for Indigo i-300 to i-1200 & QuietQube i-680C to i-1070C,1
8.81E+12,"K00379 ( 30""W X 21"" H)","Manitowoc K00379 Top Air Discharge Kit for S-450, S-500, S-600 series & Indigo 450, 500, 606 Ice Machines",1
8.81E+12,K00374001 AR2800(12),"Manitowoc K-00339 Replacement Cartridge For Arctic Pure AR-20000 and AR-40000, 125 PSI, 0.75 GPM",1
8.81E+12,K00343- Enduro300,"Manitowoc K00343 IB Adapter For Cornelius Dispenser For 44"" Enduro 300",1
8.81E+12,K00342- Enduro 200/250,"Manitowoc K00342 IB Adapter For Cornelius Dispenser For 30"" Enduro 200/250",1
8.81E+12,K00206- Clean Air Packs,Manitowoc K00206 Cleanair Pack Refill for Q and S Series Ice Machines,1
8.81E+12,K00146-Ice Bagger,Manitowoc K-00146 Stainless Steel Ice Bagger,1
8.81E+12,K00068- Ice Bags,Manitowoc K00068 Replacement Bag Kit for Side Hanging Ice Bagger,1
8.81E+12,JCF0500-161,"Manitowoc JCF0500 Vertical Discharge Remote Ice Machine Condenser, 115V",1
8.81E+12,IYT1900W-261E,"Manitowoc IYT1900W-261E Indigo NXT 48"" Water Cooled Half Dice Ice Machine Head Without Storage Bin, 1960 lbs/day, 208V",1
8.81E+12,IYT1200C-161,"Manitowoc IYT1200C Indigo NXT QuietQube 30"" Remote Cooled Half Size Cube Ice Machine Head Without Storage Bin, 1146 lbs/day",1
8.81E+12,IYT1200A-261X,"Manitowoc IYT1200A-261X Indigo NXT 30"" Air Cooled Half Dice Ice Machine Head Without Storage Bin, 1,213 lbs/day",1
8.81E+12,IYT0620A-161,"Manitowoc IYT0620A-161 Indigo NXT 22"" Air Cooled Half Dice Ice Machine Head Without Storage Bin, 115V, 575 lbs/day",1
8.81E+12,IYT0420A-161,"Manitowoc IYT-0420A Indigo NXT 22"" Air Cooled Half Dice Ice Machine Head Without Storage Bin, 115V, 460 lbs/day",1
8.81E+12,IRT0500A-161*,"Manitowoc IRT0500A Indigo NXT 30"" Air Cooled Cube Ice Machine Head Without Storage Bin, 500 lbs/day",1
8.81E+12,IDT1500W-263E,"Manitowoc IDT1500W-263E Indigo NXT 48"" Water Cooled Full Cube Ice Machine Head Without Storage Bin, 1725 lbs/day",1
8.81E+12,IDT1500N-261E,"Manitowoc IDT1500N-261E Indigo NXT Remote Cooled Full Cube Ice Machine Head Without Storage Bin, 1675 lbs/day, 208-230V",1
8.81E+12,IDT1500N-251E,"Manitowoc IDT1500N-251E Cube Ice Machine Head Without Storage Bin, 1615 lbs/day",1
8.81E+12,IDT0900A-251,"Manitowoc IDT0900A-251 Indigo NXT 30"" Air Cooled Cube Ice Machine Head Without Storage Bin, 851 lbs/day",1
8.81E+12,IDT0750A-251X,"Manitowoc IDT0750A-251X Indigo NXT 30"" Cube Ice Machine Head Without Storage Bin, 680 lbs/day",1
8.81E+12,IDT0620A-251,"Manitowoc IDT0620A-251 Indigo NXT 22"" Air Cooled Cube Ice Machine Head Without Storage Bin, 560 lbs/day, 230V",1
8.81E+12,IDT0620A-161X,"Manitowoc IDT0620A-161X Indigo NXT 22"" Air Cooled Dice Ice Machine Head Without Storage Bin, 560 lbs/day",1
8.81E+12,IDT0620A-161,"Manitowoc IDT0620A-161 Indigo NXT 22"" Air Cooled Dice Ice Machine Head Without Storage Bin, 115V, 560 lbs/day",1
8.81E+12,IDT0450A-261*,"Manitowoc IDT0450A-261 Indigo NXT 30"" Air Cooled Dice Ice Machine Head Without Storage Bin - 208-230V, 470 lbs/day",1
8.81E+12,IDT0420W-161,"Manitowoc IDT0420W-161 Indigo NXT 22"" Water Cooled Dice Ice Machine Head Without Storage Bin, 115V, 470 lbs/day",1
8.81E+12,IDF2100C-161,"Manitowoc IDF2100C-161 Cube Ice Machine Head Without Storage Bin, 1800 lbs/day",1
8.81E+12,IDF1800C-161,"Manitowoc IDF1800C Indigo Series QuietQube 30"" Full Size Cube Ice Machine Head Without Storage Bin, 1715 lbs/day",1
8.81E+12,IBF0620C-161,"Manitowoc IBF0620C Indigo NXT 22"" Remote Condenser Half Cube Ice Machine Head Without Storage Bin, 675 lbs/day, 115V",1
8.81E+12,CVDT1200-261,"Manitowoc CVDT1200 Air Cooled Remote Ice Machine Compressor for IB-1090C, 208-230V, 1Hp",1
8.81E+12,CNF0201A-251L,"Manitowoc CNF0201A-251L Air Cooled Countertop Nugget Ice Machine and Dispenser, 10 lb. Bin with Lever Dispensing, 115V",1
8.81E+12,CNF0201A-161,"Manitowoc CNF0201A-161 Countertop Nugget Ice Machine and Dispenser, 315 lbs/day, Chewable Ice",1
8.81E+12,AR-40000-P,"Manitowoc AR-40000P Arctic Pure Plus Ice Machine Water Filtration System, 0.5 Micron Rating, 2 GPM",1
8.81E+12,R198  (VCM Cart),Robot Coupe R198 Stainless Steel Food Box Cart,1
8.81E+12,MP550,"Robot Coupe MP550 Turbo 21"" Single Speed Immersion Blender, 1 1/5 hp",1
8.81E+12,MP450,"Robot Coupe MP450 Turbo 18"" Single Speed Immersion Blender, 1 1/10 hp",1
8.81E+12,MMP190VV,"Robot Coupe MMP190VV Mini 8"" Hand-Held Mini Immersion Blender - 2/5 HP, 120 V",1
8.81E+12,BLIXER2,"Robot Coupe BLIXER2 Stainless Steel 2.9 L Batch Bowl Food Processor, 120 V, 1 hp",1
8.81E+12,R401B,"Robot Coupe R401B 4.5L Stainless Steel Batch Bowl Food Processor - 120 V, 1 1/2 hp",1
8.81E+12,R301UB,"Robot Coupe R301UB 3.7 L Stainless Steel Batch Bowl Food Processor - 120 V, 1 1/2 hp",1
8.81E+12,R301B,"Robot Coupe R301B 3.7 L Batch Bowl Food Processor - 120 V, 1 1/2 hp",1
8.81E+12,CL40 NODISC,"Robot Coupe CL40 Food Processor Without Discs, 120 V, 1 hp",1
8.81E+12,CL40,"Robot Coupe CL40 Food Processor with 2 Discs, 120 V, 1 hp",1
8.81E+12,R402A,"Robot Coupe R402A 4.5 L Food Processor with Stainless Steel Bowl & 2 Discs, 2 hp",1
8.81E+12,R401,"Robot Coupe R401 4.5L Food Processor with Stainless Steel Bowl & 2 Discs, 1 1/2 hp",1
8.81E+12,R301UDICE,"Robot Coupe R301UDICE 3.7 L Food Processor with Stainless Steel Bowl & 4 Discs, 2 hp",1
8.81E+12,R2U,"Robot Coupe R2U 2.9 L Food Processor with Stainless Steel Bowl - 120 V, 1 hp",1
8.81E+12,BLIXER5VV,"Robot Coupe BLIXER5VV Stainless Steel 5.5 L Batch Bowl Food Processor, 120 V, 2 hp",1
8.81E+12,C80,"Robot Coupe C80 Stainless Steel Automatic Pulp and Juice Extractor, 120V - 3/4 HP",1
8.81E+12,J100,"Robot Coupe J100 Juicer with Continuous Pulp Ejection - 120V, 1 1/4 HP",1
8.81E+12,J80,"Robot Coupe J80 Automatic Juicer with Pulp Ejection - 120V, 1 HP",1
8.81E+12,CL50GOURMET NODISC,"Robot Coupe CL50 Gourmet Continuous Feed Food Processor without Discs - 120 V, 1 1/2 hp",1
8.81E+12,R5VV,"Robot Coupe R5VV 5.9 L Tabletop Cutter Mixer - 120V, 2 hp",1
8.81E+12,R502VV,"Robot Coupe R502VV 5.9 L Variable Speed Food Processor with Cutter Bowl and Vegetable Prep - 120V, 2 hp",1
8.81E+12,C120,"Robot Coupe C120 Stainless Steel Continuous Feed Sieve, 120V - 1 HP",1
8.81E+12,R60T,"Robot Coupe R60T 2-Speed 60L Vertical Cutter Mixer - 240V, 16 hp",1
8.81E+12,R45T,"Robot Coupe R45T 45 L 2-Speed Vertical Cutter Mixer - 240V, 13 1/2 hp",1
8.81E+12,BLIXER60,"Robot Coupe BLIXER60 2-Speed 60 L Vertical Cutter Mixer, 240V, 16 hp",1
8.81E+12,CL60E,"Robot Coupe CL60E 2-Speed Food Processor with Full Moon Pusher with 2 Discs, 208-220V, 3 hp",1
8.81E+12,12-ESPTAB-NS100,"Nuova Simonelli Mini Tab Espresso Machine Cleaning Tablets, 100 x 0.5g each",1
8.81E+12,AMXS 6021,Nuova Simonelli MDXS Espresso Grinder Doser with 3.5 lb. Hopper - 110V,1
8.81E+12,AMJ S752130,Nuova Simonelli MDJ On-Demand Espresso Grinder with 3.5 lb. Hopper - 115V,1
8.81E+12,AMI 702108,Nuova Simonelli Mythos Plus Black Espresso Grinder with 7 lb. Hopper - 110V,1
8.81E+12,AMI 722108,Nuova Simonelli Mythos One Clima Pro Grinder with 2.8 lb. Hopper - 110V,1
8.81E+12,MAPPC19VOL02ND0001,Nuova Simonelli Appia Life Compact 2GR Volumetric Espresso Machine - 220V,1
8.81E+12,MAPPI19PLS02ND0001,Nuova Simonelli Appia Life XT 2GR Volumetric Espresso Machine - 220V,1
8.81E+12,MAURE18VOL03ND0001,Nuova Simonelli Aurelia Wave Vol 3GR Espresso Coffee Machine - 220 V,1
8.81E+12,MAURE18VDG03ND0001,Nuova Simonelli Aurelia Wave Digit 3GR Espresso Coffee Machine - 220 V,1
8.81E+12,MAURE18VT303ND0001,Nuova Simonelli Aurelia Wave T3 3GR Espresso Coffee Machine - 220 V,1
8.81E+12,UCG130A,"Ice-O-Matic UCG130A 18"" Air Cooled Undercounter Gourmet Cube Ice Machine With 121 lbs Bin, 1 Phase, 115V",1
8.81E+12,RGA1061-HM,"Ice-O-Matic RGA-1061-HM, 208-230V Remote Condenser for GEM0956R, GEM1306R, MFI1506R, and MFI1256R",1
8.81E+12,RGA0501-HM,"Ice-O-Matic RGA-0501-HM, 115V Remote Condenser for GEM060R and MFI0800R",1
8.81E+12,RCA-1061,Ice-O-Matic RCA-1061 208-230V Remote Condenser for CIM0636R and ICE0606R,1
8.81E+12,MFI0500A,"Ice-O-Matic MFI0500A 21"" Air Cooled Flake Ice Machine Head Without Storage Bin, 540 lb/24 hr. 115v",1
8.81E+12,IOMWFRC,"Ice-O-Matic IOMWFRC 30"" Water Filter Compatible with (IF1) (IF2) (IF3) (IF4)",1
8.81E+12,IOMQ,"Ice-O-Matic IOMQ   4"" dia. Single Ice Machine Water Filter Cartridge for IFQ1 and IFQ2, 0.5 Micron",1
8.81E+12,IOD250 (Cup Activated),"Ice-O-Matic IOD250 30 1/4 "" Countertop Ice Dispenser with 250 lb Capacity, 115v",1
8.81E+12,IFQ2,"Ice-O-Matic IFQ2 10"" Double Ice Machine Water Filter,  0.5 Micron and 3 GPM",1
8.81E+12,IFI4C,"Ice-O-Matic IFI4C 2 3/4""  dia.  Inline Single Ice Machine Water Filter Cartridge 1/4"" Compression, 10 Micron and 0.5 GPM",1
8.81E+12,GEMD270A,"Ice-O-Matic GEMD270A 15 3/8""  Countertop Air Cooled Pearl/Nugget Ice and Water Dispenser, 115v",1
8.81E+12,CIM0826HA,"Ice-O-Matic CIM0826A 22.25"" Modular Cube Ice Machine Without Storage Bin, 896 lb Production,208-230v",1
8.81E+12,B110PS,"Ice-O-Matic B110PS 48"" Stainless Steel Reinforced Ice Storage Bin 854 lb",1
8.81E+12,SR72B-30MD6,"Hoshizaki SR72B-30MD6 72"" Steelheart Series Stainless Steel Sandwich/Salad Prep Table with Refrigerated Base, 115v",1
8.81E+12,SR60B-12,"Hoshizaki SR60B-12 60"" Stainless Steel Sandwich/Salad Prep Table with Refrigerated Base with 2 Doors for 12 Pans, 115v",1
8.81E+12,SR48B-12M,"Hoshizaki SR48B-12M 48"" Steelheart B Series Stainless Steel Sandwich/Salad Prep Table with Refrigerated Base, 115v",1
8.81E+12,PT2A-FG-FG,"Hoshizaki PT2A-FG-FG 55"" Steelheart Series Stainless Steel Two Section Pass-Thru Refrigerator, 4 Right Hinge Glass Doors, 115v",1
8.81E+12,HR24C-G,"Hoshizaki HR24C-G 23.4"" Single Section Undercounter Refrigerator",1
8.81E+12,HR24C,"Hoshizaki HR24C 23 3/8"" Single Section Undercounter Refrigerator",1
8.81E+12,HR15A-G,"Hoshizaki HR15A-G Single Section Undercounter  Refrigerator, 14.8"" W x 25.75"" D x 31.5"" H",1
8.81E+12,HC2A-HS,"Hoshizaki HC2A-HS 55"" Steelheart Series Full Height Insulated Pass Thru Mobile Heated Cabinet with 6 Pan Capacity, 208/230v",1
8.81E+12,HC1A-FS,"Hoshizaki HC1A-FS 27.5"" Steelheart Series Stainless Steel Full Height Insulated Mobile Heated Cabinet with 3 Pan Capacity, 115v",1
8.81E+12,F2A-FS,"Hoshizaki F2A-FS 55"" Steelheart Series Stainless Steel Two Section Reach In Freezer, 2 Solid Doors, 115v",1
8.81E+12,ER2A-FS,"Hoshizaki ER2A-FS 54.37"" Economy Series Aluminum Two Section Reach-In Refrigerator, 2 Left/Right Hinge Solid Doors, 115v",1
8.81E+12,DT1A-HS,"Hoshizaki DT1A-HS 27.5"" One Section Commercial Combo Refrigerator / Freezer Solid Doors, Top Compressor",1
8.81E+12,DD80,"Hoshizaki DD80 80"" DD Series Kegerator Beer Dispenser with 4 Keg Capacity, 2 Columns, Black, 115v",1
8.81E+12,DD59(-S*),"Hoshizaki DD59-S 59.5"" DD Series Stainless Kegerator Beer Dispenser, 2 Keg Capacity, 2 Columns, 115v",1
8.81E+12,BB95-G(-S*),"Hoshizaki BB95-G-S 95.5"" BB Series Stainless Steel Bar Refrigerator 3 Swinging Glass Doors, 115v",1
8.81E+12,SRC-14J,"Hoshizaki SRC-14J 37 3/4"" SRC Series Air Cooled Remote Ice Machine Condenser for FS-1500MLJ-C Ice Machines 208-230v/1ph",1
8.81E+12,SD-750,"Hoshizaki SD-750 34"" Stationary Equipment Stand for DCM-751 Ice Maker Dispenser, Cabinet Base",1
8.81E+12,KMS-1402MLJ,"Hoshizaki KMS-1402MLJ 30"" Serenity Series Remote Cooled Crescent Cube Ice Machine Head Without Storage Bin, 1501 lb/24 hr, , 115v",1
8.81E+12,KMD-530MWJ,"Hoshizaki KMD-530MWJ 30"" Water Cooled Crescent Cube Ice Machine Head Without Storage Bin, 515 lb.",1
8.81E+12,KMD-530MRJZ,"Hoshizaki KMD-530MRJZ with URC-5FZ 30"" Remote-cooled Crescent Cuber Icemaker",1
8.81E+12,KMD-460MWJ,"Hoshizaki KMD-460MWJ 30"" Water Cooled Modular Crescent Cube Ice Machine Without Storage Bin, 115v",1
8.81E+12,KMD-410MWJ,"Hoshizaki KMD-410MWJ 22 1/4"" Water Cooled Modular Crescent Cube Ice Machine Head Without Storage Bin, 449 lb.",1
8.81E+12,KM-1900SRJZ3,"Hoshizaki KM-1900SRJZ3 48"" Remote-Cooled Crescent Cuber Icemaker Without Storage Bin",1
8.81E+12,KM-1601MRJZ,"Hoshizaki KM-1601MRJZ with URC 22FZ 30"" Remote-cooled Crescent Cuber Icemaker Head Without Storage Bin",1
8.81E+12,KM-1301SRJZ3,"Hoshizaki KM-1301SRJZ3 48"" Remote-cooled Crescent Cuber Icemaker Head Without Storage Bin",1
8.81E+12,KM-1301SAJ3,"Hoshizaki KM-1301SAJ3 48"" KM Series Air Cooled Crescent Cube Ice Machine Head Without Storage Bin, 1427 lb/24 hr, 208/230v/3ph",1
8.81E+12,KM-116BAJ,"Hoshizaki KM-116BAJ 23.75"" KM Series Air Cooled Crescent Cube Ice Machine with Bin, 53 lb Storage, 115v",1
8.81E+12,IM-50BAA-Q,"Hoshizaki IM-50BAA-Q 24.75"" IM Series Air Cooled Ice Sphere Machine Built-In Storage Bin50 lbs/day",1
8.81E+12,IM-500SAB,"Hoshizaki IM-500SAB 44"" IM Series Air Cooled Cube Ice Machine Head Without Storage Bin, 489 lb/24 hr, 115v",1
8.81E+12,FD-650MWJ-C,"Hoshizaki FD-650MWJ-C 22"" Water Cooled, Nugget Ice Machine Head Without Storage Bin, 622 lb/24 hr, 115v",1
8.81E+12,F-801MAJ,"Hoshizaki F-801MAJ 22"" F Series Air Cooled Flake Ice Machine Head Without Storage Bin, 751 lb/24 hr,  115v",1
8.81E+12,F-330BAJ-C,"Hoshizaki F-330BAJ-C F Series 24"" Air Cooled Nugget Ice Machine With Built-In Storage Bin - 80 lb Storage, 115v",1
8.81E+12,F-300BAJ,"Hoshizaki F-300BAJ 36"" F Series  Air Cooled Flake Ice Machine with Bin, 110 lb Storage, 115v",1
8.81E+12,F-2001MLJ,"Hoshizaki F-2001MLJ 30"" F Series Remote Cooled Flaker Icemaker Flake Ice Machine Head Without Storage Bin, 2280 lb/24 hr, 115v",1
8.81E+12,F-1501MRJZ-C,"Hoshizaki F-1501MRJZ-C 30"" Remote-cooled Cubelet Icemaker Head Without Storage Bin",1
8.81E+12,F-1002MAJ,"Hoshizaki F-1002MAJ 22"" F Series Air Cooled Flake Ice Machine Head Without Storage Bin, 980 lb/24 hr, 115v",1
8.81E+12,DWM-20A,"Hoshizaki DWM-20A 14.87"" MODwater Countertop Sparkling Water Dispenser with 20 gal/hr Capacity, 120v",1
8.81E+12,DM-4420N,"Hoshizaki DM-4420N 22"" Countertop Water & Nugget Ice Dispenser Cup Fill, Ice Capacity 200 lbs, 115v",1
8.81E+12,DCM-500BAH-OS,"Hoshizaki DCM-500BAH-OS 26"" Countertop Water & Nugget Ice Dispenser, 618 lb, 40 lb Storage, Cup Fill, 115v",1
8.81E+12,C-80BAJ,"Hoshizaki C-80BAJ 14 7/8"" Nugget Undercounter Ice Machine - 80 lbs/day, Air Cooled, ADA, Gravity Drain, 115v",1
8.81E+12,B-900SF,"Hoshizaki B-900SF 52"" Ice Storage Bin with Stainless Steel finish, 900 lbs,",1
8.81E+12,B-500SF,"Hoshizaki B-500SF 30"" Stainless Steel Ice Storage Bin, 500 lbs",1
8.81E+12,AM-50BAJ-AD,"Hoshizaki AM-50BAJ-AD 14 7/8"" Top Hat Undercounter Ice Machine - 55 lbs/day, Air Cooled, ADA, Gravity Drain, 115v",1
8.81E+12,DPD72HC-6,"Beverage-Air DPD72HC-6 Hydrocarbon Series 72"" 6 Drawer Pizza Prep Table",1
8.81E+12,DPD46HC-2,"Beverage-Air DPD46HC-2 Hydrocarbon Series 46"" 2 Drawer Pizza Prep Table",1
8.81E+12,DPD119HC-8,"Beverage-Air DPD119HC-8 119"" Refrigerated Pizza Prep Table with Eight Drawers",1
8.81E+12,DPD119HC-2,"Beverage-Air DPD119HC-2 119"" Refrigerated Pizza Prep Table with Three Doors and Two Drawers",1
8.81E+12,DP67HC,"Beverage-Air DP67HC 67"" Two Door Refrigerated Pizza Prep Table",1
8.81E+12,DP119HC,"Beverage-Air DP119HC 119"" 4 Door Refrigerated Pizza Prep Table",1
8.81E+12,DD94HC-1-S,"Beverage-Air DD94HC-1-S (2) Double Tap Kegerator Beer Dispenser - Stainless Steel Front, (5) 1/2 Keg Capacity",1
8.81E+12,DD94HC-1-B-12T,"Beverage-Air DD94HC-1-B-12T 12 Tap Kegerator Beer Dispenser - Black, (12) 1/6 Keg Capacity",1
8.81E+12,DD78HC-1-S-12T,"Beverage-Air DD78HC-1-S-12T Twelve Tap Kegerator Beer Dispenser - Stainless Steel, (4) 1/2 Keg Capacity",1
8.81E+12,DD78HC-1-B-12T,"Beverage-Air DD78HC-1-B-ALT-12T 12 Tap Kegerator Beer Dispenser with Right Side Compressor - Black, 4 (1/2) Keg Capacity",1
8.81E+12,DD68HC-1-B,"Beverage-Air DD68HC-1-B 1 Single and 1 Double Tap Kegerator Beer Dispenser - Black, (3) 1/2 Keg Capacity",1
8.81E+12,DD36HC-1-B,"Beverage-Air DD36HC-1-B Double Tap Kegerator Beer Dispenser - Black, (1) 1/2 Keg Capacity",1
8.81E+12,DD24HC-1-S,"Beverage-Air DD24HC-1-S Single Tap Kegerator Beer Dispenser - Stainless Steel, (1) 1/2 Keg Capacity",1
8.81E+12,CT1HC-1HS,Beverage-Air CT1HC-1HS Cross-Temp 1 Section Convertible Reach-In Refrigerator / Freezer with Half Doors,1
8.81E+12,CT1HC-1G,Beverage-Air CT1HC-1G Cross-Temp 1 Section Convertible Reach-In Refrigerator / Freezer with Glass Door,1
8.81E+12,CF031AG,"Beverage-Air CF031AG 22"" CounterChill Stainless Steel Countertop Blast Chiller/Freezer",1
8.81E+12,CDR6HC-1-B-D,"Beverage-Air CDR6HC-1-B-D 73 11/16"" Curved Glass Black Dry Bakery Display Case",1
8.81E+12,CDR5HC-1-B-D,"Beverage-Air CDR5HC-1-B-D 60 1/4"" Curved Glass Black Dry Bakery Display Case",1
8.81E+12,CDR4HC-1-B-D,"Beverage-Air CDR4HC-1-B-D 49 1/4"" Curved Glass Black Dry Bakery Display Case",1
8.81E+12,BM23HC-B,"Beverage-Air BM23HC-B 24"" Black Single Tap Kegerator Beer Dispenser - (1) 1/2 Keg Capacity",1
8.81E+12,BF402AP-1P,"Beverage-Air BF402AP-1P 59"" Roll-In Blast Chiller/Freezer",1
8.81E+12,BB94HC-1-S,"Beverage-Air BB94HC-1-S 94"" Stainless Steel Counter Height Solid Door Back Bar Refrigerator",1
8.81E+12,BB72HC-1-PT-B,"Beverage-Air BB72HC-1-PT-B 72"" Black Underbar Height Solid Door Pass Through Back Bar Refrigerator",1
8.81E+12,BB72HC-1-GS-PT-S,"Beverage-Air BB72HC-1-GS-PT-S 72"" Stainless Steel Underbar Height Glass Door Pass Through Back Bar Refrigerator",1
8.81E+12,BB58HC-1-F-S,"Beverage-Air BB58HC-1-F-S 59"" Stainless Steel Counter Height Solid Door Food Rated Back Bar Refrigerator",1
8.81E+12,WTRD67AHC-2,"Beverage-Air WTRD67AHC-2 67"" Compact Worktop Refrigerator - 1 Door / 2 Drawers",1
8.81E+12,WTRD119AHC-6,"Beverage-Air WTRD119AHC-6 119"" Compact Worktop Refrigerator 1 Door / 6 Drawers",1
8.81E+12,WTRD119AHC-2,"Beverage-Air WTRD119AHC-2 119"" Compact Worktop Refrigerator 3 Doors / 2 Drawers",1
8.81E+12,WTRCS96HC-108,"Beverage-Air WTRCS96HC-108 4 Drawer 108"" Refrigerated Chef Base with 12"" Overhang",1
8.81E+12,WTRCS72HC-76,"Beverage-Air WTRCS72HC-76 76"" 4 Drawer Refrigerated Chef Base with 4"" Overhang",1
8.81E+12,WTR67AHC,"Beverage-Air WTR67AHC-23 67"" ADA Height Worktop Refrigerator",1
8.81E+12,WTR48AHC,"Beverage-Air WTR48AHC 48"" Two Door Worktop Refrigerator",1
8.81E+12,WTR119AHC,"Beverage-Air WTR119AHC 119"" Worktop Refrigerator",1
8.81E+12,WTFD48AHC-4-FIP,"Beverage-Air WTFD48AHC-4-FIP 48"" Four Drawer Worktop Freezer with 4"" Foamed-in-Place Backsplash",1
8.81E+12,WTFD48AHC-2,"Beverage-Air WTFD48AHC-2 48"" Two Drawer, One Door Worktop Freezer",1
8.81E+12,WTFD27AHC-2,"Beverage-Air WTFD27AHC-2 27"" Two Drawer Worktop Freezer",1
8.81E+12,WTFCS96HC,"Beverage-Air WTFCS96HC 96"" 4 Drawer Freezer Chef Base",1
8.81E+12,WTFCS52HC,"Beverage-Air WTFCS52HC 2 Drawer 52"" Freezer Chef Base",1
8.81E+12,WTF20HC-FLT,"Beverage-Air WTF20HC-FLT 20"" Shallow Depth Worktop Freezer with Flat Top",1
8.81E+12,VMHCSL-18-1-G,"Beverage-Air VMHCSL-18-1-G VueMax 47"" Air Curtain Merchandiser Gray",1
8.81E+12,UCRF48AHC,"Beverage-Air UCRF48AHC 48"" Undercounter Two Door Refrigerator / Freezer",1
8.81E+12,UCF20HC-25-15,"Beverage-Air UCF20HC-25-15-104 20"" Low Profile Undercounter Freezer",1
8.81E+12,ST34HC-W,"Beverage-Air ST34HC-W 34"" Two Sided Cold Wall Milk Cooler White",1
8.81E+12,SPED72HC-30M-4,"Beverage-Air SPED72HC-30M-4 72"" 1 Door 4 Drawer Mega Top Refrigerated Sandwich Prep Table",1
8.81E+12,SPED72HC-18M-2,"Beverage-Air SPED72HC-18M-2 72"" 2 Door 2 Drawer Mega Top Refrigerated Sandwich Prep Table",1
8.81E+12,SPED72HC-18C-2,"Beverage-Air SPED72HC-18C-2 72"" 2 Door 2 Drawer Mega Top Refrigerated Sandwich Prep Table",1
8.81E+12,SPED72HC-12C-6,"Beverage-Air SPED72HC-12C-6 72"" 6 Drawer Cutting Top Refrigerated Sandwich Prep Table with 17"" Wide Cutting Board",1
8.81E+12,SPED72HC-12C-2,"Beverage-Air SPED72HC-12C-2 72"" 2 Door 2 Drawer Cutting Top Refrigerated Sandwich Prep Table with 17"" Wide Cutting Board",1
8.81E+12,SPED72HC-08-2,"Beverage-Air SPED72HC-08-2 72"" 2 Door 2 Drawer Refrigerated Sandwich Prep Table",1
8.81E+12,SPED60HC-18M-4,"Beverage-Air SPED60HC-18M-4 60"" 4 Drawer Mega Top Refrigerated Sandwich Prep Table",1
8.81E+12,SPED60HC-08C-2,"Beverage-Air SPED60HC-08C-2 60"" 1 Door 2 Drawer Cutting Top Refrigerated Sandwich Prep Table with 17"" Wide Cutting Board",1
8.81E+12,SPED60HC-08-4,"Beverage-Air SPED60HC-08-4 60"" Four Drawer Refrigerated Sandwich Prep Table",1
8.81E+12,SPED48HC-12M-4,"Beverage-Air SPED48HC-12M-4 48"" Four Drawer Mega Top Refrigerated Sandwich Prep Table",1
8.81E+12,SPED48HC-12-4,"Beverage-Air SPED48HC-12-4 Elite Series 48"" 4 Drawer Refrigerated Sandwich Prep Table",1
8.81E+12,SPED32HC-12M-2,"Beverage-Air SPED32HC-12M-2 Elite Series 32"" Two Drawer Mega Top Refrigerated Sandwich Prep Table",1
8.81E+12,SPED27HC-12M,"Beverage-Air SPED27HC-12M Elite Series 27"" Two Drawer Mega Top Refrigerated Sandwich Prep Table",1
8.81E+12,SPE72HC-30M-DS,"Beverage-Air SPE72HC-30M-DS Elite Series 72"" 3 Door Mega Top Dual Sided Refrigerated Sandwich Prep Table",1
8.81E+12,SPE60HC-10,"Beverage-Air SPE60HC-10 Elite Series 60"" 2 Door Refrigerated Sandwich Prep Table",1
8.81E+12,SPE48HC-12-SNZ,"Beverage-Air SPE48HC-12-SNZ Elite Series 48"" 2 Door Condiment Station Refrigerated Sandwich Prep Table with Sneeze Guard",1
8.81E+12,SPE48HC-12C,"Beverage-Air SPE48HC-12C Elite Series 48"" 2 Door Cutting Top Refrigerated Sandwich Prep Table with 17"" Deep Cutting Board",1
8.81E+12,SPE27HC,"Beverage-Air SPE27HC Elite Series 27"" 1 Door Refrigerated Sandwich Prep Table",1
8.81E+12,SMF58HC-1-S,"Beverage-Air SMF58HC-1-S 58"" Stainless Steel 1 Sided Forced Air Milk Cooler",1
8.81E+12,RB35HC-1G,"Beverage-Air RB35HC-1G 40"" Vista Series 2 Section Glass Door Reach In Refrigerator",1
8.81E+12,PRI1HC-1AS,"Beverage-Air PRI1HC-1AS 36"" Stainless Steel Solid Door Roll In Refrigerator",1
8.81E+12,PR1HC-1BG,"Beverage-Air P-Series PR1HC-1BG 26 1/2"" Top Mounted Glass Door Reach In Refrigerator",1
8.81E+12,PH2-1S-PT,Beverage-Air PH2-1S-PT Two Section Solid Door Pass-Through Heated Holding Cabinet 48 cu. ft. 3000W,1
8.81E+12,PF3HC-1BG,"Beverage-Air P-Series PF3HC-1BG 77 3/4"" Top Mounted Glass Door Reach In Freezer",1
8.81E+12,PF3HC-1AS,"Beverage-Air P-Series PF3HC-1AHS 77 3/4"" Top Mounted Solid Door Reach In Freezer",1
8.81E+12,NC68HC-1-W,"Beverage-Air NC68HC-1-W 69"" Curved Lid Novelty Display Freezer",1
8.81E+12,NC51HC-1-W,"Beverage-Air NC51HC-1-W 49"" Curved Top Display Freezer",1
8.81E+12,MTF23-1B,"Beverage-Air Marketeer MTF23-1B 30"" Glass Door Merchandiser Freezer",1
8.81E+12,MT23-1B,"Beverage-Air MT23-1B 29 1/2"" Marketeer Series Refrigerated Glass Door Merchandiser with LED Lighting Black",1
8.81E+12,MT21-1B,"Beverage-Air MT21-1B Marketeer 39"" Refrigerated Glass Door Merchandiser with LED Lighting Black",1
8.81E+12,MMRR72HC-1-B-WW-WINE,"Beverage-Air MMRR72HC-1-B-WW-WINE MarketMax 75"" Glass Door Dual Temperature Wine Refrigerator with White Interior White",1
8.81E+12,MMR72HC-1-B-WINE,"Beverage-Air MMR72HC-1-B-WINE MarketMax 75"" Glass Door Wine Refrigerator Black",1
8.81E+12,MMR66HC-1-B,"Beverage-Air MMR66HC-1-B MarketMax 75"" Refrigerated Sliding Glass Door Merchandiser with LED Lighting Black",1
8.81E+12,MMR66HC-1-B,"Beverage-Air MMR66HC-1-B MarketMax 75"" Refrigerated Sliding Glass Door Merchandiser with LED Lighting Black",1
8.81E+12,MMF35HC-1-B,"Beverage-Air MMF35HC-1-B MarketMax 39 1/2"" Black Merchandising Freezer",1
8.81E+12,HRS2HC-1G,"Beverage-Air HRS2HC-1G Horizon Series 52"" Glass Door Reach In Refrigerator",1
8.81E+12,HRPS2HC-1HS,"Beverage-Air HRPS2HC-1HS Horizon Series 52"" Half Door Reach In Refrigerator",1
8.81E+12,HRP1HC-1G,"Beverage-Air HRP1HC-1G Horizon Series 26"" P Finish Top Mounted Glass Door Reach In Refrigerator",1
8.81E+12,HFS2HC-1S,"Beverage-Air HFS2HC-1S Horizon Series 52"" Reach In Freezer",1
8.81E+12,HFS1HC-1G,"Beverage-Air HFS1HC-1G Horizon Series 26"" S Finish Top Mounted Glass Door Reach In Freezer",1
8.81E+12,HFPS3HC-1G,"Beverage-Air HFPS3HC-1G Horizon Series 78"" Stainless Steel Glass Door Reach In Freezer",1
8.81E+12,HFP3HC-1G,"Beverage-Air HFP3HC-1G Horizon Series 78"" Glass Door Reach In Freezer",1
8.81E+12,HBR72HC-1-HG,"Beverage-Air HBR72HC-1-HG Horizon Series 75"" Bottom Mount Half Glass Door Reach In Refrigerator",1
8.81E+12,HBF72HC-5,"Beverage-Air HBF72HC-5 Horizon Series 75"" Solid Door Reach In Freezer with LED Lighting 69 cu. ft.",1
8.81E+12,HBF44HC-1-HS,"Beverage-Air HBF44HC-1-HS Horizon Series 47"" Bottom Mounted Solid Half-Door Reach In Freezer",1
8.81E+12,HBF27HC-1-G,"Beverage-Air HBF27HC-1-G Horizon Series 30"" Bottom Mounted Glass Door Reach In Freezer",1
8.81E+12,DW94HC-S-29,"Beverage-Air DW94HC-S-29 95"" Frosty Brew Stainless Steel Deep Well Bottle Cooler",1
8.81E+12,DW79HC-S-29,"Beverage-Air DW79HC-S-29 80"" Frosty Brew Stainless Steel Deep Well Bottle Cooler",1
8.81E+12,WW800SS,"Hamilton Beach WW800SS Wire Mixer Attachment, 8-Qt",1
8.81E+12,SB406,"Hamilton Beach SB406 Removable 16""Seal Bar for HVC406 Series",1
8.81E+12,HVCP41214,"Hamilton Beach HVCP41214 12x14 Vacuum Seal Pouches 4 mil, 1000/Case",1
8.81E+12,HVCP31214,"Hamilton Beach HVCP31214 12x14"" Vacuum Seal Pouches 3 mil, 1000/Case",1
8.81E+12,HVCP31013,"Hamilton Beach HVCP31013 10x13"" Vacuum Seal Pouches 3 mil, 1000/Case",1
8.81E+12,HVBX1200,"Hamilton Beach HVBX1200 11"" x 16"" Vacuum Seal Bags 3 mil, 100/Case",1
8.81E+12,HMD880,"Hamilton Beach HMD880 MixStation with 1/3 HP Induction Motor - 120V, 576W",1
8.81E+12,HBS1400,"Hamilton Beach HBS1400R Revolution 3 hp Bar Ice Shaver & Blender, 64 oz. - 120V",1
8.81E+12,HBH755,"Hamilton Beach HBH755 Eclipse 3 hp Blender, 64 oz. - 120V",1
8.81E+12,HBH750,"Hamilton Beach HBH750 Eclipse 3 hp Bar Blender, 48 oz. - 120V",1
8.81E+12,HBH550,"Hamilton Beach HBH550-CE 3 hp Fury Bar Blender, 64oz. - 230V",1
8.81E+12,HBF600,"Hamilton Beach HBF600 Expeditor 3 hp Food Blender, 64 oz.",1
8.81E+12,HBF510S,"Hamilton Beach HBF510S EXPEDITOR510 2.4 hp Blender with Variable Speed Dial, 64 oz.",1
8.81E+12,HBF1100S,"Hamilton Beach HBF1100S Stainless Steel Variable Speed Food Blender, 1 Gal",1
8.81E+12,FP406,Hamilton Beach FP406 Filling Plate For HVC406,1
8.81E+12,FP254,Hamilton Beach FP254 Filing Plate for HVC254,1
8.81E+12,FB800SS,"Hamilton Beach FB800SS Mixer, 8 Qt",1
8.81E+12,D50065,"Hamilton Beach D50065 60-Cup Stainless Steel Coffee Urn, 1000W",1
8.81E+12,CPM800,"Hamilton Beach CPM800 Tilt Head Mixer with Guard & Accessories, 8 Qt.",1
8.81E+12,80-06,Hamilton Beach 80-06 White #6 Thumb Press Scooper with Comfort Handle,1
8.81E+12,78-40,"Hamilton Beach 78-40 Orchid #40 Thumb Press Scoop, 0.68 oz.",1
8.81E+12,6126-600,"Hamilton Beach 6126-600 Polycarbonate Container for Bar Blenders, 48 oz.",1
8.81E+12,6126-255S,"Hamilton Beach 6126-255S Rio Stainless Steel Blender Container with Lid and Blade, 32 oz.",1
8.81E+12,24850R,Hamilton Beach 24850R Commercial 4-Slice Pop-Up Toaster,1
8.81E+12,98455,Hamilton Beach 98455 Rio Tango Cutter for HBB255,1
8.81E+12,KLES/10SC,"Southbend KLES/10SC 38"" Stainless Steel Single Full Size Electric Convection Oven w/ Solid State Controls, 11kW, 1/2 hp",1
8.81E+12,BGS/23SC,"Southbend BGS/23SC 38""  Stainless steel Double Deck Full Size Convection Oven, LPG, (2) 40,000 BTU",1
8.81E+12,BGS/12SC,"Southbend BGS/12SC 38"" Stainless Steel Single Deck Full Size Convection Oven, Natural Gas, 120v/1ph, 54,000 BTU",1
8.81E+12,SLES/10SC,"Southbend SLES/10SC 38"" Stainless steel Electric Single deck Convection Oven with Solid state Controls,11 kW, 208/240v",1
8.81E+12,SLGB/12SC,"Southbend SLGB/12SC 38"" Stainless Steel  Single Convection Oven With Standard Controls, Natural Gas, 72000 BTU",1
8.81E+12,TVES/20SC,"Southbend TVES/20SC 36.1"" TruVection Series Stainless Steel Double Deck Full Size Electric Convection Oven, 7.5 kW, 208v/1ph",1
8.81E+12,TVGS/12SC,"Southbend TVGS/12SC 36.1"" Stainless Steel TruVection Single Full Size Convection Oven, Natural Gas, 52,000 BTU",1
8.81E+12,S60AD-3G/T*,"Southbend S60AD-3G/T S-Series Gas Range 60"" Manual Griddle With 4 Non-Clog Burners, 246,000 Btu",1
8.81E+12,4601DC-2RR**,"Southbend 4601DC-2R Ultimate Natural Gas Range, Gas, 60"", 6 Non-Clog Burners, Standard Oven With Cabinet Base 276500 BTU",1
8.81E+12,4601AC-6L,"Southbend 4601AC-6L 60.75"" Ultimate Series , 9 Burners, Standard Grates With Convection Oven And Cabinet Base, Natural Gas Range, 343000 Total BTU",1
8.81E+12,P48-CM,"Southbend P48-CM 48"" Stainless steel Heavy Duty Infrared Cheesemelterm with 6 Burners, Natural Gas, 60000 Total BTU",1
8.81E+12,PE24N-HH,"Southbend Platinum, PE24N-HH Electric Range , 24"", 2 12"" X 24"" Hotplates, Modular, 10.6 Kw",1
8.81E+12,PE12N-H,"Southbend Platinum, PE12N-H Electric Range , 12"", 1 12"" X 24"" Hotplates, Modular, 5.3 Kw",1
8.81E+12,P36C-PPP,"Southbend Platinum, P36C-PPP Gas Range , 36"" Plancha, Cabinet Base 48000 Total Btu",1
8.81E+12,P18N-P,"Southbend Platinum P18N-P Gas Range, 18"" Plancha Natural Gas 16000 BTU",1
8.81E+12,P32N-CC,"Southbend Platinum, P32N-CC Gas Range , 32"", 32"" Charbroiler Modular 80000 Total BTU",1
8.81E+12,MMV700S,"Omega MMV700S Mega Mouth Vertical 240-Watt Low Speed Juicer, Silver",1
8.81E+12,VSJ843QR,"Omega VSJ843QR Red Vertical Masticating Compact Cold Press Juicer Machine with Automatic Pulp Ejection, 150 W",1
8.81E+12,WAV5001,"Furtino Wave 18/10 Stainless Steel Table Fork 4 mm, Length 21 cm, Pack of 12",1
8.81E+12,ANT5003,"Furtino Anthem 18/10 Stainless Steel Table Knife 4 mm, Length 24 cm, Pack of 12",1
8.81E+12,ANT5001,"Furtino Anthem 18/10 Stainless Steel Table Fork 4 mm, Length 20 cm, Pack of 12",1
8.81E+12,ANT5004,"Furtino Anthem 18/10 Stainless Steel Tea Spoon 4 mm, Length 14 cm, Pack of 12",1
8.81E+12,INS5017,"Furtino Inspira 18/10 Stainless Steel Ice Tea Spoon 4 mm, Length 19 cm, Pack of 12",1
8.81E+12,DRS145,"Furtino England Desert 5.9""/14cm Round Porcelain Saucer, Pack of 12",1
8.81E+12,OIP170,"Furtino England Ocean 6.5""/17cm Blue Porcelain Irregular Plate, Pack of 12",1
8.81E+12,OIP200,"Furtino England Ocean 8""/20cm Blue Porcelain Irregular Plate, Pack of 12",1
8.81E+12,OIP250,"Furtino England Ocean 10""/25cm Blue Porcelain Irregular Plate, Pack of 12",1
8.81E+12,OIB210,"Furtino England Ocean 8""/21cm Blue Porcelain Irregular Deep Plate, Pack of 12",1
8.81E+12,ODB250,"Furtino England Ocean 10""/25cm Blue Porcelain Irregular Deep Plate, Pack of 12",1
8.81E+12,FCP280,"Furtino England Finesse 11""/28cm White Round Porcelain Coupe Plate, Pack of 12",1
8.81E+12,FBV129,"Furtino England Finesse 5""/13cm White Round Porcelain Bud Vase , Pack of 12",1
8.81E+12,FAT100,"Furtino England Finesse White Round Porcelain Ashtray, Pack of 12",1
8.81E+12,FSB110,"Furtino England Finesse 4.5""/11cm White Round Porcelain Stackable Bowl, Pack of 12",1
8.81E+12,FTS150,"Furtino England Finesse 6.5""/16-5cm White Round Porcelain Saucer For Non Stackable Cups, Pack of 12",1
8.81E+12,N30712,"Furtino Polycarbonate Tall Glass, 35.5 cl, Pack of 6",1
8.81E+12,OBP180,"Furtino England Midnight Blue 7""/18cm Porcelain Round Walled Plate, Pack of 6",1
8.81E+12,OBB180,"Furtino England Midnight Blue 7.2""/18.5cm Porcelain Round Bowl, Pack of 6",1
8.81E+12,HGM5006,"Furtino Hamford Dessert Spoon Gold Matt 18/10 Stainless Steel Dessert Spoon 4 mm, Pack of 12",1
8.81E+12,HSM5001,"Furtino Hamford Table Knife Silver Mirror 18/10 Stainless Steel Table Knife 4 mm, Pack of 12",1
8.81E+12,HSM5003,"Furtino Hamford Table Spoon Silver Mirror 18/10 Stainless Steel Table Spoon 4 mm, Pack of 12",1
8.81E+12,HSM5007,"Furtino Hamford Dessert Fork Silver Mirror 18/10 Stainless Steel Dessert Fork 4 mm, Pack of 12",1
8.81E+12,SOP330,"Furtino England Sphere 33cm (13'') White Porcelain Oval Plate, Pack of 6",1
8.81E+12,PFP280,"Furtino England Pebble 28cm/11"" White Porcelain Flat Plate, Pack of 6",1
8.81E+12,RBB65,"Furtino England River 6.5cm/2.5"" White Porcelain Butter Block, Pack of 6",1
8.81E+12,RFP250,"Furtino England River 25cm/10"" White Porcelain Flat Plate, Pack of 6",1
8.81E+12,DAT105,"Furtino England Delta 4""/ 10.5cm White Porcelain Covered Ashtray, Pack of 6",1
8.81E+12,ODF1012,"Furtino England Oscar Dessert Fork Matt Gold 18/10 Stainless Steel Dessert Fork 8mm, Pack Of 12",1
8.81E+12,ODF1016,"Furtino England Oscar Table Fork Matt Copper 18/10 Stainless Steel Table Fork 8mm, Pack Of 12",1
8.81E+12,65118K,Arctic Air Door Hinge Field Reversal Kit (AR23 & AF23 Only),1
8.81E+12,AGF24,"Arctic Air AGF24 24"" Black Glass Froster with Sliding Lid",1
8.81E+12,ARCB36,"Arctic Air ARCB36 36"" Two Drawers Refrigerated Chef Base",1
8.81E+12,ACP48,"Arctic Air ACP48 48"" Eight Pan Stainless Steel Counter Top Prep Unit",1
8.81E+12,DB7210115,"Don Bellini Craftstone 6""/15.25cm Blue Round Porcelain Plate, Pack of 6 Pcs",1
8.81E+12,DB7210126,"Don Bellini Craftstone 10.25""/26cm Blue Round Porcelain Plate, Pack of 6 Pcs",1
8.81E+12,DB6120019,"Don Bellini Mirage 7.5""/19cm Black Round Porcelain Bowl, Pack of 6 Pcs",1
8.81E+12,DB7110115,"Don Bellini Craftstone 6""/15.25cm White Round Porcelain Plate, Pack of 6 Pcs",1
8.81E+12,DB6220019,"Don Bellini Mirage 7.5""/19cm White Round Porcelain Bowl, Pack of 6 Pcs",1
8.81E+12,DB6239025,"Don Bellini Mirage 8.5oz/25cl White Round Porcelain Cup, Pack of 6 Pcs",1
8.81E+12,DB6239009,"Don Bellini Mirage 3oz/9cl White Round Porcelain Cup, Pack of 6 Pcs",1
8.81E+12,DB6230012,"Don Bellini Mirage 4.75""/12cm White Round Porcelain Saucer, Pack of 6 Pcs",1
8.81E+12,DB8110223,"Don Bellini Night & Day 9""/23cm Midnight Blue Round Porcelain Deep Plate, Pack of 6 Pcs",1
8.81E+12,DB8110218,"Don Bellini Night & Day 7""/18cm Midnight Blue Round Porcelain Deep Plate, Pack of 6 Pcs",1
8.81E+12,920,"Wundermaxx Square Porcelain Insert,  L 35.3 x W 32.5 x H 6.5 cm,  Capacity 6 Litres",1
8.81E+12,920,"Wundermaxx Stainless Steel chaffing Insert 1/1,  L 53 x W 32.5 x H 6.55 cm,  Capacity 9 Litres",1
8.81E+12,920,"Wundermaxx Stainless Steel Single Infrared Heating Lamp, L 31 x W 23 x H 79 cm",1
8.81E+12,951,"Wire Metal Basket, Fruit Basket L 24.5 x W 24.5 x H 10cm, Fruit Display Basket, Color Black",1
8.81E+12,951,"Wire Metal Fruit Basket, L 28 x W 28 x H 7.5cm, Display Basket, Bread Basket, Color Black",1
8.81E+12,916,"Preserve Clip Jar 50 ml Storage Container Spice With Clear Preserving Seal Wire Clip Fastening with Airtight Clip Lid, Clear",1
8.81E+12,916,"Preserve Clip Jar 70 ml Storage Container Spice With Clear Preserving Seal Wire Clip Fastening with Airtight Clip Lid, Clear",1
8.81E+12,913,Wundermaxx Oak Display Tray GN 1/2 H75mm,1
8.81E+12,913,Wundermaxx Oak Display Tray GN 2/4 H 40mm,1
8.81E+12,913,Wundermaxx Display Tray Black GN 1/1 H40mm,1
8.81E+12,913,Wundermaxx Display Tray Walnut GN 2/4 H 40mm,1
8.81E+12,916,"Wundermaxx Acrylic Trio Cereal  Dispenser,  Stainless Steel Frame and  Wooden Base 50 x 21 x 55 cm",1
8.81E+12,914,"Wundermaxx Tempered Clear Glass Shelf, L 35 x W 35 cm",1
8.81E+12,914,"Wundermaxx Lecker Vintage Fruit Box Each Sold Separately, Oak Wood, L 33 x W 33 x H 5 cm",1
8.81E+12,916,"Kitchen Glass Jar 2.5 L, Durable Bamboo Lid airtight seal keeps food fresher for longer",1
8.81E+12,916,"Glass Storage Container 2.0 L, BPA-Free, Non-toxic. Wide opening, Clear",1
8.81E+12,916,"Glass Storage Container 6.0 L, BPA-Free, Non-toxic. Wide opening, Clear",1
8.81E+12,916,"Acrylic Double Hallo Bread Box, L 30 x W 33 x H 15.4cm",1
8.81E+12,920,"Wundermaxx 920.136 Stainless Steel New Spring Heater With Temp. Sensor, L 11 x W 18 x H 12.3 cm",1
8.81E+12,914,"Wundermaxx Lecker Vintage Riser, Wood, L 20 x W 20 x H 20 cm",1
8.81E+12,LPWT002,"Wundermaxx Rechargeable Cordless Traditional Table Lamp White, 10 X 38 cm",1
8.81E+12,951,"Wundermaxx Rechargeable Gold Cordless Tall Tower Table Lamp, 10 X 38 cm",1
8.81E+12,M3108B,Zicco M3108B Melamine Buffet platter Stand Black 11.2X8.2cm,1
8.81E+12,M3109,Zicco M3109 Melamine Buffet Bowl Stand White 11.4X12cm,1
8.81E+12,M2646,Zicco M2646 Melamine Buffet Bowl White 28.8X9.8cm,1
8.81E+12,GH-10SC,"Southbend GH/10SC Single Half Size Natural Gas Convection Oven 30,000 BTU",1
8.81E+12,NOD14,Southbend NOD14 12 Gallon Gas Pasta Cooker 60000 Total Btu,1
8.81E+12,P32C-GC,"Southbend Platinum, P32C-GC Gas Range 32"" Charbroiler With Cabinet Base 80000 BTU",1
8.81E+12,P36A-XX,"Southbend P36A-XX_NAT Platinum 36"" Natural Gas Open Top Pyromax Sectional Range with Four Burners & Convection Oven, 225,000 BTU",1
8.81E+12,J4000,"Omega J4000 High Speed Pulp Ejection Juicer 1/3 HP 250W, White",1
8.81E+12,VSJ843QS,Omega VSJ843QS Silver Vertical Masticating Compact Cold Press Juicer Machine 150 W,1
8.81E+12,64910K,"Arctic Air 64910K 71"" Single Tier Stainless Steel Overshelf For APP71",1
8.81E+12,64909K,"Arctic Air 64909K 48"" Single Tier Stainless Steel Overshelf For APP48",1
8.81E+12,70251K,"Arctic Air 70251K Merchandiser Shelf Kit with Four Mounting Clips For ARGDM49,AFGDM49",1
8.81E+12,70250K,"Arctic Air 70250K Merchandiser Shelf Kit with Four Mounting Clips For ARGDM23,AFGDM23",1
8.81E+12,69226K,"Arctic Air Refrigerator Shelf Kit with Four Mounting Clips For AMT60R,AST60R",1
8.81E+12,65500K,"Arctic Air 65500K 62"" - 67"" (Side - Side) Tempered Glass Top Cover for ACP63",1
8.81E+12,69240K,"Arctic Air 69240K 25.75"" Refrigerator Shelf Kit with Four Mounting Clips For AWR25,AWF25",1
8.81E+12,65058K,"Arctic Air 65058K 21"" Refrigerator Shelf Kit with Four Mounting Clips For AUC48R,AUC48F",1
8.81E+12,65055K,"Arctic Air 65055K 21.63"" Refrigerator Shelf Kit with Four Mounting Clips For AR23,AF23",1
8.81E+12,ABB60,"Arctic Air ABB60 60"" Double Door Solid Back Bar Refrigerator",1
8.81E+12,ABB48,"Arctic Air ABB48 48"" Double Door Solid Back Bar Refrigerator",1
8.81E+12,AMT72R,"Arctic Air AMT72R 72"" Triple Door Mega-Top Sandwich/ Salad Prep Table",1
8.81E+12,AST72R,"Arctic Air AST72R 72"" Triple Door Sandwich/ Salad Prep Table",1
8.81E+12,AST48R,"Arctic Air AST48R 48"" Double Door Sandwich/ Salad Prep Table",1
8.81E+12,APP48R,"Arctic Air APP48R 48"" Single Door Stainless Steel Pizza Prep Table",1
8.81E+12,AUC48F,"Arctic Air AUC48F 48.25"" Double Door Under-Counter Freezer",1
8.81E+12,ARGDM49,"Arctic Air ARGDM49 54"" Double Glass Door Reach-In Merchandiser Freezer",1
8.81E+12,AFGDM23,"Arctic Air AFGDM23 27"" Single Glass Door Reach-In Merchandiser Freezer",1
8.81E+12,AGDF49,"Arctic Air AGDF49 54"" Double Glass Door Reach-In Freezer",1
8.81E+12,AF49,"Arctic Air AF49 54"" Stainless Steel Two-Door Reach-In Freezer",1
8.81E+12,AF23,"Arctic Air AF23 26.75"" Commercial Single Door Reach-In Stainless Steel Freezer",1
8.80E+12,218-1066.0000,"American Dish ADC-66-T R-L 66"" Low-Temp Dish Machine Tall Hood Conveyor",1
8.80E+12,217-1066.0000,"American Dish ADC-66-T L-R Low-Temp Dish Machine 66"" Tall Hood Conveyor",1
8.80E+12,214-0066.0000,"American Dish ADC-66 R-L 66"" High-Temp Conveyor With 5-Wire-No Booster Heater Dish Machine",1
8.80E+12,214-1066.0000,"American Dish ADC-66 R-L Dish Machine 66"" Low-Temp Conveyor With Polymer Rinse Jets",1
8.80E+12,216-0044.0000,"American Dish ADC-44-T R-L Dish Machine 44"" High-Temp Conveyor, Tall Hood Stainless Steel Final Rinse Jets",1
8.80E+12,212-0044.0000,"American Dish ADC-44 R-L 44"" High Temp Conveyor, Stainless Steel Final Rinse Jets Dish Machine",1
8.80E+12,016-0091.0236,American Dish AFB-C Corner Bakery Upright Dish Machine with Single Rack Tall + 1 S/S Sheetpan Rack,1
8.80E+12,016-0090.0024,American Dish AFB_w/ Bakery Rack Single Rack Upright Dish Machine with Single Chemical Alarm,1
8.80E+12,018-1090.0000,"American Dish ET-AF-3-PH-S Single Rack Under Counter Low Temp Dish Machine 37 1/2"" Tall W/ 14""",1
8.80E+12,022-0091.0000,American Dish ET-AF-M-PH Under Counter Low Temp Dish Machine,1
8.80E+12,028-0090.0105,American Dish 5AG-S Double Rack Upright Dish Machine with Low-Temp Pass-Thru and Single Chemical Alarm,1
8.80E+12,011-1090.0003,American Dish AF-ES Energy Star 2-Door Upright Dish Machine with Single Rack Pass-Thru 208V/3Ph,1
8.80E+12,011-1090.0001,"American Dish AF-ES Energy Star, 2-Door Upright Dish Machine with Single Rack Pass-Thru and Single Chemical Alarm",1
8.81E+12,GEMU090,"Ice-O-Matic GEMU090 14.88"" Pearl Ice® Undercounter Pearl/Nugget Ice Machine Head Without Storage Bin, Air Cooled 85 lbs/day, 115v",9
8.98E+12,GR48-HC,Serv-Ware GR48-HC 54” White Powder-Coated Steel Merchandiser Refrigerator with 2 Glass Doors 48 cu. ft.,8
8.98E+12,SP48-18M-HC,"Serv-Ware SP48-18M-HC 48.2” Stainless Steel Mega Top Sandwich Prep Table with 2 Solid Doors, 115v/1ph, 12 cu.ft",8
8.98E+12,SP29-8-HC,Serv-Ware SP29-8-HC 29” Stainless Steel Sandwich Prep Unit with 1 Solid Door and 8 Pan Capacity. 7 cu. ft.,7
8.98E+12,SHPS-12,"Serv-Ware SHPS-12 12” Stainless Steel  Hotplate with 2 Burners, Gas, 25,000 BTU/H",7
8.98E+12,RF1-HC,"Serv-Ware RF1-HC  26.8”  Stainless Steel 1 Solid Door Reach-In Freezer, 115v/1ph,  23 cu. ft.",7
8.98E+12,RR2-HC,"Serv-Ware RR2-HC 53.9” Stainless Steel 2 Door Refrigerator. 115v/1ph, 49 cu. ft",7
8.98E+12,GR23-HC,"Serv-Ware GR23-HC 27” White Powder-Coated Steel Merchandiser Refrigerator with 1 Glass Door, 115v/1ph. 23 cu. ft.",6
8.98E+12,SP48-12-HC,"Serv-Ware SP48-12-HC 48.2” Stainless Steel Sandwich Prep Unit with 2 Solid Doors and 12 pan Capacity, 115v/1ph",6
8.81E+12,37580,"Hamilton Beach 37580 Proctor-Silex® 60-Cup Commercial Rice Warmer, 103W",6
8.98E+12,UCR-48-HC,"Serv-Ware UCR-48-HC 48.2” Stainless Steel Undercounter Refrigerator with 2 Solid Doors, 12 cu. ft.",5
8.98E+12,SP29-12M-HC,"Serv-Ware SP29-12M-HC 28.9” Stainless Steel Mega Top Sandwich Prep Table with 1 Solid Door and 12 Pan Capacity,115v/1ph, 7 cu. ft.",5
8.81E+12,ICEU300HA,"Ice-O-Matic ICEU300HA ICE Series™ 30 3/8"" Undercounter Cube Ice Machine with 97 lb. Bin, 115v",5
9.02E+12,DHP124A35AA,"Amana DHP124A35AA Distinctions 42” Packaged Terminal Air Conditioner Unit with 3.5 kW  Heat Pump and Cooling Capacity of 12000 BTU, R410A, 10.5 EER, 265v",4
8.98E+12,SSSP-1,"Serv-Ware SSSP-1 18” Dual Ring Cast Iron Stock Pot with 1 Burner and 1 Open Front Cabinet, Natural Gas, 110,000 BTU",4
8.95E+12,1018387,Ballarini 1018387 Parma Plus 2.6-qt Aluminum Nonstick Sauté Pan with Lid,4
8.92E+12,C-SP72-30BT-HC,Migali C-SP72-30BT-HC Thirty pans 72” Wide Big Top Sandwich Prep Table Refrigerator,4
8.92E+12,C-U72R-HC,Migali C-U72R-HC Under-Counter/ Work Top 72” Wide Refrigerator,4
8.82E+12,92440,"Libbey 92440 Infinium Series 1.5 oz. Tritan™ Plastic Stackable and BPA Free Shot Glass, Case of 24 Pcs",4
8.82E+12,XDBCPC01-6,"Hospitality 1 Source XDBCPC01-6 Transporter Bellman's Cart — Hammertone; 6"" pneumatic wheels",4
8.82E+12,PV8258XD,"Hospitality 1 Source PV8258XD Presstige 54"" Ironing Board — White w/ Toast Cover Case Pack of 4 Pieces",4
8.82E+12,PH-5S,Bar Maid PH-5S Standard Size Polishing Head Set — Set of 5 for GP-100,4
9.13E+12,DCP093A35AA,"AMANA DCP093A35AA Distinction 42"" PTAC Unit with 3.5 kW Electric Heat Kit and Cooling Capacity of 9,000 BTU, 11.3 EER, White,  230/208V",3
9.13E+12,AHHS09E3XXA,"Hotpoint® AHHS09E3XXA 42"" PTAC Unit with 3.5 kW Electric Heat Kit and Cooling Capacity of 9,000 BTU, R32, 11.3 EER, White, 230/208V",3
8.98E+12,SGF-40L,"Serv-Ware SGF-40L 15.5” Stainless Steel 3 Tube Fryer LPG Gas, 30,000 BTU/H",3
8.92E+12,C-SP36-15BT-HC,Migali C-SP36-15BT-HC Fifteen Pans 36” Wide Big Top Sandwich Prep Table Refrigerator,3
8.92E+12,C-SP60-16-HC,Migali C-SP60-16-HC Sixteen Pans 60” Wide Standard Top Sandwich Prep Table Refrigerator,3
8.82E+12,92410,"Libbey 92410 Infinium Series 12 oz Round Tritan™ Plastic Wine Glass with Stemmed Base For Red and White Wines, Case of 12 Pcs",3
8.82E+12,92408,"Libbey 92408 Infinium Series 20 oz Tritan™ Plastic Round Wine Glass with Stemmed Base and Cooler Style, Case of 12 Pcs",3
8.82E+12,BCBG-EST,Hospitality 1 Source BCBG-EST Bellman's Cart Bumper Guard — Large,3
8.82E+12,XDXP01-DLX,Hospitality 1 Source XDXP01-DLX Deluxe Xduty Express Cart; Hammerton Finish — Bags Included,3
8.82E+12,NP4G8,"Hospitality 1 Source NP4G8 Semi-pneumatic 8"" Wheels — Set of 4; 2 Rigid/2 Swivel",3
8.82E+12,1628BM-WH,"Hospitality 1 Source 1628BM-WH Rubber 28"" x 16"" Bath Mat — White Case Pack of 24 Pieces",3
8.82E+12,GP-3MINI-CE,Bar Maid GP-3MINI-CE 220-240V Glass Polisher with 3 Heads — Polishes 290 glasses/hour,3
8.82E+12,CR-760,"Bar Maid CR-760 Bar Drain 14""L X 5""W X 3""D Tray with Drain Tube — Black",3
8.81E+12,STR1DT-2HS-HC,"True STR1DT-2HS-HC 27 1/2"" Spec Series® Solid Half Door Reach-In Combination Refrigerator / Freezer,115v/1ph",3
8.81E+12,TUC-48-HC-SPEC3,"True TUC-48-HC-SPEC3 48"" SPEC SERIES® Stainless Steel Undercounter Refrigerator with Hydrocarbon Refrigerant, 2 Sections and 2 Doors, 115v/1ph",3
8.81E+12,CIM0526A,"Ice-O-Matic CIM0526A 22"" Elevation Series™ Air Cooled Half Cube Ice Machine Head Without Storage Bin, 555 lb/day, 208/230v/1ph",3
9.13E+12,AJEM12DWH,"AJEM12DWH 26"" Thru-the-Wall High Mount Smart Air Conditioner with WiFi powered by SmartHQ™,Touch Controls, and 12,000 BTU Cooling Capacity,R410A, 9.5 EER, 230/208v/1ph",2
9.13E+12,AJCQ14DWH,"GE AJCQ14DWH 26"" Built-In Thru-the-Wall Smart Air Conditioner with WiFi powered by SmartHQ™, Smart Fan Switch, Touch Controls, and Cooling Capacity of 14000 BTU",2
9.13E+12,AJCQ12DWH,"GE AJCQ12DWH 26"" Thru-the-Wall Smart Air Conditioner with WiFi powered by SmartHQ™, Smart Fan Switch, Touch Controls, and Cooling Capacity of 12,000 BTU, R-410A, 10.5 EER, 230/208v/1ph",2
9.13E+12,AJCQ12AWH,"GE AJCQ12AWH 26"" Thru-the-Wall Smart Air Conditioner with WiFi powered by SmartHQ™, Smart Fan Switch, Touch Controls, and Cooling Capacity of 12,000 BTU, 10.5 EER, R410A, 115v/1ph",2
9.13E+12,AJCM12DWH,"GE AJCM12DWH 26"" Thru-the-Wall Smart Air Conditioner with WiFi powered by SmartHQ™, Smart Fan Switch, Touch Controls, and Cooling Capacity of 12,000 BTU, 10.5 EER, R-410A,230/208v/60/1ph",2
9.13E+12,DCP093A25AA,"AMANA DCP093A25AA Distinction 42"" PTAC Unit with 2.5 kW Electric Heat Kit and Cooling Capacity of 9,000 BTU, 11.3 EER, White,  230/208V",2
9.13E+12,AHES07D3XXA,"Hotpoint® AHES07D3XXA 42"" PTAC Unit with 3.5 kW Electric Heat Kit and Cooling Capacity of 7,000 BTU, R32, 12.1 EER, White, 230/208V",2
9.06E+12,CIM0430FA,"Ice-O-Matic CIM0430FA 30"" Elevation Series™ Stainless Steel Modular Full Cube Ice Machine Head Without Storage Bin, 435 lb Production",2
9.06E+12,ICEU300FA,"Ice-O-Matic ICEU300FA ICE Series™ 30 3/8"" Undercounter Full Cube Ice Machine with 97 lb. Bin, 115v",2
8.95E+12,1018388,Ballarini 1018388 Parma Plus 3.9-qt Aluminum Nonstick Sauté Pan with Lid and Helper Handle,2
8.92E+12,C-RO4-24GL-NG,Migali C-RO4-24GL-NG 48” Four Burner Natural Gas Range with 24” Griddle,2
8.92E+12,C-RO2-24GL-LP,Migali C-RO2-24GL-LP 36” Two Burner Liquid Propane Range with 24” Griddle,2
8.92E+12,C-RO4-LP,Migali C-RO4-LP 24” Four Burner Liquid Propane Gas Range With Oven,2
8.92E+12,C-SPS-1-18,"Migali C-SPS-1-18 Single Burner, 18” Wide, Stock Pot Stove",2
8.92E+12,C-HP-4-24,"Migali C-HP-4-24 Counter-top Four Burners, 24” Wide Hot Plate",2
8.92E+12,C-SP48-18BT-HC,Migali C-SP48-18BT-HC Eighteen Pans 48” Wide Big Top Sandwich Prep Table Refrigerator,2
8.92E+12,C-U48R-HC,Migali C-U48R-HC Under-Counter/ Work Top 48” Wide Refrigerator,2
8.91E+12,18120,"Dexter Russell 18120 Traditional 3 1/2"" Scalloped Sandwich Spreader S2493½SC-PCP",2
8.91E+12,S360-7R-PCP,Dexter Russell S360-7R-PCP 360 Series 7” Santoku knife red handle 36004R,2
8.91E+12,DX7F,"Dexter Russell DX7F DEXTREME® Dual Edge 7"" Flexible Fillet Knife with Sheath - 24911",2
8.82E+12,99103,"Libbey 99103 Infinium Series 16 oz. Tritan™ Plastic Shatter-resistant, Round, and Footed Pilsner Glass, Case of 12 Pcs",2
8.82E+12,92455,"Libbey 92455 Infinium Series 16 oz. Round Tritan™ Plastic Mason Jar with Embossed Measurement Markings,Case of 12 Pcs",2
8.82E+12,92451,"Libbey 92451 Infinium Series 8.5 oz. Round Tritan™ Plastic Champagne Flute with Stemmed Base, Case of 12 Pcs",2
8.82E+12,92432,"Libbey Libbey 92432 Infinium Series 16 oz. Round and BPA-free Tritan™ Plastic Stackable Cooler Glass, Case of 12 Pcs",2
8.82E+12,92403,"Libbey 92403 Infinium Series 10 oz. Tritan™ Plastic Round and Stackable Rocks / Old Fashioned Glass, Case of 12 Pcs",2
8.82E+12,SLTH600,Thunder Group SLTH600 From 100°F to 600°F Mercury-Filled Liquid Oven Thermometer (Card Packaging),2
8.82E+12,ALSAP002,"Thunder Group ALSAP002 Aluminum 10-3/8"" Sauté Pan",2
8.82E+12,ESBSGG-8,"Hospitality 1 Source ESBSGG-8 Estate Series Bellman's Cart — Brushed Stainless Steel - 8"" pneumatic wheels",2
8.82E+12,BLKTBOXBL,Hospitality 1 Source BLKTBOXBL Blanket Box/ Clear Window — Black Case Pack of 20 Pieces,2
8.82E+12,BCBG-STD,Hospitality 1 Source BCBG-STD Bellman's Cart Bumper Guard — Small,2
8.82E+12,LRWSTDNAT,Hospitality 1 Source LRWSTDNAT Standard Wooden Luggage Rack — Natural Case Pack of 4 Pieces,2
8.82E+12,HAN003,Hospitality 1 Source HAN003 Ironing Board Hanger — Black Case Pack of 24 Pieces,2
8.82E+12,HAN001,Hospitality 1 Source HAN001 Ironing Board Hanger — White Case Pack of 12 Pieces,2
8.82E+12,ESSSBB-8,"Hospitality 1 Source ESSSBB-8 Estate Series Bellman's Cart — Stainless Steel - 8"" pneumatic wheels",2
8.82E+12,BCF107TG,"Hospitality 1 Source BCF107TG Contemporary Bellman's Cart — Titanium Gold - 8"" semi-pneumatic wheels",2
8.82E+12,CR-899,"Bar Maid CR-899 Standard White Bowl Scraper — 5.5"" X 3.75""",2
8.82E+12,CR-285PW,Bar Maid CR-285PW Tapered Stainless Steel Medium-Speed Pourers with Poly Wide Cork — Screenless,2
8.82E+12,CP-3000-D,Bar Maid CP-3000-D 120V Cutlery Polisher — 3000 pieces per hour,2
8.81E+12,TVM-48-HC~VM01,"True TVM-48-HC~VM01 47 1/4"" TVM Series Stainless Steel Refrigerated Glass Door Merchandiser with LED Lighting and Swing Door, Black, 115v/1ph",2
8.81E+12,STG3F-3S-HC,"True STG3F-3S-HC 77.75"" Spec Series® Stainless Steel and Aluminum Three Section Reach In Freezer, 3 Solid Doors, 115v/1ph",2
8.81E+12,ICE1506R,"Ice-O-Matic ICE1506R 30"" ICE Series™ Stainless  Steel Remote Cooled Half Dice Cube Ice Machine Head Without Storage Bin, 208/230v/1ph",2
8.81E+12,CIM0836HA,"Ice-O-Matic CIM0836HA  30"" Elevation Series™ Half Cube Ice Machine Head Without Storage Bin, 896 lb/24 hr, 208/230v/1ph",2
8.81E+12,DCM-271BAH,"Hoshizaki DCM-271BAH 16.63” Countertop Ice Maker and Water Dispense Storage Air Cooled, 10 lb.",2
8.81E+12,98250,Hamilton Beach 98250 Rio® Blender Repair Kit,2
8.81E+12,4601DD,"Southbend 4601DD Ultimate Natural Gas Range 60”, 10 Non-Clog Burners, Standard Grates With 2 Standard Oven Base 420000 BTU",2
8.81E+12,20032sb,"Southbend 20032sb 32” Wide Self Contained Refrigerator – 2 – 18” Drawers – 120v, 1ph",2
8.81E+12,P36N-SSS,"Southbend Platinum, P36N-SSS 36”, Spreader, Modular",2
8.81E+12,PE24C-HH,"Southbend Platinum, PE24C-HH Electric Range  24”, 2 12” X 24” Hotplates With Cabinet Base, 10.6 Kw",2
9.14E+12,STB-6500,"LG STB-6500 9.2"" Hospitality TV Pro:Centric® Smart Set Top Box with webOS™ 5.0, SoftAP, DOCSIS 3.0 Cable Modem Upgrade, IP Streaming, and RF Tuning",1
9.13E+12,AJCQ10DWH,"GE AJCQ10DWH 26"" Thru-the-Wall Smart Air Conditioner with WiFi powered by SmartHQ™, Smart Fan Switch,Touch Controls, Cooling Capacity of 10,000 BTU, 10.6 EER, R410A, 230/208v/1ph",1
9.13E+12,AJCQ10AWH,"GE AJCQ10AWH 26"" Thru-the-Wall Smart Air Conditioner with WiFi powered by SmartHQ™, Touch Controls, Smart Fan Switch, and Cooling Capacity of 10,000 BTU, 10.6 EER, R-410A, 115/1ph",1
9.13E+12,AHHS12E3XXA,"Hotpoint® AHHS12E3XXA 42"" PTAC Unit with 3.5 kW Electric Heat Kit and Cooling Capacity of 12,000 BTU, R32, 10.4 EER, White, 230/208V",1
9.13E+12,AHHS09D2XXA,"Hotpoint® AHHS09D2XXA 42"" PTAC Unit with  2.5 kW Electric Heat Kit and Cooling Capacity of 9,000 BTU, R32, 11.3 EER, White, 230/208V",1
9.13E+12,AHHS12D3XXA,"Hotpoint® AHHS12D3XXA 42"" PTAC Unit with 2.5 kW Electric Heat Kit and Cooling Capacity of 12,000 BTU, R32, 11.3 EER, White, 230/208V",1
9.13E+12,AHES09D2XXA,"Hotpoint® AHES09D2XXA 42"" PTAC Unit with 2.5 kW Electric Heat Kit and Cooling Capacity of 9,000 BTU, R32, 11.3 EER, White, 230/208V",1
9.13E+12,AHHS09D3XXA,"Hotpoint® AHHS09D3XXA 42"" PTAC Unit with 3.5 kW Electric Heat Kit and Cooling Capacity of 9,000 BTU. R32, 11.3 EER, White, 230/208V",1
9.13E+12,AHHS07D3XXA,"Hotpoint® AHHS07D3XXA 42"" PTAC Unit with 3.5 kW Electric Heat Kit and Cooling Capacity of 7,000 BTU, R32, 12.0 EER, White, 230/208V",1
9.13E+12,AHES09D3XXA,"Hotpoint® AHES09D3XXA 42"" PTAC Unit with 3.5 kW  Electric Heat Kit and Cooling Capacity of 9,000 BTU, R32, 11.3 EER, White, 230/208V",1
9.06E+12,CIM0320FA,"Ice-O-Matic CIM0320FA 22"" Elevation Series™ Air Cooled Full Cube Ice Machine Head Without Storage Bin 313 lb/24 hr, 115v",1
9.06E+12,CIM0330A,"Ice-O-Matic CIM0330A CIM0330FA 30"" Elevation Series™ Air Cooled Full Cube Ice Machine Head Without Storage Bin, 13 lb/24 hr,  115v",1
8.98E+12,RF3-HC,"Serv-Ware RF3-HC 81” Stainless Steel Reach-In Refrigerator with 3 Solid Doors, 230v/1ph, 72 cu. ft.",1
8.98E+12,1003256,Roomwell Automatic Trash Can Stainless Steel Garbage Can Touchless with Motion Sensor Lid and Infrared Light with AC Power Adapter (Copy),1
8.95E+12,1016114,"Staub 1003256 Cast Iron Loaf Pan, 12.75"" X 5.25”",1
8.95E+12,1016113,"Zwilling 1016114 1 Speed Personal Blender with 20 Oz Tritan® Container, Black, 120 V",1
8.95E+12,1005307,"Zwilling 1016113 1 Speed Personal Blender with 20 Oz Tritan® Container, Silver, 120 V",1
8.95E+12,1018821,Demeyere 1005307 Industry 3-qt Stainless Steel Sauté Pan,1
8.95E+12,1016710,"Zwilling 1018821 10.8 Oz Prédicat Water Glass, 6pc",1
8.95E+12,1016710,Zwilling 1016710 3-qt Stainless Steel Ceramic Nonstick Sauté Pan,1
8.94E+12,PRO-50-4R-G-PT-N,"Turbo Air PRO-50-4R-G-PT-N 51.75” 2 Section Pass-Thru, Top Mount Refrigerator, 50.23 cu. Ft., 115/60/1",1
8.92E+12,2521-PDT,"Forbes Industries 2521-PDT 43"" Birdcage® Luggage Cart Tubular Superstructure Polished Diamond Textured Stainless Steel",1
8.92E+12,C-RO6-24GL-LP,"Migali C-RO6-24GL-LP 60” Six Burner Liquid Propane Range with 24” Griddle, Left side",1
8.92E+12,C-RO10-LP,Migali C-RO10-LP 60” Ten Burner Liquid Propane Range With Oven,1
8.92E+12,C-RO8-NG,Migali C-RO8-NG 48” Eight Burner Natural Gas Range With Oven,1
8.92E+12,C-RO6-NG,Migali C-RO6-NG 36” Six Burner Natural Gas Range With Oven,1
8.92E+12,C-SPS-2-18,"Migali C-SPS-2-18 Two Burner, 18” Wide, Stock Pot Stove",1
8.92E+12,C-HP-6-36,"Migali C-HP-6-36 Counter-top Six Burners, 36” Wide Hot Plate",1
8.92E+12,C-RB36,Migali C-RB36 Counter-top 36” Wide Radiant Broiler,1
8.92E+12,C-CR24,Migali C-CR24 Counter-top 24” Wide Char-Rock Broiler,1
8.92E+12,C-G36,Migali C-G36 Counter-top 36” Wide Manual Griddle W/Manual Controls,1
8.92E+12,C-BB60G-HC,Migali C-BB60G-HC Glass Door Back Bar 60” Wide Refrigerator,1
8.92E+12,C-HBC50-HC,Migali C-HBC50-HC Horizontal 50” Bottle Cooler,1
8.92E+12,C-PP67-HC,Migali C-PP67-HC 67” Double Door Pizza Prep Refrigerator,1
8.92E+12,C-PP44-HC,Migali C-PP44-HC 44” Single Door Pizza Prep Refrigerator,1
8.92E+12,C-SP60-24BT-HC,Migali C-SP60-24BT-HC Twenty Four pans 60” Wide Big Top Sandwich Prep Table Refrigerator,1
8.92E+12,C-SP27-12BT-HC,Migali C-SP27-12BT-HC Twelve Pans 27” Wide Big Top Sandwich Prep Table Refrigerator,1
8.92E+12,C-SP48-12-HC,Migali C-SP48-12-HC Twleve Pans 48” Wide Standard Top Sandwich Prep Table Refrigerator,1
8.92E+12,C-SP27-8-HC,Migali C-SP27-8-HC Eight Pans 27” Standard Top Sandwich Prep Table Refrigerator,1
8.92E+12,C-U60F-HC,Migali C-U60F-HC Under-Counter/ Work Top 60” Wide Freezer,1
8.91E+12,36004R,Dexter Russell 36004R 360 Series 7” Santoku knife red handle S360-7R-PCP,1
8.91E+12,36004C,Dexter Russell 36004C 360 Series 7” Santoku knife blue handle S360-7C-PCP,1
8.91E+12,36000C,Dexter Russell 36000C 360 Series 3½” paring knife blue handle S360-3½C-PCP,1
8.91E+12,18100,"Dexter Russell 18100 Traditional 3 1/2"" Sandwich Spreader S2493½PCP",1
8.91E+12,24913,"Dexter Russell 24913 DEXTREME® Dual Edge 8"" stiff fillet knife with sheath DX8S",1
8.91E+12,24912,"Dexter Russell 24912 DEXTREME® Dual Edge 8"" flexible fillet knife with sheath DX8F",1
8.91E+12,24914,"Dexter Russell 24914 DEXTREME® 24914 Dual Edge 10"" Stiff fillet knife DX10S with sheath DX10S",1
8.91E+12,SG164-6SCB-PCP,Dexter Russell SG164-6SCB-PCP Sofgrip® 6” Scalloped Sandwich Utility Knife 24463B,1
8.91E+12,S360-6N-PCP,Dexter Russell S360-6N-PCP 360 Series 6” narrow boning knife black handle - 36001,1
8.91E+12,DX8S,"Dexter Russell DX8S DEXTREME® Dual Edge 8"" Stiff Fillet Knife with Sheath - 24913",1
8.91E+12,DX8F,"Dexter Russell DX8F DEXTREME® Dual Edge 8"" Flexible Fillet Knife with Sheath - 24912",1
8.91E+12,1674,"Dexter Russell 1674½ Traditional 4 1/2"" Fish Knife - 10030",1
8.83E+12,SF-R5,"CAC China SF-R5 Soufflé Round Fluted AW 8oz 5 1/4"" Case of 36 Pcs",1
8.83E+12,SFB-12,"CAC China SFB-12 Soufflé Bowl Fluted 12 Oz PW 4 1/2"" Case of 12 Pcs",1
8.82E+12,92450,"Libbey Libbey 92450 Infinium Series 16 oz. Round and Stemmed Tritan™ Plastic BPA-free Wine Glass, Case of 12 Pcs",1
8.82E+12,92430,"Libbey 92430 Infinium Series 12 oz. Round and Textured Tritan™ Plastic Stackable Double Rocks / Old Fashioned Glass, Case of 12 Pcs",1
8.82E+12,92429,"Libbey 92429 Infinium Series 10 oz. Round and Textured Tritan™ Plastic Stackable Rocks / Old Fashioned Glass, Case of 12 Pcs",1
8.82E+12,92427,"Libbey 92427 Infinium® Series 16.75 oz Tritan Plastic Steamless Red Wine Glass, Case of 12 Pcs",1
8.82E+12,92421,"Libbey 92421 Infinium Series 16 oz Tritan™ Plastic Hurricane Glass with Round Shape, Short Stem and Large, and Stabilizing Foot, BPA free, 12/Case",1
8.82E+12,92415,"Libbey 92415 Infinium Series 6.5 oz Tritan™ Plastic Round Champagne Flute Glass with Stemmed Base, Case of 12 Pcs",1
8.82E+12,92412,"Libbey 92412 Infinium Series 8 oz Tritan™ Plastic Round and Impact & Shatter-Resistant Martini Glass with Stemmed Base and , Case of 12 Pcs",1
8.82E+12,92408,"Libbey 92408 Infinium Series 20 oz Clear Round Plastic Tritan™ Plastic Tumbler for Iced Tea, Soda, Lemonade, and Iced Coffee, Case of 12 Pcs",1
8.82E+12,92406,"Libbey 92406 Infinium Series 14 oz Tritan™ Plastic Stackable Round and Stackable Beverage Glass, Case of 12",1
8.82E+12,92402,"Libbey 92402 Infinium Series 8 oz. Tritan™ Plastic Round and Capacity Rocks / Old Fashioned Glass, Case of 12 Pcs",1
8.82E+12,917CD,"Libbey 917CD Heavy Base Series 11 oz. Round Customizable Rocks / Old Fashioned Glass with Safedge® Rim, Case of 36 Pcs",1
8.82E+12,SLTHD550,Thunder Group SLTHD550 From 150°F to 550°F Dial Oven Thermometer,1
8.82E+12,SEJ35000C,"Thunder Group SEJ35000C 13 1⁄4 "" dia Stainless Steel 10.5 Qt Electric Soup Warmer,  400W",1
8.82E+12,RTBOARDWALK,"Hospitality 1 Source RTBOARDWALK Boardwalk Series Bellman's Cart — Gold - 8"" pneumatic wheels",1
8.82E+12,RPVDCMTL,Hospitality 1 Source RPVDCMTL Deluxe Coffee Tray — Black Faux Leather Case Pack of 12 Pieces,1
8.82E+12,NCLCBS,Hospitality 1 Source NCLCBS Nestable Compact Luggage Carrier — Brushed Stainless Steel,1
8.82E+12,IBCL4821,"Hospitality 1 Source IBCL4821 Contour Leg 48"" Ironing Board — Black w/ Charcoal Cover Case Pack of 4 Pieces",1
8.82E+12,CLCC-3,Hospitality 1 Source CLCC-3 Coastal Compact Luggage Carrier — Coastal Finish; Rubber Mat Deck,1
8.82E+12,BTBAG-WH,Hospitality 1 Source BTBAG-WH Bath Tissue Bag — Black w/ White Embroidery Case Pack of 10 Pieces,1
8.82E+12,XDXP01,Hospitality 1 Source XDXP01 Xduty Xpress Cart; Hammertone Finish — Black Bag included,1
8.82E+12,XDBCSS-6,"Hospitality 1 Source XDBCSS-6 Transporter Bellman's Cart — Stainless Steel - 6"" pneumatic wheels",1
8.82E+12,UCCRD5RR,"Hospitality 1 Source UCCRD5RR Utility Cart; Coastal Finish — Black rubber mat deck; 5"" wheels",1
8.82E+12,RTBOARDWALK-2A,"Hospitality 1 Source RTBOARDWALK-2A Boardwalk Series Bellman's Cart — Stainless Steel - 8"" pneumatic wheels",1
8.82E+12,PVDS02,Hospitality 1 Source PVDS02 Hinge Buddy Door Stop — Red Case Pack of 25 Pieces,1
8.82E+12,PV1312XD,"Hospitality 1 Source PV1312XD Compact 40"" Ironing Board — White w/ Blue Cover Case Pack of 4 Pieces",1
8.82E+12,PV122150,"Hospitality 1 Source PV122150 Table Top 30"" Ironing Board — Black w/ Charcoal Cover Case Pack of 6 Pieces",1
8.82E+12,PV1209,"Hospitality 1 Source PV1209 Ironing Board Replacement Bungee 30"" Ironing Board Cover — Blue Case Pack of 12 Pieces",1
8.82E+12,LRBRSTD01,Hospitality 1 Source LRBRSTD01 Standard Metal Luggage Rack w/ Backrest — Hammertone Case Pack of 4 Pieces,1
8.82E+12,LHSTD01,Hospitality 1 Source LHSTD01 Laundry Hamper — Hammertone w/ Black Bag,1
8.82E+12,LHBAG,Hospitality 1 Source LHBAG Replacement Laundry Hamper Bag — Black Case Pack of 6 Pieces,1
8.82E+12,BTBAG,Hospitality 1 Source BTBAG Bath Tissue Bag — Black w/ Red Embroidery Case Pack of 10 Pieces,1
8.82E+12,BCF107SS,"Hospitality 1 Source BCF107SS Classic Bellman's Cart — Stainless Steel - 8"" semi-pneumatic wheels",1
8.82E+12,BCBSGG-5,"Hospitality 1 Source BCBSGG-5 All-In-One Transporter Bellman's Cart — 5"" semi-pneumatic wheels",1
8.82E+12,1628BM-EC,"Hospitality 1 Source 1628BM-EC Rubber 28"" x 16"" Bath Mat — Ecru Case Pack of 24 Pieces",1
8.82E+12,WB-OVER21,"Bar Maid WB-OVER21 Wristbands, 3/4""W X 9.5""L Tyvek, Sequentially Numbered — Over 21 (Purple/Black), 500 Bands/Pack",1
8.82E+12,WB-100PU-S,"Bar Maid WB-100PU-S No Tear Wristbands, 3/4""W X 9.5""L Tyvek, Sequentially Numbered — Purple Solid, 500 Bands/Pack",1
8.82E+12,SS-100,Bar Maid SS-100 Submersible 115v Glass Washer — SS-100 Model,1
8.82E+12,GWM-300,"Bar Maid GWM-300 Manual Glass Washer — 8""H X 9-1/2""W, (3) Brushes, Suction Cup Base",1
8.82E+12,FB-TS35,"Bar Maid FB-TS35 Drain Trap Seal — For 3.5"" Drain Pipes",1
8.82E+12,CR-753BLK,"Bar Maid CR-753BLK One Piece Thermoplastic Rubber Bar Rail Mat — Black, 3.25""X24""",1
8.82E+12,"CR-310,","Bar Maid CR-310, Betterway Pourers — Scarlet Red",1
8.82E+12,CR-1277PR,Bar Maid CR-1277PR Paddle Style Bottle Opener — Pink Rubberized,1
8.82E+12,CP-7000,Bar Maid CP-7000 120V Cutlery Polisher — 7000 pieces per hour,1
8.82E+12,BRS-930,Bar Maid BRS-930 Pinned Glass Washer Coffee/Pitcher Brush — Fits All Bar Maid Models,1
8.82E+12,BRS-1722,"Bar Maid BRS-1722 Glass Washer Replacement Brush Set — (4) 6"" BRS-917 & (1) 7-1/2"" BRS-922, fits all Bar Maid models",1
8.82E+12,BRS-1720SL,"Bar Maid BRS-1720SL Glass Washer Replacement Brush Set — (4) 6"" BRS-917SL & (1) 6-3/4"" BRS-920SL",1
8.82E+12,BMP-2125C,Bar Maid BMP-2125C Clear 1 1/4oz Premium No Collar Pourers — Wide Cork,1
8.82E+12,BMP-1100B,Bar Maid BMP-1100B Blue 1oz Premium No Collar Pourers — Flip Top,1
8.81E+12,TWT-72-HC-SPEC3,"True TWT-72-HC-SPEC3 72"" Spec Series® Stainless Steel Worktop Refrigerator with 3 Sections and 3 Doors,115v/1ph",1
8.81E+12,TUC-67D-4-HC-SPEC3,"True TUC-67D-4-HC-SPEC3 67"" SPEC SERIES® Stainless Steel Undercounter Refrigerator with 2 Sections & 4 Drawers, 115v/1ph",1
8.81E+12,TUC-60D-2-HC-SPEC3,"True TUC-60D-2-HC-SPEC3 60"" SPEC SERIES® Stainless Steel Undercounter Refrigerator with Hydrocarbon Refrigerant, 2 Sections,1 Door and 2 Drawers,115v/1ph",1
8.81E+12,TSSU-27-12M-C-HC-SPEC3,"True TSSU-27-12M-C-HC-SPEC3 27"" SPEC SERIES® Stainless Steel Mega-Top Solid Door Sandwich/Salad Unit with Hydrocarbon Refrigerant,115v/1ph",1
8.81E+12,TOAM-30-HC~TSL01,"True TOAM-30-HC~TSL01 30"" Stainless Steel and Aluminum Refrigerated Air Curtain Merchandiser with Sign Panel, Black,115v/1ph",1
8.81E+12,STR3F-3S-HC,"True STR3F-3S-HC 78"" Spec Series® Stainless Steel Three Section Reach In Freezer 3 Solid Door, Silver,115v/1ph",1
8.81E+12,STR1F-1G-HC,"True STR1F-1G-HC 27 1/2"" Spec Series® Stainless Steel One Section Reach In Freezer with1 Glass Door and LED Lighting, 115v/1ph",1
8.81E+12,STA1RRT-1S-1S,"True STA1RRT-1S-1S 35"" Stainless Steel and Aluminum Spec Series® One Section Roll Thru Refrigerator, 2 Right Hinge Solid Door, Silver, 115v/1ph",1
8.81E+12,TUC-48D-2-HC_RH,"True TUC-48D-2-HC_RH 48.38"" Undercounter Refrigerator 33 38°F with Stainless steel door and 2 drawers each,115v/1ph",1
8.81E+12,TSSU-72-12M-B-HC,"True TSSU-72-12M-B-HC 72-3/8” TSSU Series 3 Door Mega Sandwich/Salad Prep Table with Refrigerated Base, 115v/1ph",1
8.81E+12,TFP-72-30M-FGLID-SPEC3,"True TFP-72-30M-FGLID-SPEC3 72"" Spec Series® Stainless Steel Sandwich/Salad Prep Table with Refrigerated Base, 115v/1ph",1
8.81E+12,GDM-23W-HC~TSL01,"True GDM-23W-HC~TSL01 27"" GDM Series Wine Merchandiser with 106 Bottle Capacity and LED Lighting, 115v/1ph",1
8.81E+12,FLM-54F~TSL01,"True FLM-54F~TSL01 53 7/8"" FLM Series Two Section Display Freezer with Swing Doors and Bottom Mount Compressor, Black, 115v/1ph",1
8.81E+12,GDM-49-HC~TSL01,"True GDM-49-HC~TSL01 54"" GDM Series 2 Section Glass Door Merchandiser 2 Left/Right Hinge Doors,White,115v/1ph",1
8.81E+12,GEM1306R,"Ice-O-Matic GEM1306R 21"" Pearl Ice® Remote Cooled Pearl Nugget Ice Machine Head Without Storage Bin, 1350 lb/day, 208/230v",1
8.81E+12,GEM0650R,"Ice-O-Matic GEM0650R 21"" Pearl Ice® Remote Cooled Pearl Nugget Ice Machine Head Without Storage Bin, 115v",1
8.81E+12,GEM0650A,"Ice-O-Matic GEM0650A 21"" Pearl Ice® Air Cooled Pearl Nugget Ice Machine Head Without Storage Bin, 115v",1
8.81E+12,CIM1126R,"Ice-O-Matic CIM1126R 22""  Elevation Series™ Half Cube Ice Machine Head Without Storage Bin, 968 lb/24 hr, 208/230v/1ph",1
8.81E+12,CIM0520A,"Ice-O-Matic CIM0520A  22"" Elevation Series™ Air Cooled Half Cube Ice Machine Head Without Storage Bin, 561 lb/24 hr, 115v",1
8.81E+12,CIM0320A,"Ice-O-Matic CIM0320A 22"" Elevation Series™ Air Cooled Half Cube Ice Machine Head Without Storage Bin 313 lb/24 hr, 115v",1
8.81E+12,UTC960,Hamilton Beach UTC960 Otto™ Pulp Chute for HJE960,1
8.81E+12,SB961,Hamilton Beach SB961 Otto™ Mesh Stainless Strainer,1
8.81E+12,SB1200,Hamilton Beach SB1200 Revolution™ Shaver Blade Kit,1
8.81E+12,HSV1000,"Hamilton Beach HSV1000 Sous Vide Circulator — 120V, 1200W",1
8.81E+12,HMIS21,"Hamilton Beach HMIS21 BigRig™ 21"" Detachable Immersion Blender Shaft",1
8.81E+12,HMIS12,"Hamilton Beach HMIS12 BigRig™ 12"" Detachable Immersion Blender Shaft",1
8.81E+12,HBH455,"Hamilton Beach HBH455 Tango 2.4 hp Bar Blender Tritan™ Jar with 2 Speeds, 48 oz. - 120V",1
8.81E+12,HBF510,"Hamilton Beach HBF510 EXPEDITOR™ Culinary Blender, 48 Oz.",1
8.81E+12,HDB-24-316L,Southbend HDB-24-316L 24” Upright Natural Gas Infrared Single Deck Broiler 52000 Total Btu,1
8.81E+12,HDC-24-316L,Southbend HDC-24-316L Heavy Duty Counterline Natural Gas 24” Charbroiler 316L 80000 Total Btu,1
8.81E+12,HDO-24,Southbend HDO-24 Heavy Duty Open Top Gas Range Counterline 24” 132000 BTU,1
8.81E+12,HDG-60-M,Southbend HDG-60-M Heavy Duty 60” Counterline Gas Griddle 100000 Total Btu,1
8.81E+12,HDG-48-M,Southbend HDG-48-M Heavy Duty 48” Counterline Gas Griddle 80000 Total Btu,1
8.81E+12,HDG-36,Southbend HDG-36 Heavy Duty 36” Counterline Gas Griddle 90000 Total Btu,1
8.81E+12,HDG-24,Southbend HDG-24 Heavy Duty 24” Counterline Griddle 60000 Total Btu,1
8.81E+12,Hdg-18-M,Southbend Hdg-18-M Heavy Duty 18” Griddle Counterline 20000 Total Btu,1
8.81E+12,HDG-24V,Southbend HDG-24V Heavy Duty 24” Counterline Gas Griddle 60000 Total Btu,1
8.81E+12,75Lb,Southbend 75Lb Portable Fryer Filter System – 220/240v,1
8.81E+12,H4366A,"Southbend H4366A Ultimate Gas And Electric Hybrid Restaurant Range 36”, 5 Burners, Electric Convection Oven 179000 BTU",1
8.81E+12,4241C,"Southbend 4241C Ultimate Natural Gas Range 24”, 4 Non-Clog Burners With Cabinet Base 132000 BTU",1
8.81E+12,P60-Cm,"Southbend P60-Cm 60” Infrared Cheesemelter – Natural Gas, 60000 Total Btu",1
8.81E+12,P36-Cm,"Southbend P36-Cm 36” Infrared Cheesemelter – Natural Gas, 40000 Total Btu",1
8.81E+12,P32-Cm,"Southbend P32-Cm 32” Infrared Cheesemelter – Natural Gas, 40000 Total Btu",1
8.81E+12,P24-Cm,"Southbend P24-Cm 24” Infrared Cheesemelter – Natural Gas, 20000 Total Btu",1
8.81E+12,P32-NFR,Southbend P32-NFR 32” Natural Gas Infrared Salamander Broiler 40000 Total Btu,1
8.81E+12,30120sb,"Southbend 30120sb 120” Wide Self Contained Freezer With 4 – 18” And 4 – 26” Drawers – 120v, 1ph",1
8.81E+12,30096sb,"Southbend 30096sb 96” Wide Self Contained Freezer With 2 – 18” And 4 – 26” Drawers – 120v, 1ph",1
8.81E+12,20036sb,"Southbend 20036sb 36” Wide Self Contained Refrigerator With 2 – 18” Drawers – 120v, 1ph",1
8.81E+12,P36N-PPC,"Southbend Platinum, P36N-PPC Gas Range , 36” 24” Plancha Charbroiler, Modular – Natural Gas, 96000 Total Btu",1
8.81E+12,P36C-BCC,"Southbend Platinum, P36C-BCC Gas Range ,  36”, 2 Non-Clog Burners, 24” Charbroiler Cabinet Base 134000 Total Btu",1
8.81E+12,P36A-BBG,"Southbend Platinum, P36A-BBG Gas Range , 36”, 4 Non-Clog Burners, 12” Manual Griddle With Convection Oven 217000 Total Btu",1
8.81E+12,P36N-BBG,"Southbend Platinum, P36N-BBG Gas Range , 36”, 4 Non-Clog Burners, 12” Manual Griddle, Modular 172000 Total BTU",1
8.81E+12,P36D-BGG,"Southbend Platinum, P36D-BGG Gas Range 36”, 2 Non-Clog Burners, 24” Manual Griddle, Standard Oven Base 179000 Total Btu",1
8.81E+12,P36N-BGG,"Southbend Platinum, P36N-BGG Gas Range , 36”, 2 Non-Clog Burners, 24” Manual Griddle, Modular 134000 Total Btu",1
8.81E+12,P36D-BBH,"Southbend Platinum, P36D-BBH Gas Range , 36”, 4 Non-Clog Burners, Hot Top, Standard Oven Base 217000 Total Btu",1
8.81E+12,P32D-HC,"Southbend Platinum, P32D-HC Gas Range , 32”, Hot Top Charbroiler With Standard Oven Base 125000 BTU",1
8.81E+12,P32N-XH,"Southbend Platinum, P32N-XH Gas Range , 32”, 2 Pyromax Burners-Hot Top, Modular – Natural Gas, 130000 Total Btu",1
8.81E+12,PE12C-T,"Southbend Platinum, PE12C-T Electric Range 12”, 1 12” X 24” Griddle With Cabinet Base",1
8.81E+12,PE12N-T,"Southbend Platinum, PE12N-T Electric, 12”, 1 12” X 24” Griddle 5.3 KW",1
8.81E+12,P32A-GG,"Southbend Platinum, P32A-GG Natural Gas, 32” Manual Griddle With Convection Oven 125000 Total Btu",1
8.81E+12,P16N-T,"Southbend Platinum, P16N-T Gas, 16” Thermostatic Natural Gas Griddle 40000 Total Btu",1
8.81E+12,P16N-G,"Southbend Platinum, P16N-G Gas, 16” Manual Griddle With Natural Gas 40000 Total Btu",1
8.81E+12,P36A-CCC,"Southbend Platinum, P36A-CCC Gas Range , 36” Charbroiler With Convection Oven 141000 Total Btu",1
8.81E+12,P36d-CCC,"Southbend Platinum, P36d-CCC Gas Range , 36” Charbroiler With Standard Oven Base 141000 Total Btu",1
8.81E+12,P24C-CC,"Southbend Platinum, P24C-CC Gas Range  24” Charbroiler With Cabinet Base 64000 BTU",1
8.81E+12,P12C-B-SU,Southbend Platinum P12C-B-SU Gas Range 12” 2 Non-Clog Burners With Cabinet Base 70000 BTU,1
8.81E+12,64908K,Arctic Air 64908K 72” Two Tier Stainless Steel Overshelf For AST/AMT72,1
8.81E+12,64907K,Arctic Air 64907K 60” Two Tier Stainless Steel Overshelf For AST/AMT60,1
9.07E+12,WKF-49B,"Reach-In Freezer, 54"", 2 Solid Door, 49 Cu. Ft., Stainless Steel, 6-Year Warranty",155
9.07E+12,WKR-23B,"Reach-In Refrigerator, 27"", Solid Door, 23 Cu. Ft., Stainless Steel, Commercial, 6-Year Warranty",139
9.07E+12,WKF-23B,"Reach-In Freezer, 27"", Solid Door, 23 Cu. Ft., Stainless Steel, 6-Year Warranty",122
9.07E+12,WKR-49B,"Reach-In Refrigerator, 54"", 2 Solid Doors, 49 Cu. Ft., Stainless Steel, 6-Year Warranty",120
9.07E+12,WKSR-48B,"Sandwich Prep Table Refrigerator, 48"", 2 Doors, 12 Pans, 12.9 Cu. Ft., Stainless Steel, 6-Year Warranty",88
9.07E+12,WKSR-48BM,"Sandwich Prep Table Refrigerator, 48"", 2 Doors, 18 Pans, 48 Cu. Ft., Stainless Steel, 6-Year Warranty",62
9.07E+12,B-275,"Ice Storage Bin, 230 lb Capacity, 22"", Stainless Steel, 6-Year Warranty",58
9.07E+12,WKSR-27BM,"Sandwich Prep Table Refrigerator, 27"", 1 Door, 12 Pans, 7.4 Cu. Ft., Stainless Steel, 6-Year Warranty",58
9.07E+12,WKF-82B,"Reach-In Freezer, 82"", 3 Doors, 72 Cu. Ft., Stainless Steel, 6-Year Warranty",56
9.07E+12,WKR-82B,"Reach-In Refrigerator, 82"", 3 Solid Doors, 72 Cu. Ft., Stainless Steel, 6-Year Warranty",51
9.07E+12,WKSR-72BM,"Sandwich Prep Table Refrigerator, 72"", 3 Doors, 30 Pans, 20 Cu. Ft., Stainless Steel, 6-Year Warranty",45
9.07E+12,WKSR-72B,"Sandwich Prep Table Refrigerator, 72"", 3 Doors, 18 Pans, 20 Cu. Ft., Stainless Steel, 6-Year Warranty",45
9.07E+12,WKR-48G,"2 Door Reach-in Merchandiser, 48"", Stainless Steel, 6 Shelves, 36 Cu.ft, 115v, 33°F to 40°F",44
9.07E+12,WKR-82BG,"Reach-In Refrigerator, 82"", 3 Glass Doors, 72 Cu. Ft., Stainless Steel, 6-Year Warranty",42
9.07E+12,WK-48RF,"Reach In Refrigerator and Freezer Combo, 2 Door Commercial, Stainless Steel, 48"", 36 Cu.ft, 115v",40
9.07E+12,WK-72R,"Reach-In Refrigerator, 72"", 3 Doors, 54 Cu. Ft., Stainless Steel, 6-Year Warranty",39
9.07E+12,WKR-49BG,"Reach-In Refrigerator, 54"", 2 Glass Doors, 49 Cu. Ft., Stainless Steel, 6-Year Warranty",38
9.07E+12,WK-72RF,"Reach In Refrigerator and Freezer Combo, 3 Door Commercial, Stainless Steel, 72"", 54 Cu.ft, 115v, 33°F to 41°F",36
9.07E+12,WKSR-27B,"Sandwich Prep Table Refrigerator, 27"", 1 Door, 8 Pans, 7.4 Cu. Ft., Stainless Steel, 6-Year Warranty",33
9.07E+12,SK-329,"Modular Ice Machine, 350 lbs/Day, 275 lb Bin, 22"", Air-Cooled, Stainless Steel, 6-Year Warranty",32
9.07E+12,SK-529,"Modular Ice Machine, 500 lbs/Day, 375 lb Bin, 29"", Air-Cooled, Stainless Steel, 6-Year Warranty",31
9.07E+12,WKSR-60BM,"Sandwich Prep Table Refrigerator, 60"", 3 Doors, 24 Pans, 16.4 Cu. Ft., Stainless Steel, 6-Year Warranty",31
9.07E+12,WKSR-60B,"Sandwich Prep Table Refrigerator, 60"", 2 Doors, 16 Pans, 16.4 Cu. Ft., Stainless Steel, 3-Year Warranty",31
9.07E+12,RGR36,"Gas Range 36"", 6 Burners, Oven, 211,000 BTU Commercial",29
9.07E+12,WK-72F,"Reach-In Freezer, 72"", 3 Doors, 54 Cu. Ft., Stainless Steel, 6-Year Warranty",28
9.07E+12,WK-48R,"Reach-In Refrigerator, 48"", 2 Doors, 36 Cu. Ft., Stainless Steel, 6-Year Warranty",28
9.07E+12,WKR-23BG,"Reach-In Refrigerator, 27"", Glass Door, 23 Cu.Ft., Stainless Steel, 6-Year Warranty",27
9.07E+12,GF90,"Gas Fryer 50 lb. Natural Gas, 90,000 BTU, Stainless Steel, Commercial, 2-Year Warranty",26
9.07E+12,WK-48F,"Reach-In Freezer, 48"", 2 Doors, 36 Cu. Ft., Stainless Steel, 6-Year Warranty",26
9.07E+12,WKTR-48B,"Undercounter Refrigerator, 48"", 2 Door, Stainless Steel, 12 Cu.ft, 6-Year Warranty",20
9.07E+12,EGG48S,"Gas Griddle with 4 Burners, 47.4"", 120,000 BTU Commercial",18
9.07E+12,WKTR-60B,"Undercounter Refrigerator, 60"", 2 Doors, 14.8 Cu. Ft., Stainless Steel, 6-Year Warranty",18
9.07E+12,WKTF-27B,"Undercounter Freezer, 28"", Single Door, 6.4 Cu. Ft., Stainless Steel, 6-Year Warranty",18
9.07E+12,GF150,"Gas Fryer 70-100 lb., Natural Gas, Floor Model, Single Tank, 150,000 BTU, Stainless Steel, 2-Year Warranty",17
9.07E+12,LD3-2Z-C4,"Refrigerated Air Curtain Black Merchandiser, Single Door Commercial, 46"", 24 Cu.ft, 115v, 33°F to 39°F",17
9.07E+12,WKTR-72B,"Undercounter Refrigerator, 72"", 3 Doors, 17.7 Cu. Ft., Stainless Steel, 6-Year Warranty",17
9.07E+12,ECB-24S,"Gas Charbroiler with 2 Burners, 23.8"", 60,000 BTU Commercial",16
9.07E+12,WKTR-27B,"Undercounter Refrigerator, 28"", Stainless Steel, 6.3 Cu. Ft. 6-Year Warranty",15
9.07E+12,WKTF-72B,"Undercounter Freezer, 72"", 3 Doors, 17.7 Cu. Ft., Stainless Steel, 6-Year Warranty",14
9.07E+12,WKTF-48B,"Undercounter Freezer, 48"", 2 Doors, 12 Cu. Ft., Stainless Steel, 6-Year Warranty",14
9.07E+12,EHP-4S,"24"" Natural Gas Countertop Range / Hot Plate, 4 Burners, 100,000 BTU, 2-Year Warranty",13
9.07E+12,LD3-2Z-C3,"Refrigerated Air Curtain Black Merchandiser, Single Door Commercial, 45.7"", 20.3 Cu.ft, 33°F to 39°F",12
9.07E+12,WKTF-60B,"Undercounter Freezer, 60"", 2 Doors, 14.8 Cu. Ft., Stainless Steel, 6-Year Warranty",12
9.07E+12,RGR24,"Gas Range 24"", 4 Burners, Oven, 151,000 BTU Commercial",10
9.07E+12,EGG24S,"Gas Griddle with 2 Burners, 23.8"", 60,000 BTU Commercial",9
9.07E+12,EGG16S,"Gas Griddle with Single Burner, 15.9"", 30,000 BTU Commercial",9
9.07E+12,EHP-2S,"12"" Natural Gas Countertop Range / Hot Plate, 2 Burners, 50,000 BTU, 2-Year Warranty",8
9.07E+12,LD3-2Z-C1,"Single Door Refrigerated Air Curtain Black Merchandiser, 28”, 16.6 Cu.ft, 115v, 33°F to 39°F",8
9.07E+12,ECB-16S,"Gas Charbroiler with Single Burner, 15.9"", 30,000 BTU Commercial",7
9.07E+12,GF120,"Gas Fryer 50 lb. Natural Gas, 120,000 BTU, Stainless Steel, Commercial, 2-Year Warranty",7
9.07E+12,LD3-2Z-C2,"Refrigerated Air Curtain Black Merchandiser, Single Door Commercial, 35.4"", 115v, 33°F to 39°F",6
8.96E+12,KF-49,"Stainless Steel Reach-in Commercial Freezer, 54’’, 49 Cu.Ft Capacity",6
8.92E+12,C-SP36-10-HC,Migali C-SP36-10-HC Ten Pan 36” Wide Standard Top Sandwich Prep Table Refrigerator,6
8.96E+12,KSR-72,"Refrigerated Sandwich/Salad Prep Table With 18 Pans, Stainless Steel, 72’’, 20.33 Cu.Ft.",5
8.96E+12,IM280,"Commercial Air Cooled Ice Machine With Bin, 26‘’, 110 V, 320 lb.",5
8.81E+12,920.139,"Wundermaxx Glück Stainless Steel Roll Top Square Chafing Dish,  L 64 x W 49.5 x H 44 cm,  Capacity 9 Litres",4
9.20E+12,CDD-4,"Coldline 90"" Commercial Bar Kegerator Beer Dispenser - 4 Keg Capacity, Digital Control",3
8.96E+12,KSR-60,"Refrigerated Sandwich/Salad Prep Table With 16 Pans, Stainless Steel, 60’’, 16.81 Cu.Ft.",3
8.83E+12,ruc-7om,Roomwell UK Combo Of 3.3 CuFt Refrigerator & 0.7 Cuft Microwave,3
8.81E+12,920.135,"Wundermaxx Stainless Steel Induction Heater, Ø 18.5 x H 7.5 cm",3
8.81E+12,920.137,"Wundermaxx Glück Stainless Steel Roll Top Round Chafing Dish, L 47.5 x W52 x 46.5 cm",3
9.20E+12,CDD-1,"Coldline 24"" Commercial Bar Direct Draw Beer Dispenser, 6.5 cu.ft, 5-Year Compressor Warranty",2
9.20E+12,DCGM48,"Dukers 48"" Restaurant Gas Griddle - 4 Burner, 120,000 BTU, Stainless Steel, 1-Year Warranty",2
9.20E+12,DCRB36,"Dukers 36"" Restaurant Charbroiler Grill,– 3 Burners, 105,000 BTU, Stainless Steel, 1-Year Warranty",2
8.96E+12,KSR-48,"Refrigerated Sandwich/Salad Prep Table With 12 Pans, Stainless Steel, 48’’, 13.01 Cu.Ft.",2
8.83E+12,11223344,Roomwell UK Combo 1.7 CuFt Refrigerator & 0.7 CuFt Microwave,2
8.83E+12,201158,"Soft Top Round Banquet Table Ø 150 x H 75 cm, All-Round HPL Edge, MDF Top covered with Non-Slip Material, Black Metal Folding Legs",2
8.81E+12,920.115,"Wundermaxx Glück Stainless Steel Square Induction Chafing Dish With Glass Lid, L41 x W 45.5 x H 21 cm,  Capacity 6 Litres",2
8.81E+12,920.119,Wundermaxx Prämie Stainless Steel Chafing Dish Stand for 1/2 Size Induction Chafing Dish,2
8.81E+12,920.121,"Wundermaxx Prämie Stainless Steel Chafing Dish Stand for Round Induction Chafing Dish 4 Litres,  L 37.7 x W 37.7 x H 23 cm",2
9.25E+12,UUD24-48,"Commercial Bar Kegerator Beer Dispenser, 48"", 2 Taps, Stainless Steel, 1-Year Compressor Warranty",1
9.20E+12,DKB48-M2,"Dukers 48"" Commercial Bar Kegerator Beer Dispenser, Dual Tap, 11.23 cu.ft, 5-Year Compressor Warranty",1
9.20E+12,DCGM60,"Dukers 60"" Restaurant Gas Griddle - 5 Burner, 150,000 BTU, Stainless Steel, 1-Year Warranty",1
9.20E+12,DCGM24,"Dukers 24"" Restaurant Gas Griddle - 2 Burner, 60,000 BTU, Stainless Steel, 1-Year Warranty",1
9.20E+12,DCGMA24,"Dukers 24"" Restaurant Gas Griddle - 2 Burners, 60,000 BTU, Stainless Steel, 1-Year Warranty",1
9.20E+12,DCRB48,"Dukers 48"" Restaurant Charbroiler Grill – 4 Burners, 140,000 BTU, Stainless Steel, 1-Year Warranty",1
